Time_h,VPP1_PV_kW,VPP2_PV_kW,VPP3_PV_kW,VPP4_PV_kW,VPP5_PV_kW,VPP6_PV_kW,VPP7_PV_kW,VPP8_PV_kW,VPP9_PV_kW,VPP1_Wind_kW,VPP2_Wind_kW,VPP3_Wind_kW,VPP4_Wind_kW,VPP5_Wind_kW,VPP6_Wind_kW,VPP7_Wind_kW,VPP8_Wind_kW,VPP9_Wind_kW,VPP1_Gas_kW,VPP2_Gas_kW,VPP3_Gas_kW,VPP4_Gas_kW,VPP5_Gas_kW,VPP6_Gas_kW,VPP7_Gas_kW,VPP8_Gas_kW,VPP9_Gas_kW,VPP1_Bat_kW,VPP2_Bat_kW,VPP3_Bat_kW,VPP4_Bat_kW,VPP5_Bat_kW,VPP6_Bat_kW,VPP7_Bat_kW,VPP8_Bat_kW,VPP9_Bat_kW,VPP1_Load_kW,VPP2_Load_kW,VPP3_Load_kW,VPP4_Load_kW,VPP5_Load_kW,VPP6_Load_kW,VPP7_Load_kW,VPP8_Load_kW,VPP9_Load_kW,VPP1_Shed_kW,VPP2_Shed_kW,VPP3_Shed_kW,VPP4_Shed_kW,VPP5_Shed_kW,VPP6_Shed_kW,VPP7_Shed_kW,VPP8_Shed_kW,VPP9_Shed_kW,VPP1_Curtail_kW,VPP2_Curtail_kW,VPP3_Curtail_kW,VPP4_Curtail_kW,VPP5_Curtail_kW,VPP6_Curtail_kW,VPP7_Curtail_kW,VPP8_Curtail_kW,VPP9_Curtail_kW,VPP1_SOC,VPP2_SOC,VPP3_SOC,VPP4_SOC,VPP5_SOC,VPP6_SOC,VPP7_SOC,VPP8_SOC,VPP9_SOC,VPP1_Freq_Hz,VPP2_Freq_Hz,VPP3_Freq_Hz,VPP4_Freq_Hz,VPP5_Freq_Hz,VPP6_Freq_Hz,VPP7_Freq_Hz,VPP8_Freq_Hz,VPP9_Freq_Hz
0,1.17438178438372,0.935045712957074,1.12374856791545,0.396759164140218,0.287806702326861,0.354808875200281,0.490983037443231,0.399640046902239,0.426127601788966,36.9949431223172,73.6007885689273,33.9205260170171,146.735596347976,136.699132904809,236.169103924779,92.7831882095635,69.3306216105006,47.3896450976648,40,45,50,55,50,45,60,55,50,-40.8425019320522,-54.5189854223454,-42.2876915117198,-63.0504466122745,-65.8042249245582,-62.8282606260661,-58.4993662329506,-54.5790694741716,-51.0425656267878,163.478260869565,143.04347826087,153.260869565217,183.913043478261,163.478260869565,173.695652173913,153.260869565217,143.04347826087,132.826086956522,50.948044267051,37.2599545346622,49.8348502717353,29.7549234121603,28.0069102844948,32.0295764670334,35.3295927895377,38.2568385841972,41.1066867824785,38.1693249067009,22.4437450430288,35.0442745849326,15.0762111661629,14.2886359043321,19.2604176593037,23.1564717635819,25.989446260352,27.9786473978635,0.509393775444372,0.564330704739588,0.530238072681785,0.611601282176658,0.593453308206799,0.562042083286663,0.542814146889123,0.582553185979059,0.560920734971313,50.0000000000012,49.9999999999995,50.0000000000001,50,50.0000000000006,50.0320966647088,50.0000000000007,49.999999999997,50
0.1,0,0,0,0,0,0,0,0,0,23.7673840545141,47.2847924876933,21.7922262108099,94.2702158330026,87.8222945478111,151.726731305732,59.6085162420121,44.5414257053127,30.4454555185912,70,73,75,71.0480047577022,67.4262131440785,46.827737747692,71.8751818158113,73.3937667327851,74.757589588219,-9.09861644026198,-19.8360384028568,-10.909813109432,-22.1295533763439,-25.7320194897791,-39.5817251636256,-21.2799280930629,-19.7744150948815,-18.4303781171995,155.965217391304,136.469565217391,146.217391304348,175.460869565217,155.965217391304,165.713043478261,146.217391304348,136.469565217391,126.721739130435,33.4240213940024,22.6525035458263,31.2559856833548,19.3496128974093,14.8488172628982,0,19.3036416147092,21.7149436852347,23.7149629387335,23.7673840545141,12.998185700066,21.7922262108099,12.9225894536096,11.5999119319257,0,16.7099797286457,16.5938441887355,16.234109201241,0.511486457225632,0.569544749119767,0.532879395855647,0.615673119997906,0.59871407663582,0.569628580609691,0.547475464471412,0.587101301450882,0.564863978661504,50.0000000000007,49.9999999999975,50,50,50.0000000000022,50.0138015658249,50.0000000000016,49.9999999999984,49.9999999999997
0.2,1.62069855637334,1.31838488930412,1.41918686863682,0.54354294376353,0.400850544452105,0.466405682819104,0.668851134135718,0.524593621978608,0.57901680758808,14.7550498595269,29.3549121414895,13.5288504428202,58.5239726717059,54.5210331881224,94.1936007893948,37.0056135410604,27.6518002818018,18.9008690709276,73.1313835355598,64.9074319624105,70.7693132044755,67.1414564151012,63.0825845487373,52.233303918742,64.9099911284272,65.1439724479886,65.191188016274,34.7175979924987,26.4954751437651,32.3565779473928,28.7255349230357,24.6626120909217,17.0294231242386,26.486581091932,26.7228141137433,26.7738037364131,157.310144927536,137.646376811594,147.478260869565,176.973913043478,157.310144927536,167.142028985507,147.478260869565,137.646376811594,127.814492753623,16.7096665678623,8.48786290922841,14.4562950980936,11.027655348428,7.24156992039795,0,9.06482107012358,9.02388154808892,8.87257231176211,16.3757484159003,7.08230975856829,14.948037311457,11.0117507318907,7.40149462991267,0,9.34240290393936,8.57931480115149,7.49704281002777,0.502052327336366,0.561316340690027,0.523624081797469,0.609428438492898,0.592756923956853,0.565772280083369,0.540620759219877,0.579839667180843,0.558096080851491,50.0000000000004,49.9999999999965,50.0000000000011,49.9999999999968,49.9999999999994,50.0058276844223,50.0000000000008,50.0000000000003,49.9999999999996
0.3,3.91763930246963,3.34795750059223,3.60740789454633,1.2859932241175,0.931093301549146,1.15367591173744,1.67372283984618,1.28386007201956,1.37251750986009,14.2931867058721,28.436043521864,13.1053698317526,56.6920529669336,52.814413653216,91.2451489760241,35.8472623639567,26.7862425368958,18.3092333205218,73.5764008050609,65.9632509290727,71.4407717042821,69.5456853081341,65.6870982277009,57.3071364902441,66.9916241208865,66.8166759850829,66.4775940035344,38.6154600089386,31.0031898230566,36.4702455973439,34.5853912535868,30.7284318579429,24.0315324425601,32.0293398904548,31.8511840338068,31.5050953008607,165.101449275362,144.463768115942,154.782608695652,185.739130434783,165.101449275362,175.420289855072,154.782608695652,144.463768115942,134.144927536232,16.4879364437471,8.87477284158358,14.1174866534699,11.7720268484245,7.30807904321756,0,8.60721004895154,9.03537461986904,9.15340169311661,18.2108260083417,6.83855349929835,16.0413270120154,11.8579808328504,7.63233319365182,0,9.63344944024768,8.6904308659838,7.32708570840828,0.491558995812198,0.551688020869202,0.513192089349716,0.601909875176901,0.585334597421118,0.560330356975905,0.532331592581561,0.571184454128178,0.550132204385146,49.9999999999999,49.9999999999981,49.9999999999998,49.9999999999982,50.0000000000004,50.0023529101997,50.0000000000033,49.9999999999994,49.9999999999998
0.4,0,0,0,0,0,0,0,0,0,11.5238538871217,22.9265045939103,10.5661788504983,45.7078570647584,42.5815179356486,73.5662232884963,28.9017853216624,21.5963557695203,14.7617836324933,78.1337499510877,70.0805592521448,75.6060099597972,74.3529369730152,69.9401929174816,63.6909510552929,70.8532564477621,70.2682073572543,69.5609707677577,48.3300145207331,40.2795285004306,45.8039631627187,44.5463447957453,40.1276566508679,34.885078553556,41.0355465586375,40.4536858458264,39.7519729594492,162.968115942029,142.597101449275,152.782608695652,183.339130434783,162.968115942029,173.153623188406,152.782608695652,142.597101449275,132.411594202899,13.4566436989789,5.40630682920904,10.9535544866573,9.73754004670123,5.37166116309698,0,6.2795962915151,5.64490589289127,4.90206085024384,11.5238538871217,3.90420227633034,9.85290222403265,8.99445155401445,4.94708726968657,0,5.71242408386525,4.63394656675919,3.43480599937711,0.478425839692434,0.539178850527453,0.50009026922308,0.592225887177826,0.575641926732503,0.552430656216495,0.521711627116075,0.560191604713552,0.540083677347874,50.000000000001,50,49.9999999999959,49.9999999999989,49.9999999999984,50.0008393316695,50.0000000000042,49.999999999994,50.0000000000021
0.5,0,0,0,0,0,0,0,0,0,8.36886579721602,16.6497112880016,7.67338198274299,33.194010042142,30.9235966141009,53.4253432870649,20.9890862055483,15.6837291512371,10.7203186848747,81.7967139097129,74.7612493242651,79.6401065860667,80.6436499456101,75.7665600937458,71.3890642012258,75.6397733101244,74.6565544271232,73.2555721955439,55.9005384515901,48.8762683589085,53.7484016161255,54.746265624935,49.8604219906073,46.1931822906124,49.7272285838852,48.7468542055269,47.3429496994527,161.623188405797,141.420289855072,151.521739130435,181.826086956522,161.623188405797,171.724637681159,151.521739130435,141.420289855072,131.31884057971,7.18820445392364,0,4.31928212485604,5.8157349919256,2.05283529891806,0,2.29508057756167,0.876093957349331,0,8.36886579721602,1.13306085651811,6.1405668416437,7.42642636499066,3.01977440506159,0,2.87057045407764,1.45705814152002,0,0.463235475982763,0.5239998851986,0.484716012467895,0.580324525085449,0.563598346541535,0.541970243560106,0.508842261540535,0.546945176940311,0.528116298758528,50.0000000000018,49.9999999999909,50.000000000005,50.0000000000038,49.9999999999981,50.0001806498673,50.0000000000024,50.0000000000062,50.0000000000011
0.6,4.21805878263376,3.57634374717048,3.99902707043698,1.42656214498716,1.07074087844329,1.28928729675502,1.79531849315184,1.42247845455521,1.56079225638994,7.89823058983888,15.7133908218036,7.24185830818084,31.3272971352319,29.1845636724846,50.4208922507647,19.8087347483304,14.8017320801412,10.1174461416104,79.3415355627589,73.6932739800024,78.1503871854014,80.5253227658202,76.2399566656776,72.4905750640992,75.2572524112945,74.2350940022802,72.8398130261928,53.0015226100614,47.3384157328271,51.8132700528446,54.1850325050144,49.8952100472161,46.7287429521244,48.9067886889013,47.8860595653492,46.494974073444,162.411594202899,142.110144927536,152.260869565217,182.713043478261,162.411594202899,172.56231884058,152.260869565217,142.110144927536,131.959420289855,5.8359572751798,0,3.3124575155045,5.35787248411164,1.7585942085834,0,1.47949815655274,0.569569717835945,0,12.1162893724726,1.78872064861177,7.74386944140409,9.89095646066171,4.26252874030591,1.04570323951478,5.01327706956661,3.19521111436314,0.946394792580351,0.448832888316985,0.509298513853001,0.469895283047745,0.568545170193054,0.551546363438343,0.531388553580005,0.496185225130364,0.533932660754074,0.51636327194522,49.9999999999976,49.9999999999964,50.0000000000053,50.0000000000078,50.0000000000023,49.9998946189212,50.000000000002,50.0000000000054,50.0000000000007
0.7,2.14043986180957,1.74322306866569,1.90955172495462,0.698503504502878,0.534009886076697,0.644515446998123,0.890767043465338,0.710959702885797,0.771858061854291,6.73017277911422,13.3895603545101,6.17087043756658,26.6943488195957,24.8685010857462,42.9642199812845,16.8792498364658,12.6127254954631,8.6211917773104,80.6567016509981,74.4523321527173,78.4804948856168,81.339507364959,76.8713636818912,74.3356511745057,75.9895837649145,74.6535183349007,73.2161508870727,57.6096362450752,51.40824002823,55.4363633055356,58.2923324357567,53.8195804128126,51.8087091257498,52.9322356338399,51.5978077417531,50.1644712778564,163.617391304348,143.165217391304,153.391304347826,184.069565217391,163.617391304348,173.84347826087,153.391304347826,143.165217391304,132.939130434783,7.60982811727514,1.40849109604916,5.4363961728595,8.29252582639013,3.81986677712769,1.80891460033449,2.93244839144087,1.59806098873221,0.165458428012809,8.87061264092378,0.763370753020169,5.95762784229421,8.75234724462585,3.7040694255426,1.75260986680845,3.76701961441914,1.99214509724404,0,0.433178095859084,0.493333221918768,0.454038199722363,0.555872924011368,0.538546464787905,0.519656508941022,0.482486406384546,0.519911517345989,0.503682667476601,49.9999999999957,50.0000000000188,50.0000000000097,49.9999999999967,49.9999999999894,49.9997710234389,49.9999999999799,49.9999999999926,49.9999999999994
0.8,0,0,0,0,0,0,0,0,0,11.2619582525825,22.4054678359643,10.3260477153926,44.669082333088,41.6137936162815,71.8943283723063,28.244951984458,21.1055484967628,14.4263015334289,77.4206245883842,69.5222727815182,74.9693090708285,73.8479339115068,69.5740091405813,64.0491843813437,70.4474489503914,69.7858337700354,69.0239609297364,46.782010109917,38.886378459114,44.3325490048472,43.2068483076886,38.9271807291415,33.8995656043711,39.7954414023336,39.1367895689954,38.3801713848348,160.324637681159,140.284057971015,150.304347826087,180.365217391304,160.324637681159,170.344927536232,150.304347826087,140.284057971015,130.263768115942,13.5980864822006,5.70223060752302,11.0882319987699,9.84560682289377,5.39974902598844,0,6.26802081811883,5.77535871917937,5.13569132385722,11.2619582525825,3.76770828857735,9.58821002599035,8.79574600500669,4.80990516734793,0,5.54848466763945,4.48052742886184,3.29764294377197,0.420465593111824,0.481256706869354,0.441357264652327,0.546480130901001,0.529143764128692,0.511979976874815,0.47218737910651,0.509276520180501,0.493980905245854,49.9999999999994,50.00000000001,50.0000000000014,49.9999999999946,49.9999999999941,49.99971822866,49.9999999999889,50.0000000000006,49.9999999999996
0.9,1.54538006493777,1.25442258384518,1.39242192406776,0.51470370759343,0.372143470840309,0.464722347516172,0.636465613061281,0.507815486770574,0.564210606139922,13.1809149470426,26.2231984234913,12.0855319850332,52.2803727193596,48.7044847776997,84.1446048899021,33.0576886755085,24.7017821774222,16.8844395661752,74.1005618452699,66.2327617553518,71.8761284313556,69.8240614768823,65.936144766695,59.2974507527451,67.2418857505833,66.8190783970819,66.3109967543165,39.308759022238,31.4339598808426,37.1029297248167,35.0444933173987,31.164887821505,25.0134451526748,32.4661609750507,32.0401376982831,31.5266295056237,159.44347826087,139.513043478261,149.478260869565,179.373913043478,159.44347826087,169.408695652174,149.478260869565,139.513043478261,129.547826086957,16.5815673678269,8.70542991199654,14.063677836068,11.4909044232884,6.90315798861687,0,8.20139524845967,8.47983727595848,8.49024759429038,14.7262950119804,5.66327092429264,12.957570968524,10.2193773972586,6.36265943908475,0,7.87466461435503,6.9643924424101,5.77130206094441,0.409783865116651,0.471494607527477,0.430744298483901,0.538861762788523,0.521616013447169,0.506315700345676,0.463785163533256,0.500569961023359,0.486011585350601,49.9999999999992,50.0000000000055,50.0000000000008,49.9999999999968,49.9999999999982,49.9996962901602,49.9999999999969,50.0000000000002,50
1,0,0,0,0,0,0,0,0,0,12.1962874987966,24.264299435651,11.1827307328494,48.3749769110388,45.066211353019,77.8589192657033,30.5882464724253,22.8565344954363,15.6231551476124,76.9454959896986,68.7211808784308,74.4912524697985,72.8404292165318,68.6165290614031,62.6044363042557,69.7141786105163,69.0809396336353,68.3646393149295,46.1771539390459,37.9553609389774,43.725083685275,42.0711192354688,37.8427186428736,32.3077706320419,38.9355111793939,38.3042415736792,37.591995890411,163.060869565217,142.678260869565,152.869565217391,183.44347826087,163.060869565217,173.252173913043,152.869565217391,142.678260869565,132.486956521739,15.5456446278183,7.3237964060738,12.914964978735,10.9215844878278,6.223647265136,0,7.31610142950736,7.1543483545409,6.78185695745294,12.1962874987966,4.41362318802524,10.5555333539833,9.235368409581,5.31176324262495,0,6.31552752735577,5.28219681183743,4.12530921408925,0.397235725459301,0.459707228353882,0.418237123516717,0.529715867302551,0.512475260151789,0.498999629097479,0.453708685484759,0.490161199726164,0.476509058583561,49.9999999999959,49.9999999999953,50.0000000000015,49.9999999999982,49.9999999999991,49.9996877958431,49.9999999999991,49.9999999999999,50.0000000000009
1.1,0,0,0,0,0,0,0,0,0,15.3861981677125,30.6105705981821,14.1075479836603,61.0273397691876,56.8531742642158,98.2227387690094,38.5885312947898,28.8346080074479,19.7093550910307,73.8434606888601,64.9298767155289,71.3429558285225,66.7493077968273,62.4994433638074,53.7885006503386,64.6075485038356,64.9205993441377,65.0431842436922,35.7181839669868,26.8062308239579,33.218821330338,28.6229526355623,24.3699916531488,16.1328236313607,26.4751645176549,26.7897708671291,26.9151435675852,158.701449275362,138.863768115942,148.782608695652,178.539130434783,158.701449275362,168.620289855072,148.782608695652,138.863768115942,128.944927536232,18.3674082845952,9.45538894265466,16.0057355724623,11.6685238149707,7.76967467147388,0,9.87444001354677,9.83472024530987,9.70149166585042,15.3861981677125,7.06170103264965,14.1075479836603,10.4710064226379,7.20916532545858,0,9.23692436340633,8.48406964676155,7.57575296920748,0.387529697207403,0.451382311948926,0.40873517233527,0.52349348629482,0.506588788737985,0.495346362876609,0.446856934833192,0.482881370686183,0.469705432808135,49.9999999999981,49.9999999999967,50.0000000000017,50.0000000000006,50.0000000000004,49.9996851556534,49.9999999999987,49.9999999999983,50.0000000000008
1.2,0.730460078510792,0.611122132843519,0.6316429825057,0.240025976936089,0.178483362685977,0.213616782567241,0.290955006358987,0.233211378619751,0.26351104274231,13.7666495495413,27.3885071115861,12.6225898677128,54.6036123014591,50.8688187519182,87.8838298902616,34.5267090139045,25.7994820429348,17.6347517059198,75.0551052822258,66.5676296078251,72.5787566906208,70.0526996274521,66.0772954065376,59.1584930707284,67.6177036020898,67.1654141024599,66.6600127203933,41.7769119932504,33.2804583115102,39.2981092720662,36.7895842234024,32.8108442803257,26.3613650040252,34.3466778224473,33.893385704221,33.3830612403152,163.849275362319,143.368115942029,153.608695652174,184.330434782609,163.849275362319,174.089855072464,153.608695652174,143.368115942029,133.127536231884,18.0230388308175,9.50602114221385,15.2233639889601,12.1306678547557,7.34724872507169,0,8.88322585964125,9.23106412228525,9.29670089211089,14.4971096280521,6.01437763550108,13.2542328502185,10.5138447982318,6.56658484204067,0,7.94342434169485,7.04555859100395,5.88949863273765,0.376177275470106,0.441046765889451,0.397494294397036,0.515495750594081,0.498663464032592,0.489376850873886,0.437968043057196,0.473671211527427,0.461266843010279,49.9999999999991,49.9999999999981,50.0000000000008,50.0000000000002,50.0000000000023,49.9996850610518,49.9999999999973,49.999999999999,50.0000000000012
1.3,0,0,0,0,0,0,0,0,0,10.4382515872647,20.7667179150245,9.570794131709,41.4019577330695,38.5701347425657,66.6359322612006,26.1790985432198,19.5618754887418,13.3711528228355,77.0530070830258,69.5209632115347,74.7051261409539,74.0276665618348,69.8385294642147,64.8350699133006,70.5180926905562,69.773556161646,68.9353845495301,45.6322735869172,38.1030093717821,43.2862924149421,42.6046480193369,38.4098599739332,33.8712100136011,39.0842764473723,38.3426286741811,37.5096274078711,156.057971014493,136.550724637681,146.304347826087,175.565217391304,156.057971014493,165.811594202899,146.304347826087,136.550724637681,126.797101449275,12.4961871672548,4.96759623422552,10.0879585838165,9.28526062133495,4.91789791059633,0,5.59232009827281,5.02308440067979,4.31148376223261,10.4382515872647,3.19243792695839,8.65417655357029,8.2456844448054,4.32154892557506,0,4.93056003231302,3.84957990666023,2.66945291181239,0.363777201125835,0.429213533165295,0.38511263180695,0.506233870589877,0.489385720077536,0.481706739910661,0.427853064680547,0.463252018952922,0.451785137396561,49.9999999999986,50.0000000000064,50.0000000000001,49.9999999999964,50.000000000002,49.9996860698543,49.9999999999939,49.9999999999976,50.0000000000023
1.4,0,0,0,0,0,0,0,0,0,13.8410637108083,27.5365527764176,12.6908199359399,54.8987663254604,51.1437847462545,88.3588765940136,34.7133394705987,25.9389384016109,17.7300744823605,75.9155568421455,67.1038635097819,73.3281399372866,70.6578414692592,66.5726008349725,59.6176017636008,68.155493319669,67.653714008089,67.0839485076274,43.9485526837451,35.1395188725971,41.3638939202561,38.691450711135,34.6026427187076,28.1107003573167,36.1809042533423,35.6801861120264,35.1134242339933,166.168115942029,145.397101449275,155.782608695652,186.939130434783,166.168115942029,176.553623188406,155.782608695652,145.397101449275,135.011594202899,18.621878996347,9.81336894631832,15.7089349660155,12.4183751358475,7.48579092330673,0,9.06403792341877,9.40716900104884,9.45837074079994,13.8410637108083,5.80379734429195,12.6908199359399,10.272696791765,6.36329671103784,0,7.66883372822895,6.71709392707399,5.62577623866461,0.351834659635687,0.418300639105482,0.373280854369806,0.497822685652674,0.481027593816979,0.475341092184819,0.418489476623264,0.453556316205088,0.44290914542639,49.9999999999999,50.0000000000032,50,49.9999999999978,49.9999999999984,49.999687553436,49.9999999999968,49.999999999999,50.0000000000013
1.5,0,0,0,0,0,0,0,0,0,13.8410637108083,27.5365527764176,12.6908199359399,54.8987663254604,51.1437847462545,88.3588765940136,34.7133394705987,25.9389384016109,17.7300744823605,75.4298649415286,66.672976592336,72.8808023900198,70.0868279657715,66.0482660568943,59.0301206691614,67.6584405929439,67.2011869077452,66.673006313918,42.4576719055087,33.7204114012075,39.9109813063318,37.1325748665506,33.0906518956345,26.532893259527,34.696302258631,34.2399851153302,33.7146524272394,164.127536231884,143.611594202899,153.869565217391,184.64347826087,164.127536231884,174.385507246377,153.869565217391,143.611594202899,133.353623188406,18.5578719635247,9.82979390793365,15.696141648858,12.3270120547826,7.47094371769379,0,9.07675173702118,9.43473086509563,9.50649059737168,13.8410637108083,5.85185952229472,12.6908199359399,10.1982970485001,6.37388982223595,0,7.72473116332461,6.79675291309425,5.72939936824068,0.340297248791799,0.407828461651691,0.361864669785615,0.489750386768641,0.473034682731076,0.469332737732933,0.409510102332728,0.444251972423749,0.434386735813843,50.0000000000001,50.0000000000007,49.9999999999999,49.999999999999,50.0000000000015,49.9996892378101,50.0000000000001,49.9999999999995,50.0000000000009
1.6,0,0,0,0,0,0,0,0,0,9.95188890076519,19.7991079057724,9.12484998992277,39.4728638401841,36.7729875675609,63.5310798095221,24.9593026232642,18.6504042297734,12.748133751668,81.3159889997569,73.6997366267313,78.6919702584012,78.3675713251367,73.4245348870027,68.266855121425,73.8207803170636,73.3654386193112,72.7286341309684,53.865176807695,46.2536133068883,51.2639899801807,50.9372241898981,45.9900060714443,41.2890451788407,46.3800597649293,45.9235812019315,45.2956968717258,163.339130434783,142.921739130435,153.130434782609,183.75652173913,163.339130434783,173.547826086957,153.130434782609,142.921739130435,132.713043478261,8.25418682498353,0.620460831288534,6.13402261289315,6.81405149594257,3.22097330217678,0,3.67278563002397,1.88243015529101,0.104232502654957,9.95188890076519,2.54882045755546,7.91560194012758,8.16481088763451,3.93062860507554,0,4.29750644457232,3.09988492251662,1.836346222092,0.32565997248536,0.393463985469427,0.347201057091055,0.478677077162141,0.46192598561237,0.459982863371783,0.397506981275552,0.431772738401485,0.422936862994903,49.9999999999998,49.9999999999996,49.9999999999996,49.9999999999994,50.0000000000002,49.9996910035793,49.9999999999991,49.9999999999992,50.0000000000007
1.7,1.02856300984865,0.880406525068518,0.933906120437945,0.335734288977946,0.258204849294056,0.303612005628297,0.421842934425588,0.350724585826918,0.377075730695749,9.30814946246488,18.5183996172053,8.53460768862098,36.9195556742709,34.3943213065715,59.4215623059607,23.3448063591598,17.4440000121756,11.9235187923868,81.9373932451142,74.752397064788,79.588332385743,80.2962565998851,75.4089981181675,70.7212927501735,75.4010909817238,74.6863676899057,73.6138126961636,56.2807723400387,49.0988251074875,53.9317452469902,54.6326533413538,49.7370205654332,45.501220873256,49.7233412014237,49.0142885024851,47.9498592763768,166.028985507246,145.275362318841,155.652173913043,186.782608695652,166.028985507246,176.405797101449,155.652173913043,145.275362318841,134.898550724638,7.13739496263734,0,4.70237980680705,6.21041012895091,2.59284775908904,0,2.71570791900009,1.09269132616226,0,10.3367124723135,2.02533396820668,7.96120265508207,8.38799861945554,3.63759290786074,0,4.04538451625886,2.68729023323877,1.0342842438573,0.31036628434948,0.37821590313791,0.331774356505531,0.466800413392282,0.449912212528932,0.449679144876933,0.384638621751374,0.41845363826494,0.410816069446779,49.9999999999949,49.9999999999878,49.9999999999967,49.9999999999854,49.9999999999998,49.9996927987342,49.9999999999992,50.0000000000099,50.0000000000053
1.8,0,0,0,0,0,0,0,0,0,7.54463218874176,15.0099130229214,6.9176452468353,29.9247953911117,27.8779906452823,48.1635832650411,18.9219111927131,14.1390686218548,9.66449497259006,82.0115473296545,74.8708853604087,79.5259664604315,81.6800320632402,76.9318460301686,74.0494493344907,76.4464453254995,74.9057686820568,73.2865410154293,60.7395085812652,53.6017569453204,58.256702037338,60.4076101967302,55.6547600510165,53.2237310396282,55.1638378738191,53.6248847128455,52.0098282148645,168.579710144928,147.507246376812,158.04347826087,189.652173913043,168.579710144928,179.115942028986,158.04347826087,147.507246376812,136.971014492754,10.7393898633165,3.60183639213597,8.2566175824779,10.4078262612478,5.65492017857721,3.22378215253857,5.16392867744209,3.62512440219793,2.01015027594752,7.54463218874176,0.422854628072324,5.08654691286116,7.23190999346244,2.46019325488443,0,2.34735520879313,1.21240002623536,0,0.293860983104571,0.361569394769798,0.315110540133295,0.45366832421908,0.436469033772648,0.437626669550931,0.370362266193967,0.403881658723406,0.397668994569412,49.9999999999997,49.9999999999846,49.9999999999914,49.9999999999903,50.0000000000049,49.9996946006213,50.0000000000054,50.0000000000278,49.999999999998
1.9,0,0,0,0,0,0,0,0,0,5.68335658722892,11.306937955153,5.2110485571956,22.5422895050257,21.0004355161275,36.2815325341355,14.2538384814225,10.6509325808103,7.28024505245905,81.1359742377244,74.2304931274997,78.2635776469371,81.6392636248173,76.7553078165052,75.0054417783969,75.7012760660496,73.9357972917726,72.1154176048058,61.8321731351367,54.9294437847501,58.9625568730749,62.3355866435001,57.4474909857396,56.1466810439132,56.3883394928758,54.6242614904722,52.8074855985516,166.168115942029,145.397101449275,155.782608695652,186.939130434783,166.168115942029,176.553623188406,155.782608695652,145.397101449275,135.011594202899,11.8332554002763,4.93022658922764,8.96368794999517,12.3364970876084,7.44848662794939,6.14763430462013,6.38932634320498,4.62521000231437,2.80844600045176,5.68335658722892,0,4.38173766872026,8.08549355774747,3.51639500433259,2.51963097907813,3.04982830348696,1.56090009736609,0,0.277058762143936,0.344510561296273,0.298244820203926,0.440117109731362,0.422592828220537,0.424912294314537,0.355769010631629,0.389038109405343,0.38432028739081,50.0000000000017,49.9999999999947,49.9999999999958,49.9999999999898,50.0000000000053,49.9996963994612,49.9999999999998,50.0000000000184,50.0000000000168
2,5.26186851068032,4.51066552232553,4.80631627641258,1.74591692657357,1.39555778973301,1.60044900401165,2.14483854459667,1.75397866193511,1.99327679270583,8.1574519418046,16.2291071416125,7.47953740352226,32.3554646753483,30.1424063140307,52.0757150250423,20.4588609941757,15.2875275956817,10.4495025480975,76.7276361589873,71.4466334620688,75.3812450658503,77.2083907233979,73.3156227195305,69.895907951857,72.7258204091796,71.9475956479693,70.9674497699268,46.5579302020471,41.2825553037704,45.2182429324139,47.0502973676424,43.1588005928074,40.1859974713666,42.5595525122393,41.771980639297,40.8126737488813,155.640579710145,136.185507246377,145.913043478261,175.095652173913,155.640579710145,165.368115942029,145.913043478261,136.185507246377,126.457971014493,5.51637244405818,0,4.60132301391149,6.85581267092804,3.06797795650949,0,2.24320772074653,1.2386727598939,0,13.4193204524849,2.71654581798981,8.42637877166489,9.87976981667986,4.56021433909613,1.16002016443785,5.78076329803881,4.18575193580965,2.23506815445952,0.264407150675989,0.331689891947276,0.285310540188933,0.429888784216657,0.412167997159472,0.415812204307434,0.344754633687467,0.377687027709881,0.374003635785936,50.0000000000008,49.9999999999978,49.9999999999931,49.9999999999971,50.0000000000032,49.9996981909555,50.0000000000002,50.0000000000073,50.0000000000083
2.1,0,0,0,0,0,0,0,0,0,12.6120348364577,25.0914214505738,11.5639279234225,50.0239842718578,46.6024294349834,80.5129759531239,31.6309393439968,23.6356685856727,16.1557176310014,74.8161031767648,66.57264141545,72.3716180892986,70.2285436084437,66.3347276466916,60.0953126473817,67.6894544494787,67.1102658361809,66.4727371902593,40.7919404730588,32.5681345487298,38.367591313818,36.2223883204107,32.3251266573142,26.5298521064391,33.6752691147676,33.0970179951496,32.4622951419509,157.727536231884,138.011594202899,147.869565217391,177.44347826087,157.727536231884,167.585507246377,147.869565217391,138.011594202899,128.153623188406,16.8954229080914,8.68083536817263,14.1626468518689,11.4199705403693,6.70831756473225,0,8.05886189045932,8.29491146357475,8.25735834557366,12.6120348364577,5.09856141798872,11.4037810395326,9.5485915198284,5.75693492218623,0,6.81504042323982,5.87373032133703,4.80551487628097,0.253322384243092,0.32157556444767,0.274335828714729,0.42201435197309,0.404359995551425,0.409804538522462,0.336039501928987,0.368693272819895,0.365797797782409,50.0000000000001,49.9999999999983,49.9999999999967,49.9999999999986,49.9999999999996,49.999699973298,50.0000000000016,50.0000000000033,50.000000000003
2.2,0.238724689672534,0.201481044756752,0.227870352935919,0.0823127127991165,0.0620842075625334,0.0720445825975332,0.101282707387624,0.0810521002854365,0.0875625197838967,8.36886579721602,16.6497112880016,7.67338198274299,33.194010042142,30.9235966141009,53.4253432870649,20.9890862055483,15.6837291512371,10.7203186848747,81.1870288034846,74.3695234093684,79.1468704134952,80.17713068393,75.3402681577325,71.2385092293763,75.1072355524471,74.1679821413735,72.9962490043976,54.5244696897315,47.7291785553349,52.5043235774986,53.53015026065,48.694757832859,45.0164816085753,48.4557477996575,47.5099381571539,46.3465944289622,160.185507246377,140.16231884058,150.173913043478,180.208695652174,160.185507246377,170.197101449275,150.173913043478,140.16231884058,130.150724637681,7.25882777822825,0,4.35367593454281,5.7552917417546,2.10849968746239,0,2.59867014770298,1.21946186427923,0,8.60759048688855,1.21242454985293,6.26779080408812,7.4698002242353,3.05630074687798,0,2.92189062975482,1.50015545930061,0,0.238505952262187,0.306752838188249,0.259317429522081,0.410377362785992,0.392597976751218,0.399610588882839,0.323499194527419,0.35578296353806,0.354082278462651,49.9999999999996,50.0000000000014,50.0000000000056,50.0000000000037,49.9999999999999,49.9997017457351,50.0000000000005,50.0000000000127,50.0000000000016
2.3,0,0,0,0,0,0,0,0,0,9.59720209253125,19.0934647400376,8.79963897211385,38.0660450717138,35.4623927930793,61.2668226271934,24.0697493463471,17.9857010347827,12.2937883589084,81.3860024796579,73.9682444028396,78.9052391767999,78.8339869949094,73.8819344361315,68.9575358346355,74.1161838294787,73.5559409163895,72.846680595878,54.1217160590419,46.7238859824778,51.6603028592731,51.5857936041383,46.6288622713254,42.142242504336,46.8579657944747,46.2998620307073,45.5781757915461,162.64347826087,142.313043478261,152.478260869565,182.973913043478,162.64347826087,172.808695652174,152.478260869565,142.313043478261,132.147826086957,7.94135553692477,0.259981836802463,5.59357353205558,6.5012738179309,2.94516858486541,0,3.49067770573512,1.79163677855427,0,9.59720209253125,2.26746651286325,7.51950633221341,7.98681354971059,3.72512017521263,0,3.94368417831277,2.67990273680401,1.42918134248425,0.223798964202665,0.292242314591207,0.24454045502,0.399163059828571,0.381334966540753,0.390067508605589,0.311372391785578,0.343201479290585,0.342561000456699,49.9999999999998,49.9999999999996,50.0000000000038,50.0000000000002,49.9999999999999,49.9997035079722,49.9999999999952,50.0000000000127,50.0000000000014
2.4,0,0,0,0,0,0,0,0,0,8.0530934887884,16.0214878350918,7.38385152534891,31.9415405401859,29.7567938806926,51.4095093154045,20.1971303583035,15.091953935952,10.3158218438178,82.1881128171994,75.0357622724465,79.7506709112444,81.3098309044432,76.7052099057187,73.2974236073476,76.5152441823073,75.2197311112965,73.7192070530903,58.1023057375949,50.9528402555144,55.6676076889437,57.2235848929111,52.6142250470311,49.633295008896,52.4187406803662,51.1250608066825,49.6200435669504,164.498550724638,143.936231884058,154.217391304348,185.060869565217,164.498550724638,174.779710144928,154.217391304348,143.936231884058,133.655072463768,8.10194520657892,0.95392254897586,5.6676907696287,7.22350030751203,2.61435718336482,0,2.41888228604528,1.1244065657758,0,8.0530934887884,0.972218767954841,5.74757037255701,7.36241293599203,2.80796475255067,0,2.66739378015115,1.37507948212864,0,0.208010294165275,0.276418451157817,0.228617226276023,0.386723150069242,0.368626216529393,0.37882808491698,0.297806465108465,0.329308799723552,0.330018016744123,50.0000000000047,49.9999999999318,49.9999999999897,50.0000000000054,50.0000000000148,49.999705259915,49.9999999999919,50.0000000000123,50.0000000000007
2.5,0.416891099137869,0.349713694692998,0.393028169954907,0.14497289406626,0.106455306565391,0.126576537776547,0.175220513780699,0.138224854613023,0.153117737796523,7.29863127109821,14.5204985246376,6.69208791864726,28.9490649721399,26.9689985156154,46.59315738028,18.3049417499981,13.6780489500421,9.34937362905175,81.3220174217703,74.8255853529529,79.2679791139412,81.3526871606367,76.911093370811,73.7609776189708,76.3732090487932,74.7735625751257,72.8172043570398,56.1560898095386,49.6673928738223,54.1150814670801,56.197584834217,51.7512772013227,49.033127899712,51.2038702303282,49.5988323818009,47.6426231165699,159.953623188406,139.959420289855,149.95652173913,179.947826086956,159.953623188406,169.950724637681,149.95652173913,139.959420289855,129.96231884058,7.04447121489074,0,4.16680992370025,6.20266086258734,1.75734032182172,0,1.47461388101015,0.488019959168916,0,7.71552237023607,0.596229843358998,5.32153518472279,7.10085533274512,2.45845850741514,0,2.42466632027341,1.28273156904896,0,0.192750487151813,0.260993794985823,0.213138083979948,0.374506283800934,0.356125908026658,0.367724568635342,0.284554945897717,0.315830856141541,0.317974886532655,50.0000000000017,49.9999999999658,50.0000000000078,49.9999999999925,50.0000000000191,49.9997070015572,49.9999999999976,50.0000000000061,50.0000000000003
2.6,0,0,0,0,0,0,0,0,0,6.63839896854056,13.2069779727542,6.08672337133237,26.3303400203626,24.5293898648609,42.3783523794536,16.6490814399093,12.4407361694193,8.50363170165448,81.535525050634,74.7492968289625,78.9491672548157,81.4319843711934,76.6865219750242,74.2810459736426,76.0062068795065,74.4899184931501,72.9180219960037,59.2863954372707,52.503053045703,56.7028303740102,59.18266918743,54.4327135723724,52.4576424854378,53.7470167827807,52.2323715593675,50.6644437321793,163.385507246377,142.96231884058,153.173913043478,183.808695652174,163.385507246377,173.597101449275,153.173913043478,142.96231884058,132.750724637681,9.28678883286091,2.50299104024062,6.70334679856061,9.18312936161278,4.43307683390183,2.45801943580959,3.74734445220097,2.23243495872,0.664627211420401,6.63839896854056,0,4.73184522855204,7.68057271472013,3.3038050207719,1.58773758950591,3.02426348541751,1.56685760072155,0,0.176640053609076,0.244688499008896,0.19691873890729,0.361640486151493,0.342977909579225,0.355845573507299,0.270645262465321,0.301637276913452,0.305167898733823,50.0000000000047,49.9999999999986,49.9999999999985,49.9999999999973,50.0000000000164,49.9997087329168,49.9999999999976,49.9999999999833,50.0000000000014
2.7,1.46110219522879,1.22807235075041,1.38842015882024,0.470430226550399,0.369430732940118,0.435917058144256,0.606655701022887,0.483920249077334,0.521967460592127,5.76612262532222,11.4715995320137,5.28693643028103,22.8705701545411,21.3062623315361,36.8098961266208,14.4614154160425,10.8060408303426,7.3862663851156,80.458502920173,74.3768733675717,78.1989724189668,81.4861460415562,76.9664936415086,75.0820237783994,75.8429251118899,74.2838616738421,72.5022715274587,57.5204371641092,51.4415836643383,55.2636789653892,58.5481034301064,54.0242085434848,52.5677408719498,52.8954137451023,51.3378165715348,49.5518134675297,159.953623188406,139.959420289855,149.95652173913,179.947826086956,159.953623188406,169.950724637681,149.95652173913,139.959420289855,129.96231884058,7.52023345112794,1.44129148975204,5.26384521453363,8.54852399852764,4.02457049852155,2.56809782316248,2.8957330648039,1.33784547960348,0,7.22722482055101,0,4.5546685514752,8.02405222610427,3.26265740393903,2.05531182926882,3.25437870637937,1.70993548891295,0,0.161009500031873,0.22871285190817,0.181111050416046,0.348912637579731,0.329928583844084,0.343941646679412,0.256955973193814,0.287686783279882,0.292642162265792,49.9999999999984,50.0000000000375,49.9999999999994,49.9999999999955,49.999999999996,49.999710454075,50.0000000000008,49.9999999999928,50.0000000000007
2.8,0,0,0,0,0,0,0,0,0,6.59282659521534,13.116312537681,6.04493823140326,26.1495831705748,24.3609964739757,42.0874264943574,16.5347860866928,12.3553309571324,8.44525457181271,81.4901834924242,74.8213267094381,78.9848672743539,81.3881151580201,76.7374466025595,74.3233777530368,76.0792105959183,74.5858736866955,72.7891561056191,57.9408028370369,51.274753488404,55.4382628325556,57.8385152876073,53.1833820006817,51.1946190318807,52.5197984169373,51.0280712006674,49.2177632356032,160.55652173913,140.486956521739,150.521739130435,180.626086956522,160.55652173913,170.591304347826,150.521739130435,140.486956521739,130.452173913043,7.93988221754711,1.27456363587777,5.43769458280941,7.83835166502353,3.1832680435331,1.19447896130958,2.519423844186,1.02778116923783,0,6.59282659521534,0,4.61597624549153,7.41152168532202,3.0914286110768,1.36221611766021,2.86852013304158,1.48989958465619,0,0.145264716652243,0.212789015421088,0.165253423747695,0.336339047299816,0.317082356307687,0.332348662297193,0.243363892858167,0.273820459584049,0.280200867211292,49.9999999999986,49.9999999999686,50.0000000000117,50.0000000000011,49.9999999999956,49.999712165041,49.9999999999825,50.000000000022,50.0000000000004
2.9,0,0,0,0,0,0,0,0,0,5.80780527871274,11.5545264377004,5.32515510044135,23.035898939678,21.4602829109655,37.0759907349541,14.565955365241,10.8841564868631,7.43966087593491,81.0351126123719,74.5580857521923,78.5623991611982,81.4877931959158,76.9042027177792,74.971489627693,75.9965478392401,74.2811716748764,72.177404769714,57.3656696411771,50.8991356596025,54.905407966894,57.8280695968412,53.2402747837204,51.7305234197432,52.3255266307865,50.6038371943693,48.4988763833789,157.68115942029,137.971014492754,147.826086956522,177.391304347826,157.68115942029,167.536231884058,147.826086956522,137.971014492754,128.115942028986,7.66476658167813,0.959266585428941,4.90555071332164,7.82819353535537,3.24038744520445,1.73075962827405,2.38559262858023,0.902810256436969,0,5.80780527871274,0,4.12757402172535,7.21134904352244,2.83601161102345,1.60081872666187,2.55246448546177,1.29903892605457,0,0.129676219467141,0.196981830433634,0.149548215519179,0.323767727822242,0.304222386553165,0.320634322754678,0.229822089899889,0.260069416868188,0.267941292796888,49.9999999999901,49.999999999965,50.0000000000082,49.9999999999884,50.0000000000139,49.9997138659382,49.9999999999889,50.0000000000263,50.0000000000002
3,0,0,0,0,0,0,0,0,0,7.01056132313956,13.9473884305725,6.42795765273107,27.8064732545669,25.9045581143508,44.7541703259652,17.5824633261067,13.1381895294384,8.98036285501361,81.4668882076077,74.8958149120142,79.3133089142969,81.4588223085544,76.9577513491283,74.3236745685422,76.3975937741627,74.7470225480782,72.7084710295938,56.7395967837532,50.1788762042258,54.5986686814318,56.7414869905662,52.2358372110774,50.0215826317503,51.6675128787371,50.0110813431923,47.9720356802729,159.582608695652,139.634782608696,149.608695652174,179.530434782609,159.582608695652,169.55652173913,149.608695652174,139.634782608696,129.660869565217,7.35500104775303,0.322028453419214,4.6097184854654,6.74249880455147,2.23709162425202,0.0329656114532876,1.81077068970222,0.62730092264118,0,7.01056132313956,0.290674606895894,4.6590419111091,6.7811534112224,2.24737037634941,0,2.15035507160832,1.11118825731414,0,0.114257850775904,0.181398328506856,0.133930747360874,0.311432621954727,0.291605034569813,0.309306971615242,0.216450580355703,0.246479449111885,0.255814893484383,49.9999999999916,49.999999999982,50.0000000000017,49.9999999999898,50.0000000000001,49.9997155567686,50.0000000000238,50.0000000000105,50
3.1,8.02162174575614,6.73430164420312,7.32246811138817,2.63837368616121,2.11786899239847,2.46849880164672,3.35139409426771,2.65223005007567,2.92992491011834,7.34739702087093,14.6175171259789,6.7368010535867,29.1424879313427,27.1491916757277,46.9044692097905,18.4272460801976,13.7694387309066,9.41184139841714,76.8495860650555,71.9320273611689,75.9776077878581,78.9509715486285,75.2602347637916,72.5156517442828,74.2241843823079,73.0586062808553,71.632536916407,48.2816790857637,43.3701479492107,47.4225377342484,50.4009622611351,46.7074418388006,44.3802271390886,45.6635425677409,44.491869222728,43.0836794918941,158.098550724638,138.336231884058,148.217391304348,177.860869565217,158.098550724638,167.979710144928,148.217391304348,138.336231884058,128.455072463768,5.16496775278218,0,3.81861671574924,6.51570777998702,2.63149035075031,0,1.98339771439444,1.20921777763103,0,12.4332990510251,1.68223780718412,6.93935990051257,10.2123663484594,4.23232310621786,1.28924089452707,4.56762645934946,3.15486986403073,1.39708974562659,0.101137829285207,0.167929338460517,0.120365948237806,0.300475891028394,0.280323043787494,0.29925710133918,0.20463289335577,0.234389267257883,0.244924175715956,49.9999999999947,49.9999999999922,50.0000000000005,49.9999999999917,50.0000000000011,49.9997172375991,50.0000000000099,50.0000000000193,49.9999999999996
3.2,0,0,0,0,0,0,0,0,0,7.25008177706685,14.4239101602897,6.6475730677943,28.7564997630104,26.7896044369406,46.283226088766,18.1831797884431,13.587064444702,9.28718287816425,106.849586065055,99.9320273611689,100.977607787858,106.855253804874,102.366141812626,99.5732757413274,101.943877482813,100.511043864581,99.0042887905598,-1.36102371258613,-8.15289531035429,-3.72948063765061,-1.78796303691236,-6.29154567627859,-8.66717330685299,-6.70404048227332,-8.11715726408914,-9.60520103539532,159.628985507246,139.675362318841,149.652173913043,179.582608695652,159.628985507246,169.605797101449,149.652173913043,139.675362318841,129.698550724638,39.2500375226979,32.4645869224023,36.9044376277147,38.864553169118,34.372991039768,31.9973376979144,33.9483266125327,32.5167067364711,31.0122800936785,7.25008177706685,0.486646724494642,4.9364130758266,6.89426502778752,2.39179388123664,0,2.2808305108876,1.17770451737473,0,0.101450864739102,0.17007238522781,0.121268875129026,0.300804876227185,0.281609315347978,0.300918309556327,0.206101397461411,0.236256213428624,0.246979241983994,49.9999999999974,49.9999999999931,50.000000000004,50.0000000000066,49.9999999999962,49.9997189085061,50.0000000000047,50.000000000003,50.0000000000006
3.3,0,0,0,0,0,0,0,0,0,6.10522187990794,12.146231533964,5.59785527801369,24.215562933102,22.5592599079149,38.974645152786,15.3118751628226,11.4415320657353,7.82064449118724,109.821691140652,102.874654363623,107.097514443324,110.252309576332,105.390043083832,103.411539732641,104.421138723777,102.66146096204,100.833742215975,-2.51237004805055,-9.46572256886496,-5.2609339372707,-2.12810070679476,-7.00594411844063,-8.56959098222636,-7.96387152672336,-9.70218908834645,-11.5099593483347,167.28115942029,146.371014492754,156.826086956522,188.191304347826,167.28115942029,177.736231884058,156.826086956522,146.371014492754,135.915942028986,47.7613945895433,40.8158511579616,45.0386088766284,48.1921012918919,43.3274996452676,41.7638939260017,42.356223245869,40.5973960107114,38.7715146748466,6.10522187990794,0,4.35304229954936,7.6594312608553,3.01030089407608,1.7390899062566,2.70072135759709,1.37281454184209,0,0.102028709850153,0.17256051801734,0.122542574924365,0.301196446757236,0.283041641701081,0.302560814494587,0.207845864557741,0.238487716918943,0.249441837937592,50.0000000000059,49.9999999999945,50.0000000000032,50.0000000000058,49.9999999999956,49.9997205695369,50.0000000000046,50.0000000000013,50.0000000000018
3.4,3.59129988566018,2.97650601452572,3.26214895301924,1.21459613517377,0.863392313405919,1.0280089358528,1.47460441483022,1.12347210849466,1.27900320908242,5.84968832909026,11.6378520296675,5.36355751385513,23.2020225732162,21.6150439725269,37.3433646418308,14.6709979093833,10.962647698703,7.49331207054375,101.793397997504,96.4209361357648,100.244938500288,103.702136345564,99.4797501181465,97.5603856461537,98.1896134166331,96.7546387016275,95.1639059876616,3.85100839819609,-1.52615579706395,2.28219063603605,5.7202118603436,1.48408401080034,-0.023089663590478,0.2027111262426,-1.21377990631071,-2.7868909001456,160.046376811594,140.040579710145,150.04347826087,180.052173913043,160.046376811594,170.049275362319,150.04347826087,140.040579710145,130.03768115942,35.5199939943187,30.1491857099016,33.9730309592213,37.4286080559961,33.2037801878819,31.6966580336222,31.9110452510963,30.4770087357738,28.8883507668379,9.44098821475044,0.382255623981318,4.91761170071063,8.78459896683604,3.40032621188737,2.02975572569412,3.59450614205684,1.93659237864396,0,0.10098224017673,0.172961678969711,0.121889774399184,0.29995292243977,0.282683167302337,0.302565240013442,0.207793403086146,0.238766886297395,0.25003810296739,50.0000000000056,49.9999999999995,50.0000000000024,50.0000000000109,49.9999999999988,49.9997222207542,50.0000000000021,50.0000000000029,49.9999999999924
3.5,0,0,0,0,0,0,0,0,0,7.94962889283649,15.8156468414769,7.28898522139967,31.531161771993,29.374484317296,50.7490098294853,19.9376415128283,14.8980554150566,10.1832861492467,113.091916694849,105.695898811395,110.540822964664,112.620440769354,107.742496003459,104.702296023964,107.310427311486,105.772953009774,104.154652170253,-5.25852492752918,-12.6607867509906,-7.83458247545375,-5.77777995319402,-10.6716138604225,-13.3018071948028,-11.0920821898846,-12.607450716431,-14.2051868720289,173.542028985507,151.849275362319,162.695652173913,195.234782608696,173.542028985507,184.388405797101,162.695652173913,151.849275362319,141.002898550725,49.8093794376564,42.4147797869558,47.2592671570292,49.3373962533719,44.4573247218565,41.8271626317449,44.0230556427914,42.4865198693404,40.8701471028041,7.94962889283649,0.583736671005759,5.44115929886151,7.52356376957973,2.63933780809197,0,2.51660990557913,1.29919779258204,0,0.102191700910062,0.1762896572014,0.123786568051135,0.301016033951157,0.284864919469357,0.305114753059113,0.21022309728012,0.241666599962174,0.253077352251638,50.0000000000045,49.9999999999989,49.9999999999987,50.0000000000063,50.000000000001,49.9997238622082,50.000000000004,50.0000000000041,49.9999999999961
3.6,0.861639502223648,0.759000884710847,0.838047197286587,0.298374999791174,0.222315586616002,0.26159609469717,0.371800352216904,0.297930959837914,0.311464093895194,9.13753593701922,18.1789670095701,8.37817278048773,36.2428394723153,33.7638913336656,58.3323960572459,22.9169082329164,17.124260589001,11.7049669110392,105.162121028594,97.9487762805597,102.752618017822,103.821307295198,99.3444463206022,95.3617330269288,99.3336987850961,98.2546225210126,97.0844845752227,4.62677523372691,-2.59066885409345,2.19722690154456,3.24697202989244,-1.24366714587812,-4.81895582604461,-1.2456312510492,-2.30625913493327,-3.45897316703283,165.797101449275,145.072463768116,155.434782608696,186.521739130435,165.797101449275,176.159420289855,155.434782608696,145.072463768116,134.710144927536,36.0098542977185,28.7973742650712,33.6010910165964,34.6679068967948,30.1886357343445,26.61333954054,30.1755308889357,29.0976146954564,27.9298052191856,9.99917543924287,1.97901415788264,7.66762666952141,8.24433842317313,3.52147960926718,0,3.88247558954109,2.60429415509252,1.13839728210533,0.100934425031332,0.176970633014476,0.123158070653668,0.300310170466398,0.28511918030807,0.306038386259104,0.210495949839874,0.242197039563209,0.25381741162691,49.9999999999987,49.9999999999913,49.9999999999909,49.9999999999987,49.9999999999969,49.9997254939719,49.9999999999983,50.0000000000078,49.9999999999937
3.7,0,0,0,0,0,0,0,0,0,7.15362963395497,14.2320203182449,6.55913645582261,28.373934970526,26.4332064209575,45.6674928482785,17.9412781502117,13.406307658146,9.16362996943647,109.970781985105,103.052610399018,107.55901693259,109.850327550816,105.196248359648,102.568670768927,104.617915771793,103.036324799678,101.381880468064,-3.93647694412141,-10.8598918650462,-6.37152426539945,-4.10181525379553,-8.7712577086944,-10.9937818575391,-9.33889578304425,-10.899391998711,-12.5340486326914,164.915942028986,144.301449275362,154.608695652174,185.530434782609,164.915942028986,175.223188405797,154.608695652174,144.301449275362,133.994202898551,44.5743777264331,37.6568458266202,42.1631068495645,44.4526539336102,39.7963697264575,37.5739139400441,39.215767855372,37.6351710603567,35.9827410926581,7.15362963395497,0.219864594688059,4.69895967850744,6.95533358546541,2.2613752298958,0,2.17262965903411,1.1230377584909,0,0.10183981472848,0.17982523316186,0.12470065021266,0.301064904473097,0.286912415217403,0.308145527781799,0.212541612725684,0.244703899722912,0.2564991150553,50.0000000000014,49.999999999995,49.9999999999951,50.0000000000007,49.9999999999982,49.9997271160839,49.9999999999996,50.0000000000048,49.9999999999965
3.8,0,0,0,0,0,0,0,0,0,7.79609957095874,15.5102029563142,7.14821475609821,30.922207825824,28.8071817779527,49.7689060824904,19.5525905094959,14.6103327583132,9.98661872765302,105.825303931243,98.8412069739255,103.445514978676,105.060284071404,100.541866999553,97.4102361461886,100.307102071491,98.9999027702281,97.61321469854,2.53663893381877,-4.45170501889585,0.136645872482741,1.73194753929406,-2.80041853699654,-5.52943336812128,-3.02609437421795,-4.31448761241861,-5.68330115356568,161.344927536232,141.176811594203,151.260869565217,181.513043478261,161.344927536232,171.428985507246,151.260869565217,141.176811594203,131.092753623188,37.3907855224338,30.4078086631461,35.0117976146661,36.6248386158279,32.1039219160913,29.3747883824822,31.8667627603239,30.5607117740643,29.176221354867,7.79609957095874,0.869298015979543,5.51869634213055,7.17376545009829,2.69237539286878,0,2.56050859129181,1.32035189980187,0,0.101150510670377,0.18099539562397,0.124661563864696,0.300688394138467,0.287484945229411,0.309205335844023,0.21320447149337,0.245696231873768,0.257715077162575,49.9999999999985,49.9999999999963,49.9999999999972,50.0000000000084,50.0000000000035,49.9997287286206,49.9999999999975,50.000000000001,49.9999999999997
3.9,0.847444601140962,0.708586045539032,0.797470848382224,0.282675848856157,0.218553255178916,0.257246284079259,0.373355488393808,0.290059889018771,0.317695934648274,9.59720209253125,19.0934647400376,8.79963897211385,38.0660450717138,35.4623927930793,61.2668226271934,24.0697493463471,17.9857010347827,12.2937883589084,108.445310298577,101.067657241991,106.020857939699,106.793920147881,102.279549090415,98.0079071177699,102.377552291351,101.3588933427,100.24043497578,-1.30385044406602,-8.68844714935659,-3.75174557167765,-2.99901258849455,-7.52796673540532,-11.3993225498346,-7.42005630010725,-8.4189565592264,-9.51906325159211,167.420289855072,146.492753623188,156.95652173913,188.347826086957,167.420289855072,177.884057971014,156.95652173913,146.492753623188,136.028985507246,39.3895366602133,32.0135519300209,36.9662072520619,37.7373317877962,33.2206604736245,29.3493064121564,33.3164444223979,32.298995120064,31.1829118384223,10.4446466936722,2.29794080528312,8.12409229292661,8.46686577969268,3.76710098591373,0,4.23947648723097,2.97806079553421,1.51321764418317,0.101450396272512,0.183279216017515,0.125569881213628,0.30124021245475,0.289023996206427,0.311390205999408,0.214829817159107,0.24763259188239,0.259751713951287,50.0000000000149,49.9999999999949,49.9999999999967,49.999999999991,50.0000000000043,49.9997303316171,49.9999999999976,50.0000000000004,49.9999999999975
4,3.3134181494061,2.77973238308455,3.02955267735007,1.09779880831097,0.846171419207263,1.01123442795406,1.32045277424265,1.08499580388246,1.23118312967056,6.32376552692275,12.5810202753289,5.79823713668852,25.0823876844404,23.3667953310673,40.3697887299308,15.8599818666479,11.8510952551276,8.10059372198179,104.744926676363,99.0974535853431,103.095569751781,106.377190199153,102.048764325641,99.8764878618796,100.844041455955,99.4282286093896,97.8713034957336,0.115445747732851,-5.53722932714264,-1.55545005106006,1.70608913265345,-2.63665073013711,-4.41115065229517,-3.83187449361402,-5.22827727437113,-6.76703545883676,163.060869565217,142.678260869565,152.869565217391,183.44347826087,163.060869565217,173.252173913043,152.869565217391,142.678260869565,132.486956521739,38.9261297881049,33.2806789020221,37.2785574989157,40.5583376334634,36.2276039589186,34.453068505657,35.0203085553734,33.605581860945,32.0509116247831,9.63718367632885,0.476605040583587,5.2230982116101,8.62167470011655,3.20818525419305,1.55302303266657,3.65665504418051,1.93663661591745,0,0.101419025145411,0.184734716297792,0.125946463857569,0.300869323512869,0.289563044800144,0.312235676541098,0.215669180143423,0.248835095655496,0.261199544793643,50.0000000000073,49.999999999994,50.000000000001,49.9999999999613,50.0000000000001,49.9997319251395,49.9999999999939,50.0000000000006,49.999999999996
4.1,0.745037811307649,0.61750281600538,0.692911284031996,0.257732072657384,0.186742500391647,0.236971512150765,0.31061834091824,0.253771284859085,0.273667612770731,8.0530934887884,16.0214878350918,7.38385152534891,31.9415405401859,29.7567938806926,51.4095093154045,20.1971303583035,15.091953935952,10.3158218438178,108.0815690426,101.123046270396,105.697408915945,107.575901499027,103.030233512193,99.8154388935911,102.712678849688,101.417347683733,100.041082121377,-0.514737234087529,-7.47792602304916,-2.92096897054227,-1.06301554306575,-5.62354391693462,-8.44280708963737,-5.93106833237941,-7.20635671348801,-8.56349125613523,166.075362318841,145.315942028986,155.695652173913,186.834782608696,166.075362318841,176.455072463768,155.695652173913,145.315942028986,134.936231884058,40.9122679099119,33.9545229847108,38.5289874939946,40.4057572269202,35.8578443294345,33.0385998722288,35.5379220958158,34.2436023496871,32.8691515518134,8.79813130009605,1.07730814351654,6.31346193117659,7.71686684302328,2.86729200569334,0,2.86837086420738,1.51562348827444,0,0.101537414709251,0.186700342566708,0.126653645818858,0.301064918372793,0.290712747112051,0.313853881233278,0.216968366540039,0.250492557699598,0.263031733620537,50.0000000000036,49.9999999999962,50.0000000000025,49.9999999999907,49.9999999999976,49.9997335092497,49.9999999999978,50.0000000000003,49.9999999999945
4.2,0,0,0,0,0,0,0,0,0,7.15362963395497,14.2320203182449,6.55913645582261,28.373934970526,26.4332064209575,45.6674928482785,17.9412781502117,13.406307658146,9.16362996943647,112.677966866259,105.388808358829,109.932237378869,112.608916994633,107.521280548027,104.990733468221,106.775925738496,105.127070064552,103.4224636352,-3.31064674483597,-10.6066990558697,-6.0819971117803,-3.42792634546326,-8.53172958164578,-10.6689228670152,-9.26533751129183,-10.8920221719438,-12.576240070766,175.582608695652,153.634782608696,164.608695652174,197.530434782609,175.582608695652,186.55652173913,164.608695652174,153.634782608696,142.660869565217,51.9080293283642,44.6206529867831,49.1637070868915,51.8388396216479,46.7492488162345,44.6119824138618,46.0016121901233,44.353641790446,42.6510160315252,7.15362963395497,0,5.03561184718923,8.13666954350626,3.41060248946805,1.56022404061633,3.15521708908741,1.63978528219564,0,0.102298863460563,0.18948838917568,0.128126129330131,0.301695656820359,0.292457011826521,0.315898758116123,0.21899791666156,0.252997722799145,0.265722464054283,50.0000000000091,49.9999999999979,50.0000000000029,49.9999999999961,49.9999999999979,49.9997350840131,50.0000000000004,50.0000000000051,49.9999999999973
4.3,0,0,0,0,0,0,0,0,0,8.80258895285716,17.5125958765857,8.07106113409256,34.9143161305311,32.526236712799,56.1941543832335,22.0768623658642,16.4965509438817,11.275907764942,87.4025534133301,87.4273139614745,88.5871548725609,82.921318793957,84.5422866820483,78.0491322480213,74.7759257384956,75.1270700645516,75.4224636352001,-24.3747793606745,-24.3485714158747,-23.1837816582787,-28.8486404550693,-27.2474017205863,-33.3334734734159,-42.8362358906393,-47.1568413732072,-45.0173655374573,166.214492753623,145.43768115942,155.826086956522,186.991304347826,166.214492753623,176.602898550725,155.826086956522,145.43768115942,135.049275362319,24.6306509912422,25.286077391538,26.7973678615741,21.1362993994547,22.4027765805401,15.6629198776866,5.27666340453061,0,3.08382893164962,35.8082213682785,34.8826386835235,33.8849393708319,37.2073408016193,40.4541712741062,43.6033022193399,46.7017069154327,49.7892717068428,47.6466124766134,0.107905062713518,0.195888585090709,0.133739044889504,0.307003806664091,0.29802759173384,0.322287673865194,0.228381092142367,0.263843796314983,0.275354086448343,50.0000000000045,50,50.0000000000015,49.9999999999976,49.9999999999987,49.9997366494543,49.9999999999938,50.0000000000022,49.9999999999944
4.4,0,0,0,0,0,0,0,0,0,7.49499661032044,14.9111639127848,6.87213456923692,29.7279223705032,27.6945834020548,47.8467186049227,18.7974253352993,14.0460487327697,9.6009129733469,95.9862799458153,88.6508227559885,93.2057720199481,95.4346188747769,90.5443637081923,87.8063226113609,90.0271284352326,88.5071279880744,86.9464594793788,29.0906307857479,22.1322170439916,27.094860169231,29.6186816655595,24.8826950271352,22.5324789088323,24.2048009046068,22.3888693615561,20.4233785739507,171.408695652174,149.982608695652,160.695652173913,192.834782608696,171.408695652174,182.121739130435,160.695652173913,149.982608695652,139.269565217391,31.3417916972687,24.0074900194105,28.5627221470743,30.7893840876735,25.8960826314946,23.5458617676933,25.3755077710188,23.8567089621092,22.2988141904137,7.49499661032044,0.280914963655982,4.96016326473465,7.26417560810399,2.39097087990846,0,2.29078973037955,1.18385363170539,0,0.1,0.189015225760277,0.125988798845674,0.300564962823752,0.292017278925354,0.317185210344172,0.222116909713639,0.257759864423256,0.27019145283511,50.0000000000013,50,49.9999999999995,49.9999999999981,49.9999999999982,49.999738205648,49.9999999999978,49.9999999999946,49.9999999999971
4.5,0,0,0,0,0,0,0,0,0,5.12606201756143,10.1982102120912,4.70006723504444,20.3318535881147,18.9411896296229,32.7238636196205,12.8561456460892,9.60653094982378,6.56636392054115,113.198190200872,106.334863470539,110.1787252959,113.91237887039,109.007445634056,107.676328754162,107.801625120998,105.975833379137,104.106058403982,-10.8877977909191,-17.75764873087,-13.933724019646,-10.2240876133148,-15.145752293514,-16.0905392744641,-16.339142094797,-18.1415407378443,-19.9896208750928,165.194202898551,144.544927536232,154.869565217391,185.84347826087,165.194202898551,175.51884057971,154.869565217391,144.544927536232,134.220289855072,52.6316864529592,45.7695025832316,49.6133336540469,53.3456754957634,48.4387796057354,47.4940245867186,47.2306168996883,45.4055164978094,43.5374884075275,5.12606201756143,0,4.31116305030128,8.47765791387196,3.95254032095742,3.32711236088992,3.32031964458012,1.69858742782911,0,0.102504193491911,0.193682950569535,0.12936222676622,0.302446194944602,0.295113743838694,0.320269230371778,0.225695959886785,0.26193241879296,0.274468301952572,50.0000000000005,49.9999999999996,49.9999999999992,49.999999999997,49.9999999999985,49.9997397526464,49.9999999999986,49.9999999999908,49.9999999999992
4.6,0,0,0,0,0,0,0,0,0,4.02423172668288,8.00613823053241,3.6898031315287,15.9615880555588,14.8698427735578,25.6899759984502,10.092759122813,7.54163849348679,5.154945439103,107.9596127339,100.960866514476,104.682841961596,109.424293690332,104.346201711006,103.783695722192,102.692220905419,100.573092752051,98.4064503916158,1.36787040624986,-5.63611841370177,-1.93237667572587,2.78733308397442,-2.30632247535457,-2.48487846364175,-3.94964530041348,-6.04764664600587,-8.19427038940738,168.347826086957,147.304347826087,157.826086956522,189.391304347826,168.347826086957,178.869565217391,157.826086956522,147.304347826087,136.782608695652,50.9718794583541,43.9734614837776,47.6960154051966,52.4362162440692,47.3560864443749,47.1772659000211,45.6991768239348,43.58058552788,41.4154832469366,4.02423172668288,0,3.6898031315287,8.78187325274973,4.08201761918005,4.31774860228108,3.29157539976277,1.65667771706275,0,0.10213248957717,0.195164444552565,0.129830065329816,0.301840252969825,0.295585258655878,0.320745498743976,0.226561120285923,0.263323377521541,0.27622149468705,49.9999999999886,49.9999999999961,49.9999999999988,49.9999999999915,49.9999999999945,49.9997412905038,49.9999999999976,50.0000000000015,49.9999999999971
4.7,4.95490343594298,4.07427651912097,4.70038031899229,1.66853251113753,1.23213215340995,1.53268704553771,2.02058746041324,1.63340991669901,1.81383567248571,5.47991479948616,10.9021940971551,5.02451353722651,21.7353643004692,20.2487026133605,34.9827965270762,13.7436071879342,10.2696711322085,7.01964094537103,86.1407683842544,87.1047133855763,87.4996562891063,85.1766366922246,86.4514625554023,81.5998561838889,70.6922209054187,70.5730927520508,70.4064503916158,-20.2071425964501,-19.2442207785105,-18.8462695556706,-21.1690342532762,-19.8955257440119,-24.380689650632,-36.9257647461476,-41.8854862608897,-40.3220412079273,175.860869565217,153.878260869565,164.869565217391,197.84347826087,175.860869565217,186.852173913043,164.869565217391,153.878260869565,142.886956521739,23.5017154022752,25.0884215222943,25.8273232242044,23.5057318661816,24.4383311667593,19.3280364930952,5.8932296021554,0,2.49173060092575,35.505134499035,33.7521815979272,32.5610999620812,33.2585767900443,37.3785784303687,41.273175557971,43.2459605105192,46.7456408663586,45.1837047641056,0.106780132374353,0.200222925442916,0.134392846380137,0.305735355272428,0.299652788363543,0.325418464260347,0.234649621135079,0.272957039361546,0.284848536061769,49.9999999999947,49.9999999999814,50.0000000000001,49.999999999992,49.9999999999975,49.9997428192733,49.9999999999742,50.0000000000008,50.0000000000046
4.8,1.55590902647824,1.32593743545356,1.46274047139901,0.523849124209915,0.395131426071028,0.467221786952871,0.670056733929681,0.531303313993852,0.569899546818831,7.05803674698879,14.0418399511869,6.47148769262118,27.9947783049993,26.079983421886,45.0572449454302,17.7015315233943,13.2271611663405,9.04117774746088,87.242133378511,87.729342329403,88.4288343377435,84.2386816272143,85.6834404230595,80.0503553292574,69.3821322231379,64.7672184769348,66.6521913255613,-23.245285636492,-22.7574123591799,-22.0536412293982,-26.2432272887264,-24.8005816037406,-30.054777945428,-41.1044918393736,-45.733030712475,-43.8340114297234,167.791304347826,146.817391304348,157.304347826087,188.765217391304,167.791304347826,178.278260869565,157.304347826087,146.817391304348,136.330434782609,24.3065747280543,25.4146877899651,26.4592133215952,22.272585071303,23.3776128109202,17.4852248263737,5.56555682732993,0,2.82488887249032,35.4586956718964,34.3747598562874,33.5866932868397,35.7048942825049,39.5967466656113,43.0892543253906,45.9825622118251,49.3339513591018,47.4316116661896,0.112126548070746,0.206204873834472,0.13973214899357,0.310564109093554,0.304723129491418,0.331178963366554,0.243653462204656,0.283475636425415,0.2942269757165,49.9999999999971,50.0000000000046,49.9999999999999,49.9999999999955,49.9999999999986,49.9997443390092,50.0000000000008,50.0000000000004,50.0000000000005
4.9,0,0,0,0,0,0,0,0,0,6.32376552692275,12.5810202753289,5.79823713668852,25.0823876844404,23.3667953310673,40.3697887299308,15.8599818666479,11.8510952551276,8.10059372198179,97.3011379732032,101.02305038983,100.244553969387,92.5478753031653,96.5332803566582,89.3060837419959,70.6744854582052,63.6533493467263,67.290295007815,-42.0775287122796,-38.3769314762308,-39.1694404939044,-46.8708343086928,-42.8675608306591,-49.7061368307341,-68.6951009702735,-75.6691003880344,-72.0737302790562,177.808695652174,155.582608695652,166.695652173913,200.034782608696,177.808695652174,188.921739130435,166.695652173913,155.582608695652,144.469565217391,36.158898988541,40.7354001924131,40.4243793399834,32.7178604446807,36.2446038274343,28.5178475001835,8.28028445886866,0,4.90911301029664,71.2604589313011,69.5737575690107,67.7946768460974,74.1360655293146,80.3577666686184,86.504076938282,92.5410420416902,98.5642100659224,94.9489558423008,0.121804379674571,0.216292524393938,0.149215276692094,0.319188342606353,0.313487164150131,0.340705972925778,0.25870096051243,0.300879529514663,0.309647401729694,49.9999999999986,49.999999999995,49.9999999999999,49.9999999999918,49.9999999999992,49.9997458497637,49.9999999999953,50.0000000000003,49.999999999997
5,1.50266795229603,1.2093699992575,1.35265900557056,0.48599894729224,0.365413315763667,0.445930164482473,0.607012242116502,0.488641538431961,0.551593401758919,8.52980115738308,16.9698893560624,7.82094301705938,33.8323390691529,31.5182650290738,54.452725858645,21.3927115270574,15.9853311437743,10.9264730659414,91.6417882530768,92.6107654901357,93.341976643813,87.5394695429139,89.671366963569,82.821022257223,71.3178516951392,66.2838312402507,68.807886526616,-32.1809015657662,-31.2003169703817,-30.4586555728385,-36.2601181833217,-34.1325800145454,-40.6132212778121,-52.5019352394181,-57.5422258582427,-54.9975014153004,174.747826086957,152.904347826087,163.826086956522,196.591304347826,174.747826086957,185.669565217391,163.826086956522,152.904347826087,141.982608695652,27.1629982577451,28.7326625833676,29.8058433507939,24.0038432966312,25.8053613933084,18.7138592646284,5.99094144319634,0,3.45364537260011,43.9616553188114,42.4809293857983,41.3740411418912,44.0045159120568,48.2756037931403,52.1937952863348,55.5316810581169,59.2895769799857,56.7398034636624,0.129205987034697,0.22449375056901,0.156589477514992,0.325860204352084,0.32046538050866,0.348490173670692,0.270201384422017,0.314114241462059,0.321414309009247,49.9999999999992,50.0000000000007,50.0000000000002,49.9999999999948,49.9999999999999,49.9997473515921,50.0000000000477,49.9999999999999,50.0000000000023
5.1,0,0,0,0,0,0,0,0,0,6.10522187990794,12.146231533964,5.59785527801369,24.215562933102,22.5592599079149,38.974645152786,15.3118751628226,11.4415320657353,7.82064449118724,99.2849837989091,103.392551063323,102.443632990165,94.4723273090644,98.7322384658429,91.4062278928244,72.4303662808979,65.3664078703297,69.1620871454554,-42.6590355188589,-38.5819050990087,-39.5405520697753,-47.5116741130111,-43.2536325454083,-50.174860891206,-69.4850979242807,-76.5521127620681,-72.7386484593168,171.176811594203,149.779710144928,160.478260869565,192.573913043478,171.176811594203,181.875362318841,160.478260869565,149.779710144928,139.08115942029,36.1475561157346,41.0086897260241,40.4750331603213,32.4911475244001,36.30845134474,28.6163203823943,8.20640550625369,0,4.9477207160984,80.6141569819515,78.8229465198164,76.9449178291793,83.3971831716052,89.7716088713754,96.0467040101952,102.245112593142,108.429414353743,104.613642028058,0.139017565204034,0.234635279909321,0.166162453279253,0.334602352388878,0.32930834538461,0.358107022008173,0.285421929681621,0.331721227397334,0.336976996586589,49.9999999999997,49.999999999991,50.0000000000001,49.9999999999882,49.9999999999999,49.9997488445456,50.0000000000221,50,50.0000000000055
5.2,0,0,0,0,0,0,0,0,0,7.15362963395497,14.2320203182449,6.55913645582261,28.373934970526,26.4332064209575,45.6674928482785,17.9412781502117,13.406307658146,9.16362996943647,93.1726818290094,94.3590288047347,94.7934546627281,89.2394335977711,91.3318234128997,85.1229414614678,72.0784619069955,66.6598934799381,69.0456415322819,-30.0101961111724,-28.8134881635799,-28.3694140219652,-33.9225382147367,-31.8339658654423,-37.6765662568305,-51.1010850661867,-56.5254138852293,-54.1191623628268,176.834782608696,154.730434782609,165.782608695652,198.939130434783,176.834782608696,187.886956521739,165.782608695652,154.730434782609,143.678260869565,28.3069448557541,30.0896573598107,30.8641934856837,25.310704702275,27.0754958170964,20.6263139820226,6.37320075662577,0,3.31641253098791,40.0701747864168,38.9805567559739,37.8285663979126,42.2759718380426,46.6472643201437,50.9517514354465,55.2059926470764,59.4305219885146,57.0193240012738,0.145919910309604,0.242209111083748,0.173030837726676,0.34084409942039,0.335816622850434,0.365328363874066,0.296615500696119,0.344722072590937,0.348555980161891,49.9999999999996,50.0000000000061,49.9999999999999,49.9999999999932,50.0000000000002,49.9997503286768,50.0000000000063,49.9999999999999,50.0000000000018
5.3,2.80621747936645,2.23975687753255,2.56338867473096,0.931425483713889,0.699674801699955,0.789487355909899,1.14125785268935,0.959328377649425,1.03701430684958,6.06212635567383,12.0604937465876,5.55834115182172,24.0446301808199,22.4000186630939,38.6995310295425,15.2037917384804,11.3607686091217,7.76544014631232,99.4056612333104,107.266692643837,105.270762433207,95.0188131597367,100.881445871359,91.1212558306148,65.1910530546585,56.2902007869511,61.9897594175743,-39.1121745821386,-31.7901916498708,-34.1110638941749,-44.3659538700642,-38.1832768622861,-47.0338877495548,-72.7762009070013,-82,-75.9705411986812,179.478260869565,157.04347826087,168.260869565217,201.913043478261,179.478260869565,190.695652173913,168.260869565217,157.04347826087,145.826086956522,44.5625481760298,52.5286672866632,50.5508652284905,40.2952920423407,46.133565941383,36.637733721045,10.021821655354,0,6.8258972093759,135.744360918474,133.236673109455,130.949513227318,136.138532506281,144.283527123655,151.688619790836,158.371394264771,166.463004516302,162.090742009556,0.154915710463496,0.250565390031714,0.181289305827371,0.349007434932482,0.343622981675613,0.374343192359397,0.312556954228129,0.363582072590937,0.364810142464865,50,50.0000000000112,50.0000000000005,49.9999999999962,49.9999999999998,49.9997518040376,50.0000000000067,49.9999999999999,50.000000000004
5.4,4.8882204796082,4.01719954082275,4.2646401949367,1.58520846487247,1.17369485587833,1.42846284076188,1.95083559660534,1.6171669638941,1.76454963959687,6.27964639217951,12.4932460328508,5.75778446582055,24.9073949151448,23.2037717674421,40.0881400601708,15.7493312307221,11.768413494365,8.04407815631149,96.2211183310188,99.9927426349648,99.2817730827823,93.4607091594093,97.0897541444578,90.036639664028,72.1392617661963,65.4176993291579,68.7920316880728,-46.2626009836809,-42.5038496159458,-43.2169561895305,-49.0408573810757,-45.4236347973414,-52.0909171514662,-70.3275768492314,-77.061174949883,-73.6665752325868,179.663768115942,157.205797101449,168.434782608696,202.121739130435,179.663768115942,190.892753623188,168.434782608696,157.205797101449,145.976811594203,33.1486270123123,37.7165168456182,37.4487192868807,31.6181339746859,34.7840136486467,27.3082963622594,7.92837255785246,0,4.59651162985487,71.4079100215483,68.7875061336071,67.196805189661,68.7227144617931,75.6009500331922,81.450943057965,85.5397857549221,91.0480185335826,87.6553395572959,0.165556108689742,0.261737830502191,0.191752358378521,0.3580309526906,0.352909591456402,0.384327284813428,0.327962042490342,0.38130614282941,0.380571363212302,50,50,50.0000000000001,50.0000000000098,50,49.9997532706812,50.0000000000404,50.0000000000001,50.0000000000022
5.5,4.18675038733033,3.45072925508652,4.0087870069977,1.43409355415507,1.0518991082664,1.29501235716703,1.83264048954421,1.45806006661096,1.61931821698175,7.64455980190155,15.20871725149,7.00926850439236,30.3211451803288,28.2472307878344,48.8015032850628,19.1725292976925,14.3263386363948,9.79249987605597,96.3395359190176,103.482328156638,101.708514089244,91.1404427015597,97.8649592269782,87.7722792162629,63.7642457908021,55,60.7945319655612,-41.4989336954955,-34.7399504215436,-36.7227776257091,-47.296129718498,-40.3705164204109,-49.7164579084935,-73.5756904959,-82,-76.5338170374743,173.124637681159,151.484057971014,162.304347826087,194.765217391304,173.124637681159,183.944927536232,162.304347826087,151.484057971014,140.663768115942,41.66626072708,48.8776038054409,47.1326654214075,36.553839413181,43.2340280334188,33.4341866842425,8.96222264676822,0,6.01369994853044,142.947698526323,137.918991732764,136.261172831381,140.738280304974,150.294131262524,159.055366843526,166.282815443774,174.764835659032,167.808369333196,0.175100863439706,0.270869474612997,0.200643136119482,0.366733440558803,0.361163119257909,0.393856272579223,0.344078622313253,0.40016614282941,0.396946040345901,49.9999999999994,50.0000000000057,50.0000000000004,49.9999999999857,49.9999999999992,49.9997547286571,50.0000000000201,50,50.000000000001
5.6,0,0,0,0,0,0,0,0,0,7.10572602373783,14.1367169283837,6.51521381344126,28.1839315749486,26.256198932176,45.3616847635805,17.8211360630081,13.3165335757055,9.10226658040296,100.105135228641,107.168157458163,105.151179320884,92.1949282541534,101.853097192585,92.0205343940045,63.9662983659718,55,59.5460478094973,-36.5614357704452,-29.4517527686211,-31.4495955119378,-44.4131761882954,-34.7834866926294,-44.301068280235,-72.7852517493977,-82,-77.1933055241732,177.947826086957,155.704347826087,166.826086956522,200.191304347826,177.947826086957,189.069565217391,166.826086956522,155.704347826087,144.582608695652,45.354269876875,52.4685519812284,50.4740166335514,37.5110430268535,47.137592803822,37.6150316698915,9.12644364205941,0,4.71631409440984,169.184857967624,155.994365302812,157.659768800724,171.338803210481,185.231895246097,199.382976988457,213.763619791515,228.294336274489,213.11794201123,0.183509993666909,0.278611078197891,0.208257248717109,0.37490546497745,0.368274409870624,0.402347310666268,0.36002205841074,0.41902614282941,0.413461817341771,50.0000000000003,49.9999999999948,50.0000000000004,49.9999999999465,49.9999999999997,49.9997561780187,50.0000000000112,50,50.0000000000015
5.7,0,0,0,0,0,0,0,0,0,7.59448642574603,15.1090971504624,6.96335641167668,30.1225356923498,28.06220584863,48.4818438024671,19.0469454450896,14.2324982895257,9.72835706829421,100.712369377934,107.68546774995,105.779426895211,92.3630906298385,102.682463300282,92.5881055984373,63.9988630359252,55,59.3283026479426,-35.7307282344158,-28.6244958020695,-30.4599606808212,-43.8755597253861,-33.6238537139454,-43.4895979437311,-72.6270135922909,-82,-77.2999529868358,181.611594202899,158.910144927536,170.260869565217,204.313043478261,181.611594202899,192.96231884058,170.260869565217,158.910144927536,147.559420289855,45.9539062863517,52.9793148089868,51.0983357731434,37.6788282843581,47.9690922838934,38.1836806002232,9.16066961184021,0,4.49831767259579,176.724019777355,161.505165810281,164.22750771311,179.055391665773,194.046006890966,209.232573181488,224.589693419796,240.119466687816,223.056616244852,0.191728061160825,0.28613523138015,0.215631765513519,0.382978567966921,0.375148619963253,0.410682816938816,0.375930832816671,0.43788614282941,0.430000411934303,49.9999999999986,49.9999999999789,50.0000000000007,49.9999999999841,49.9999999999996,49.9997576188147,50.0000000000064,50,49.9999999999947
5.8,1.43849344566244,1.22282123760796,1.33127887749233,0.488955133293314,0.362216123529885,0.420293028860965,0.61483803444259,0.495724165446241,0.526961527098611,10.9402077544216,21.7653508797417,10.0310358780242,43.39290112457,40.4249010164237,69.8403307060099,27.4380028582307,20.5025698148595,14.0141467730492,98.7900449299511,104.452252865953,103.752644977955,89.2187873124871,100.957445040893,89.585626867282,63.2388601986815,55,58.6694375262669,-37.0040014298851,-30.972633954887,-31.4791576292747,-46.0166528314762,-34.4769401449261,-45.8598027662446,-73.0709702082038,-82,-77.6331981865495,184.255072463768,161.223188405797,172.739130434783,207.286956521739,184.255072463768,195.771014492754,172.739130434783,161.223188405797,149.707246376812,44.1190997972823,49.8590458555911,49.1972302560061,34.6586166356413,46.35128736306,35.2585691657301,8.44484785907825,0,3.88483629708392,191.101852322943,169.773470127082,176.414929669351,192.310693976842,209.679500041928,226.45356856795,242.47968083706,258.68718170129,236.947733969462,0.200238981489698,0.294276609448291,0.223253035255343,0.391445632087912,0.382197238837327,0.419472612469013,0.391936854862277,0.45674614282941,0.446610305499797,49.9999999999987,49.999999999994,50.0000000000025,50.0000000000199,50.0000000000006,49.9997590510981,50.0000000000038,50,50.0000000000205
5.9,4.33443124351381,3.66546434947919,4.05520402664783,1.45892131476507,1.10816534655902,1.28335694458976,1.84627860470181,1.45627809785812,1.62798526895956,10.0118398780497,19.9183793204906,9.17981881844618,39.7106515392866,36.9945109953572,63.9137961320713,25.109659465018,18.7627557613746,12.8249295323069,98.6659006566621,105.094595201215,103.744056700413,90.6756667751178,101.165739107314,90.0600463975447,63.4464337123986,55,59.2563945090012,-37.6122465082333,-30.9936300245379,-32.2464442421453,-45.3194378924672,-34.9318415331884,-45.8722027118356,-73.1049102622983,-82,-77.2876709374353,188.985507246377,165.36231884058,177.173913043478,212.608695652174,188.985507246377,200.797101449275,177.173913043478,165.36231884058,153.550724637681,43.9742954137394,50.475573915156,49.1591216717617,36.0848785313297,46.5332021466985,35.7111249714625,8.6412121330035,0,4.46375166397056,184.846080965776,167.711819646338,171.325244022698,181.870907143636,197.709944319061,212.789591219858,226.559703996822,241.758894694827,223.609374185481,0.208889798186592,0.302423506483313,0.231060069124494,0.399784408660126,0.389338859773001,0.428264784655448,0.407950311395923,0.47560614282941,0.463146272305016,49.9999999999969,50.0000000000133,50.0000000000004,50.0000000000279,49.9999999999994,49.9997604749166,50.0000000000021,50,50.0000000000136
6,0,0,0,0,0,0,0,0,0,12.7526882113998,25.3712488658071,11.6928924807765,50.5818674609803,47.1221543695819,81.4108819564997,31.9836975173616,23.8992609875885,16.3358912698217,99.9130106589327,105.10617321379,104.679168698658,88.5211354108717,100.46431369656,88.2317200495019,62.9374690861412,55,58.8955062405158,-35.7686336738491,-30.1655806141319,-30.3776432145287,-46.5391840068487,-34.8161927128174,-47.1047644412396,-73.3148260472961,-82,-77.3500709924897,189.634782608696,165.930434782609,177.782608695652,213.339130434783,189.634782608696,201.486956521739,177.782608695652,165.930434782609,154.078260869565,45.2723188716038,50.553637296077,50.1700474408453,34.0072898573731,45.899922641846,33.9320979383017,8.16090349910364,0,4.12736701656893,193.180335328271,171.825194332897,177.717939550623,194.54595820283,211.419677201486,228.326230159126,245.25110207764,262.059481535234,239.831028396287,0.217116583931577,0.31035274481617,0.238414656429064,0.408347618517386,0.396456836949843,0.437293197840019,0.424009749482474,0.49446614282941,0.479695589819688,50.0000000000007,50.00000000001,49.9999999999997,49.9999999999962,49.9999999999996,49.9997618903219,49.9999999999991,50,50.0000000000146
6.1,0.291480830329207,0.25139412475489,0.267766668551558,0.0914191419255989,0.0701398156811104,0.0815976843756931,0.117913399211099,0.0985428099119545,0.103631904713299,10.0720311394912,20.0381287763124,9.23500796262122,39.949392294026,37.2169222914174,64.2980463857277,25.260618938599,18.875557599114,12.9020331112546,100.533739148577,105.967034248372,104.604095856483,88.5061126681926,104.111129862568,93.694034934614,62.8478294058019,55,56.4467311455383,-34.1814303239292,-27.9753193747092,-28.9377597067773,-45.0761978654895,-29.8771530307436,-40.7226979352125,-72.9392700056588,-82,-79.3260934377272,186.48115942029,163.171014492754,174.826086956522,209.791304347826,186.48115942029,198.136231884058,174.826086956522,163.171014492754,151.515942028986,45.947372987214,51.5143947676726,50.217369868709,34.1034003269322,49.6310203487581,39.4349624497089,8.0675312777403,0,1.67538104667613,231.601255941948,196.503513724442,208.476107639404,231.191961593053,254.239264833735,280.340989214125,306.348865477154,332.405448256856,298.106071173808,0.224978312906081,0.317706257337522,0.245420640358073,0.416641638924637,0.402565054902795,0.445098381610935,0.439986922912285,0.51332614282941,0.496667684229621,50.0000000000002,50.0000000000096,50.0000000000053,49.9999999999603,50.0000000000001,49.9997632973627,49.9999999999937,50,49.9999999999967
6.2,0,0,0,0,0,0,0,0,0,12.1962874987966,24.264299435651,11.1827307328494,48.3749769110388,45.066211353019,77.8589192657033,30.5882464724253,22.8565344954363,15.6231551476124,101.709408508181,106.900933649942,106.177017898013,89.1202774904862,104.497063182143,92.7236379494285,63.0994232227006,55,57.1327203018008,-33.0333302142086,-27.0806484919166,-27.4107204944223,-44.5106254749902,-29.536240921447,-41.7267958133446,-72.7006671155383,-82,-78.6507291524249,195.431884057971,171.002898550725,183.217391304348,219.860869565217,195.431884057971,207.646376811594,183.217391304348,171.002898550725,158.788405797101,46.9526220780605,52.2054743557165,51.507224831776,34.4248293584009,49.7527235445368,38.2829256483361,8.24907042189601,0,2.2930932052798,229.956408505612,196.826659375959,208.24659788608,230.766171675209,253.294401649353,277.298822299731,301.303231208756,325.666640394064,292.894383239402,0.232575978855349,0.324824599226826,0.252056920056723,0.424831594012035,0.408603575268958,0.453096017475159,0.455911830947117,0.53218614282941,0.513495282094791,50.0000000000016,49.9999999999964,50.0000000000004,50.0000000000118,50,49.999764696089,49.9999999999928,50,49.9999999999867
6.3,0.494985885561557,0.417378152341201,0.475136613390986,0.169813275603193,0.128383278429866,0.15305894283153,0.207300926397225,0.173297131675741,0.182106216127956,16.6176268400345,33.0604762798755,15.2366403620292,65.9116403071216,61.4033970117945,106.083959291177,41.6769501063269,31.1423751808911,21.2867860266989,99.7285288509027,104.058922922207,104.780934763011,87.2506603583735,98.8982972580162,84.7709834478357,62.6578976453416,55,59.5159918144505,-35.9335435850825,-31.1885361587115,-30.2475465004689,-47.7816248245304,-36.3536687056967,-50.5479066630821,-73.5780162408696,-82,-76.7163042927649,199.049275362319,174.168115942029,186.608695652174,223.930434782609,199.049275362319,211.489855072464,186.608695652174,174.168115942029,161.727536231884,45.1991230478567,49.6563872035498,50.4418025986216,32.9054334561754,44.4836539523857,30.5770810742744,7.94255244206647,0,4.80983864283953,191.858624758302,171.880789940797,177.648454163783,192.952481456398,208.55522784137,223.693871267145,238.320274120779,252.870138027095,231.644138249859,0.240840693879918,0.333022728731402,0.2593800102621,0.433623412979748,0.416035880871011,0.46278436625225,0.472028920218927,0.55104614282941,0.529909003013243,50.000000000001,49.9999999999907,49.9999999999992,50.0000000000054,50.0000000000022,49.9997660865499,49.9999999999965,50,49.9999999999857
6.4,13.3262916165355,11.2839929661957,12.2733731903179,4.46636706243102,3.27106026737059,4.110117955666,5.64769919873808,4.41642383111732,4.89332099387918,9.53891964843348,18.9775128427435,8.74620001547545,37.8348753909543,35.2470347225074,60.8947579222524,23.9235771800011,17.8764764290057,12.2191299297256,96.9439786942828,103.961262922344,103.019306571331,92.2827195262431,104.936811545282,93.8536883731404,63.8857657895365,55,58.016409131308,-38.7302660695906,-31.2984172823816,-32.0229357587767,-42.7633558642481,-30.3321779687279,-41.484440487717,-72.3662006273779,-82,-78.2287456668513,201.739130434783,176.521739130435,189.130434782609,226.95652173913,201.739130434783,214.347826086957,189.130434782609,176.521739130435,163.913043478261,42.1319736888809,49.1840364632771,48.2556951098984,37.5135199377409,50.1460565077953,39.3751405228902,9.01455353675375,0,3.1575935766268,220.565367927758,193.322136731804,200.853538910355,209.657052602981,231.905191050686,251.295658910967,265.341257414257,283.270321265325,258.416628214659,0.249748655075924,0.341249741274199,0.267132931551067,0.44149187045877,0.422237126144618,0.470735550679062,0.487880564165876,0.56990614282941,0.546646316039639,50.0000000000011,49.9999999999986,49.9999999999952,49.999999999997,50.0000000000019,49.9997674687954,50.000000000001,50,50.0000000000033
6.5,20.0218637656784,16.7673168252744,18.7599768326098,6.94109706816776,5.15347266279175,6.08270764300641,8.24214942211746,6.87566854484058,7.47303919777536,9.08113155389314,18.0667514815425,8.32645581098257,36.0191188744141,33.5554728414444,57.9723205578385,22.7754462369315,17.0185555760008,11.6327142334378,94.8241818905843,101.65629469961,100.739513519608,90.2485702747666,106.968551714814,96.8426136849962,63.0854012701371,55,55.4820148351424,-39.9652500876431,-32.3792145868188,-32.9048370964432,-43.4290929130795,-27.1023192336291,-37.6721462132878,-72.7480145469145,-82,-80.3377695067544,206.747826086957,180.904347826087,193.826086956522,232.591304347826,206.747826086957,219.669565217391,193.826086956522,180.904347826087,167.982608695652,40.0080298843491,47.3544391945746,46.7673157454351,36.3862675737611,53.0370242935767,42.9856363759129,8.55168750500233,0,0,272.534293875114,227.509541768978,238.662999747472,251.475291325969,282.724100752735,311.401786254347,332.982727079578,360.684525573534,321.444343955527,0.258940662596081,0.349760849108449,0.275099365795469,0.449482823554777,0.427778044743493,0.477956045369942,0.503815843542819,0.58876614282941,0.563834862073642,50.0000000000065,49.9999999999997,49.9999999999972,50.0000000000011,50.0000000000009,49.9997688428719,49.9999999999957,50,50.0000000000011
6.6,17.2868490287954,14.1479021555281,16.2222179999768,5.73786839110482,4.37418511087415,4.97910115770448,7.12203782414475,5.74639736568336,6.6365848888702,11.9242614841952,23.7231084647734,10.9333110898705,47.2960213537149,44.0610545076463,76.1223538140351,29.9060061773879,22.3467423158893,15.2746962718501,95.4182672737448,101.27359637121,100.221374552683,87.5815919068303,104.699062638102,93.7184015404383,62.1825423640304,55,55.3686940768283,-39.1998009408286,-32.5311267894302,-33.1609475714028,-45.8364213843755,-29.1412459496597,-40.6059170494617,-73.5604948706535,-82,-80.3604345579015,209.066666666667,182.933333333333,196,235.2,209.066666666667,222.133333333333,196,182.933333333333,169.866666666667,40.7796423772019,47.1953398046375,46.4948274531644,33.9576766123958,50.9749050508014,40.038962000406,7.73215257554412,0,0,275.564773571838,229.12451330172,242.54909890414,254.644778731225,284.098705309649,314.196771923468,338.698693346397,368.159806348239,327.052874024467,0.267956616812472,0.358311888150242,0.283127805733808,0.457916725089502,0.43373581058209,0.485738846137756,0.519929094800201,0.60762614282941,0.581028257374403,50.0000000000068,49.9999999999915,49.9999999999967,49.9999999999961,50.0000000000007,49.9997702088291,50.0000000000041,50,49.9999999999967
6.7,28.3745888195771,23.3200020046985,26.0221606431609,9.71117413291977,7.25037167265913,8.13070671564892,12.0679941356986,9.80453996463171,10.6541949837166,12.2649343597256,24.4008711579117,11.2456727848058,48.6472556936422,45.3198667332854,78.2971485550211,30.760412560004,22.9851826061816,15.7110901490459,89.6832580913887,95.360364825731,95.6819479109833,85.3703093862419,102.582310845324,91.8977418394635,61.4104415996865,55,54.4124856021049,-44.9097703417042,-38.4139472186318,-37.6667820640259,-48.015754018045,-31.2310553829895,-42.4036382780039,-74.311737517514,-82,-81.2984818820862,211.060869565217,184.678260869565,197.869565217391,237.44347826087,211.060869565217,224.252173913043,197.869565217391,184.678260869565,171.486956521739,35.9626229666384,42.1500131337981,42.7496818554093,32.4349872416691,49.4134759122507,38.6073622310089,7.16673160386514,0,0,287.920863623683,237.860956955194,246.860243760676,255.119175571247,287.725899784851,318.821714015292,340.90077515653,371.111461701248,327.992332345055,0.278285863991064,0.368409268561996,0.29224713191773,0.466751623828822,0.440120826349279,0.49386621014104,0.536206903970704,0.62648614282941,0.59842235117243,50.0000000000023,49.9999999999921,49.9999999999982,49.9999999999931,50.0000000000004,49.9997715667148,49.9999999999841,50,49.9999999999937
6.8,31.2886692265173,24.6804817430664,27.0217899127228,9.74238204053493,7.43496392081957,9.13774103484837,12.1091527346265,10.16673399737,11.0243477746623,14.0659141761886,27.9838888219782,12.8969844929619,55.7906062457868,51.9746243436852,89.7942817722387,35.2772636528688,26.3603209263164,18.0181025979649,88.3568016284811,93.5273478860061,94.4321012034153,83.6566297976933,100.973374576564,89.3559202865389,60.9412564588854,55,54.3272009973775,-46.5998076021111,-40.7472300677054,-39.4957789888263,-50.3175756387846,-33.3695139944719,-45.3367486942997,-74.9816025490993,-82,-81.5678820855203,212.591304347826,186.017391304348,199.304347826087,239.165217391304,212.591304347826,225.878260869565,199.304347826087,186.017391304348,172.730434782609,34.6075514844517,40.1855415012106,41.2957891833527,30.4788642432526,47.564586617257,35.8843672452866,6.6111086425814,0,0,290.941973493256,240.387361401332,249.221951813798,255.760142534375,288.013268885212,320.715885565408,342.546767289496,373.509663619338,329.07133452057,0.28900381973955,0.379119969036936,0.301809267883446,0.476010057746358,0.44694303809926,0.502555753640781,0.552631445481459,0.64534614282941,0.615874084083751,49.9999999999948,49.9999999999899,49.9999999999915,49.9999999999843,50.0000000000006,49.9997729165762,50.0000000000186,50,49.9999999999906
6.9,30.9488510959507,25.7414222801267,26.9831264891703,10.1843763461116,7.34492182417545,9.35300909656013,12.7120497420054,10.2744847505045,11.0560414963616,12.9656229854308,25.7948788530356,11.8881315846335,51.4264453522707,47.9089645798065,82.7702194911202,32.5177371873228,24.2983128308971,16.6086556672939,88.3584413478174,93.5253047469616,94.470650611267,84.1614659141469,101.611139193255,90.3625517604615,61.0347130219641,55,54.1748378634755,-46.5642439138457,-40.70293113038,-39.4042875431366,-49.7595815374326,-32.6843358245871,-44.297066677837,-74.8695846560551,-82,-81.7024138119453,210.365217391304,184.069565217391,197.217391304348,236.660869565217,210.365217391304,223.513043478261,197.217391304348,184.069565217391,170.921739130435,34.7671438948741,40.3443637627984,41.4908245062703,31.1275939119551,48.323022679592,36.974701620096,6.74896028708903,0,0,289.941244575346,239.366526730163,248.200704484453,255.304628594261,287.861504939189,320.865237695155,342.511741297076,373.50323236401,329.215382104756,0.299713595839734,0.389819025219779,0.311349253288627,0.485165820749246,0.453625168978954,0.511046024754033,0.569031449739452,0.66420614282941,0.633354600527237,50,50.0000000000034,49.9999999999942,49.9999999999786,50.0000000000003,49.9997742584595,50.0000000000076,50,49.9999999999886
7,42.5642334027211,36.9974461356459,40.8143082692455,14.4994460331505,11.5413099590469,12.4865564949725,17.4938045899558,13.9939821534341,15.3455429498143,14.0659141761886,27.9838888219782,12.8969844929619,55.7906062457868,51.9746243436852,89.7942817722387,35.2772636528688,26.3603209263164,18.0181025979649,87.4214184880413,92.278231519035,93.0282355798293,84.1340006974612,101.078752780874,89.642036145429,61.0023933084265,55,54.3192728663082,-47.5847954596709,-42.0622673802546,-40.9735554424395,-49.9129851207408,-33.3273520855514,-45.1005900174615,-74.9451198953633,-82,-81.6018205936825,221.913043478261,194.173913043478,208.04347826087,249.652173913043,221.913043478261,235.782608695652,208.04347826087,194.173913043478,180.304347826087,33.6678001364546,38.92605093689,39.8780043641012,30.9426962844158,47.6587230811297,36.157653609089,6.66596834675481,0,0,289.170480262653,240.050563018164,249.696492952007,258.513630014324,292.986985399018,323.177788090902,339.937954247242,369.180390036271,325.77674994649,0.310658098795458,0.400875392645446,0.321269166711533,0.494349810011462,0.460438760960889,0.51969030450738,0.58544799981177,0.68306614282941,0.650813594700769,49.9999999999986,50.0000000000044,49.9999999999965,50.0000000000103,50.0000000000002,49.9997755924148,49.9999999999917,50,50.0000000000103
7.1,59.6291440469825,49.627036342485,54.1346289311671,19.4136516868645,14.6305218370579,18.2304577599794,25.1748339632973,19.5160291402723,20.9810730329277,14.3694846949306,28.5878370289484,13.1753271746885,56.9946789471285,53.0963405347411,91.7322216996563,36.0386174541759,26.929229295696,18.4069692357033,84.11556062863,89.209048572011,89.9594062729429,82.4728673005061,99.6707711121993,87.9132900172997,60,55,53.6746761472705,-51.3495503661064,-45.7191692117096,-44.6747293074092,-52.1287357614816,-35.1437430642953,-47.0512281655583,-75.9039610418344,-82,-82.5201030627645,225.066666666667,196.933333333333,211,253.2,225.066666666667,239.133333333333,211,196.933333333333,182.866666666667,30.7360159638008,36.0145584586012,36.8220480665167,29.2547918060818,46.2471637479539,34.4899816805541,5.86128711044369,0,0,289.805000084636,239.214022149865,250.159111225214,261.054353613937,296.565612498726,327.854406421752,342.29903051122,372.511925102635,327.675948652805,0.322468495379663,0.412893002838238,0.332085153807011,0.503941497391575,0.467623703987367,0.528708456572445,0.602074581754267,0.70192614282941,0.668469058611872,49.9999999999944,50.0000000000045,49.9999999999993,50.0000000000133,50,49.9997769184974,49.9999999999633,50,50.0000000000163
7.2,56.4321742112673,45.7398702129059,51.6129163436759,18.5187783337533,14.6092182359014,15.8538541984578,22.9234953453436,18.0883696769994,19.9872192875361,18.721731768507,37.246556022053,17.1658863601324,74.2572969131422,69.178225001445,119.51618903885,46.9540379219684,35.0855871529272,23.9820945578913,84.0061589247859,88.1177227856449,89.2893397436847,79.4978906486131,96.6923457483183,84.321099008833,60,55,53.9143454899599,-51.8386635663254,-47.3613404971093,-46.0510618116266,-55.9533838691245,-39.1067318521461,-51.7616115851051,-77.1570095967155,-82,-82.4764992986123,229.333333333333,200.666666666667,215,258,229.333333333333,243.666666666667,215,200.666666666667,186.333333333333,30.1976441706646,34.3107395297838,35.3730394888239,25.3526345557881,42.2112395363781,29.7273008127451,4.58541877143801,0,0,294.823279126577,242.613118604594,254.101996827502,261.460163125531,295.749036662794,326.188701588676,344.025782841757,375.50729016326,329.073826698174,0.334391387999918,0.425342269483192,0.343234358245615,0.514236920023494,0.475618858054917,0.538629432126257,0.618975640999262,0.72078614282941,0.686115193345529,50.000000000006,49.9999999999993,50.0000000000075,49.999999999996,49.9999999999998,49.9997782367163,49.9999999999663,50,50.0000000000099
7.3,76.6323912802461,59.4818844691171,65.8432481571798,26.2586040389389,18.8848550650295,22.4906464140696,32.2882116965369,25.985128137947,28.3830201061142,19.1813284818976,38.1609155986415,17.5872888805351,76.0802270794617,70.8764698669304,122.450172302707,48.1067048748011,35.9468974602349,24.5708270520493,78.9810895926052,83.3101460524801,84.5761641942702,75.8831669152569,93.9747905105137,82.7248764687706,60,55,52.3618441557338,-57.7168673765617,-53.3860629067413,-52.2776704665897,-61.3059722361042,-43.7216666378411,-55.3456554678484,-79.1987263537435,-82,-84.4614831162172,227.75652173913,199.286956521739,213.521739130435,256.226086956522,227.75652173913,241.991304347826,213.521739130435,199.286956521739,185.052173913044,26.0453600034756,29.749634452561,30.3457028846954,20.9387151022592,38.2803809064448,26.5822981603313,2.75120192917263,0,0,298.093283552287,241.970438853789,255.220074332904,263.975659676732,299.461692028192,331.026385399297,350.425652594429,385.645069076443,335.802034283696,0.347666267496527,0.43937517744725,0.355891057411211,0.525517218914937,0.484557509900875,0.549237349424261,0.636323933438653,0.73964614282941,0.704186022291324,50.0000000000024,49.999999999999,50.0000000000061,49.9999999999989,49.9999999999999,49.9997795471672,50.0000000001238,50,50.0000000000053
7.4,49.681903161294,42.8408675544165,46.7560851003312,18.5827211240928,13.317890304194,16.2938630966014,22.0567087296723,17.5994792325327,19.4337504491723,19.9322267248754,39.6548144440987,18.2757846920531,79.0585666086153,73.6510960739614,127.24377246034,49.9899550469687,37.3541233553999,25.5327098997001,85.7502424494785,89.0726327487491,90.8017563925724,79.6573443445744,97.0559347461075,83.6410488018597,60,55,54.3142702456632,-49.9387029165851,-46.1954660311093,-44.2954663871191,-55.5426628640509,-38.5052504077951,-52.2419486509228,-76.9965049192527,-82,-81.9939256322534,232.765217391304,203.669565217391,218.217391304348,261.860869565217,232.765217391304,247.313043478261,218.217391304348,203.669565217391,189.121739130435,31.6361938392445,35.0441876098313,36.7363905609574,25.4242156675522,42.5399126190629,29.0563778779795,4.64733928792528,0,0,295.653088621338,243.252528884496,254.883822817705,260.579536836702,294.705634055263,324.451944822396,343.297531662327,374.284037370541,328.165065876772,0.359152169167341,0.451517985661142,0.366615222957566,0.535737068881922,0.492429694428691,0.559250389582355,0.653189834516203,0.75850614282941,0.721728908705666,49.9999999999973,49.9999999999972,50.0000000000009,50.0000000000102,49.9999999999998,49.9997808498754,49.9999999999936,50,49.9999999999877
7.5,85.3463133015658,71.0945094998525,72.8090379227204,28.7924469868289,21.5820765943541,27.473511597845,34.6622704545493,29.0295348870807,31.868921464404,18.1799794188767,36.1687492523542,16.6691556418378,72.1085071763104,67.1764088018974,116.057738878829,45.595324920234,34.0703125237805,23.2881226413805,80.3382603382697,84.7137704844364,86.7426511724544,79.5967587427975,97.0560218367175,84.6735308981735,60,55,53.2043107901225,-55.4620108596219,-50.6908485153493,-48.4851549794638,-55.6948774244191,-38.5284361304475,-51.1359376251851,-76.8002731814754,-82,-83.165334720403,245.008695652174,214.382608695652,229.695652173913,275.634782608696,245.008695652174,260.321739130435,229.695652173913,214.382608695652,199.069565217391,27.2244414067302,31.5923191201418,33.4962266259427,26.0963541914649,43.1813996634412,30.6221037558482,5.07610689969039,0,0,292.665477061966,241.504108849234,255.748395126346,267.878703453902,304.541224885824,329.804677981962,342.107892788143,371.717238715209,326.126454955554,0.371908431665054,0.464842437270891,0.37835373416312,0.545984926328016,0.500306619148694,0.569051444293848,0.670012751498812,0.77736614282941,0.739522422180729,50.0000000000058,49.9999999999969,50.0000000000006,50.0000000000155,49.9999999999998,49.999782144874,49.9999999997727,50,49.9999999999947
7.6,84.4301774487402,74.5655878749893,80.6666834048284,29.0809658124266,22.2829149900516,27.3547981110143,37.4253532760202,29.3673715771519,31.9978877400906,16.8715420770543,33.5656361773386,15.4694543002739,66.9187618372926,62.3416331544252,107.704908776125,42.3137686344103,31.6182267360822,21.6120454257328,81.0121692918492,84.8762930072676,85.8626706974908,80.7067422805596,98.0882541190161,86.2179742309364,60,55,53.290507041073,-54.7839172324403,-50.5354602541664,-49.3887810372246,-54.6284867746589,-37.5605149234532,-49.6725931665739,-76.8976226976364,-82,-83.068240580023,245.379710144928,214.707246376812,230.04347826087,276.052173913043,245.379710144928,260.715942028986,230.04347826087,214.707246376812,199.371014492754,27.8334792145786,31.7075565290784,32.5767772034354,27.1655294322807,44.1628685217337,32.0965094388084,4.98174982904648,0,0,290.531233360202,240.527633026805,254.793719620213,269.204694675831,306.064554283461,330.922482227771,340.76795660591,369.278351936422,324.461185133633,0.384508732628516,0.478126043966272,0.390311017993185,0.556036567894553,0.507985657755266,0.578572024650775,0.686856992661152,0.79622614282941,0.757295162025758,50.0000000000017,49.9999999999933,50.0000000000058,50,50,49.9997834322241,49.9999999998732,50,49.9999999999975
7.7,98.8463578088001,80.4065331559052,88.2594120671676,32.4612373596131,24.1248520655848,29.4404348670322,40.6652586074348,30.3880051723432,35.7648602527344,16.3662720709925,32.5604103884133,15.0061741073683,64.9146745378178,60.4746219933837,104.479355376106,41.0465532229937,30.6713220879095,20.9648065264434,79.1697621862568,84.8823965951603,85.767648300234,81.832974247041,99.3302605592007,87.3076319899439,60,55,52.8179646232736,-56.6254042003017,-50.5177950278504,-49.4495102960699,-53.4309088153676,-36.1955119266897,-48.3950545533967,-76.6303855104893,-82,-83.5406552856934,252.568115942029,220.997101449275,236.782608695652,284.139130434783,252.568115942029,268.353623188406,236.782608695652,220.997101449275,205.211594202899,26.4358039746658,32.1379487409426,32.8897271367453,28.6857157822942,45.7862710257627,33.5510697353676,5.33429833438738,0,0,288.447532224104,241.527607589139,255.285692252272,271.491557183269,309.047622224335,330.997473223607,336.997652146983,363.062225810977,320.795381851211,0.397532575594585,0.491405007230735,0.402283004696444,0.56586785511658,0.515385629082501,0.587847743440176,0.703642696153926,0.81508614282941,0.775168976645022,49.9999999999987,49.9999999999941,49.9999999999948,49.9999999999914,49.9999999999998,49.9997847119763,50.0000000001355,50,50.0000000000196
7.8,104.531660074413,88.0077234227576,94.4853385308602,35.0511382613603,26.3894546782751,30.8120612471727,44.3822595699127,35.1501334939635,38.5955460701261,18.721731768507,37.246556022053,17.1658863601324,74.2572969131422,69.178225001445,119.51618903885,46.9540379219684,35.0855871529272,23.9820945578913,77.4395301169868,81.6373737214031,83.0385031783831,78.6980219690168,96.432513363388,84.8723641427397,60,55,52.7566303673297,-58.6696036313098,-54.237084248383,-52.8126741485262,-57.360896988968,-40.0507552472204,-51.9512324901762,-77.9185456500182,-82,-83.7553951686465,254.655072463768,222.823188405797,238.739130434783,286.486956521739,254.655072463768,270.571014492754,238.739130434783,222.823188405797,206.907246376812,24.5458016279464,28.5132035039339,29.5695716447366,24.7604804998993,41.912687434196,29.9727081750571,4.03097306730718,0,0,292.188467743739,241.655415988575,257.465597144222,273.138152165406,310.792947232853,333.251592694314,341.731044441782,370.412532241094,324.671629438638,0.411026584429786,0.505661612233167,0.415069231069245,0.57642226016255,0.523573783488599,0.597805063000793,0.720710568058215,0.83394614282941,0.793088735611337,50.0000000000069,49.9999999999986,49.999999999995,50.0000000000049,49.9999999999996,49.9997859841595,50.0000000000433,50,50.0000000000136
7.9,98.1746438700578,80.9706384172248,90.2823909288556,31.7330513089595,25.3124509872131,30.1735826788543,40.1797343826816,31.6042368296214,34.7610272993587,17.9130672118008,35.6377321115924,16.4244248299958,71.0498348667372,66.190147864873,114.353819060294,44.9259100366195,33.5701039095702,22.9462144318249,80.2168747256629,85.2539862498414,85.9945258577571,81.7763593609893,98.7151301942425,86.1998717302018,60,55,53.9269447595715,-55.4070191722398,-49.9015123645474,-48.9180607447932,-53.1358356167768,-36.4243627688493,-49.0980493284453,-76.2069793324133,-82,-82.3455671599545,259.2,226.8,243,291.6,259.2,275.4,243,226.8,210.6,26.5405873174379,31.7333267846069,32.5136279901555,28.2102536728708,44.9495810244249,32.4324453920942,5.5499544743151,0,0,289.117572086034,243.105828795586,257.326912149927,273.338869518622,310.457052697562,330.358050797014,335.938607936768,361.374340739191,318.688619288986,0.423770198839402,0.518778581197562,0.426912551039037,0.586199253916037,0.53102054209912,0.607215522455412,0.737403525435792,0.85280614282941,0.810706856957188,50.0000000000051,49.9999999999974,49.9999999999993,49.9999999999981,49.9999999999996,49.9997872488238,50.0000000000117,50,50.0000000000207
8,111.493578900647,97.7688343533258,107.849990434873,38.8175369351213,28.7448801159578,33.1980795063912,46.5737010625507,37.5398172996455,42.3805258313896,19.8373115193269,39.4659823123002,18.1887572924279,78.68209787767,73.3003771593502,126.637850754524,49.7519080427812,37.1762468770064,25.4111257715547,77.5530709601464,80.98885816737,81.9950046339418,79.0811764525453,96.8271298253268,84.645578516577,60,55,52.9005866337764,-58.5473970504736,-54.8468366981515,-53.7640315845386,-56.805387295539,-39.3787767920156,-51.7749589968029,-77.3631938605946,-82,-83.6144610445351,267.130434782609,233.739130434783,250.434782608696,300.521739130435,267.130434782609,283.826086956522,250.434782608696,233.739130434783,217.04347826087,24.5918686810147,27.8846757099809,28.6430136800674,25.3670575648891,42.6450997946747,30.2002585578516,4.61497686340175,0,0,290.95124011025,242.477616595026,259.221924577285,276.80307531699,314.991724678842,333.073014855554,338.046967049688,363.976933741869,320.034298892542,0.437236100161011,0.533195463986791,0.439929106054241,0.596651445178417,0.539071314243265,0.617139056263132,0.754349748852874,0.87166614282941,0.828596462576019,49.9999999999953,50.0000000000004,49.9999999999964,50.0000000000005,49.9999999999997,49.9997885060204,49.999999999964,50,50.0000000000233
8.1,120.68604267907,103.768219352497,111.089583074843,41.5149727926113,30.4741901366703,37.6658777893312,51.2230021604828,41.3197517761485,45.0012597724005,28.5458242588173,56.7914152172744,26.1735602957121,113.223273029855,105.478995097559,182.231439408058,71.5928275939209,53.4964936614273,36.5665241374462,74.2598252264959,74.9532434117379,77.4852778270854,70.472657144289,89.0088657129176,75.7625216699121,60,55,52.4419044849013,-64.0912655033966,-64.0609825480368,-62.2218861536909,-69.94726796383,-52.1467338974276,-65.8540191927033,-82.6929634105407,-82,-85.2521814009239,266.249275362319,232.968115942029,249.608695652174,299.530434782609,266.249275362319,282.889855072464,249.608695652174,232.968115942029,216.327536231884,20.9547225844025,20.7413344330575,22.2719617453516,14.1772805981773,31.5496494998788,17.3601379403644,0,0,0,297.176512059822,240.774886076328,262.368743784451,274.374069481674,311.884308811034,332.779388462642,350.514170697182,384.848129495547,332.429970737142,0.451977091226792,0.550034350827989,0.454993352175661,0.609521742483761,0.549732424284517,0.629761076608401,0.772463445599945,0.89052614282941,0.846836464178077,49.9999999999957,50.0000000000005,50.000000000005,49.9999999999998,49.9999999999993,49.9997897557828,49.9999999999801,50,50.0000000000199
8.2,132.767649791102,112.449716076448,123.368335500833,44.8644843215525,33.4605688042901,40.4962928463624,55.8015427956739,44.4590311684955,48.4516564497488,30.5223453482192,60.7236691559306,27.9858251453855,121.062885048958,112.782391083221,194.849196733136,76.5499355865405,57.2006062830205,39.0984007954292,68.3460553251537,66.7177844310749,69.6822845210501,63.879042604839,82.8374051552702,69.3058130476677,60,55,50,-38.2755431072491,-42.8473698726988,-42.4922168088432,-50.5202953994278,-33.4067889956455,-48.1499970918721,-58.9693890277029,-41.1906833503919,-53.3523359910471,273.020289855072,238.892753623188,255.95652173913,307.147826086957,273.020289855072,290.084057971015,255.95652173913,238.892753623188,221.828985507246,16.9660780538625,13.9607085367523,15.5242128688584,8.29166796136505,25.7930600351496,11.0932968977547,0,0,0,305.148809942854,227.888245293973,250.114900265987,263.505444173948,301.553653768476,322.177816375633,377.425567618155,426.576200477936,362.368735735316,0.460780466141459,0.56129708805167,0.465280941508328,0.618817476837256,0.556562256701404,0.638989826051009,0.785380549863156,0.9,0.858251382576161,49.9999999999935,49.9999999999997,49.9999999999872,50.0000000000085,49.9999999999982,49.9997909981706,49.9999999999892,50,50.0000000000138
8.3,129.087766209111,106.909108937076,119.879054373303,42.6456556451969,32.3794812491153,39.1691786970703,54.7870464955264,41.2219923319399,46.4368237592694,26.772091063872,53.2626042274259,24.5472309136812,106.187992633235,98.9249158291628,170.908243752186,67.1443109327106,50.1724170553317,34.2944139647535,66.1327924655239,63.0294392491573,65.0262709673032,61.044200886011,79.6813582599453,68.3434509273663,60,55,50,-6.58822710665777,-12.0100769522993,-12.3657399924836,-18.7153566896541,-2.46650461466452,-15.9381934445203,-27.0122224154612,0,-20.3643586385231,275.431884057971,241.002898550725,258.217391304348,309.860869565217,275.431884057971,292.646376811594,258.217391304348,241.002898550725,223.788405797101,14.5611040442124,9.91476744013813,10.4277472933477,5.01828027017817,22.281344351047,9.93882442730204,0,0,0,312.849346773516,219.897055653179,241.173032872544,256.557010368829,294.631288977506,319.915074889761,396.701743850239,455.391510836547,386.578473206121,0.46229575837599,0.564454022564846,0.468274752243351,0.622261102468152,0.557066519867069,0.642044646461209,0.791297512868448,0.9,0.862608408145334,49.9999999999947,50.0000000000012,50.0000000000469,49.9999999999957,49.9999999999971,49.9997922332312,49.9999999999473,50,50.0000000000343
8.4,133.66711129011,110.543423064315,121.184882911951,44.0509564485236,33.1431632650678,39.764884656715,57.1902409063006,43.5038847448603,48.6640766118929,31.0303352107496,61.7343060514556,28.4515991645906,123.077760302872,114.659452321097,198.092113210667,77.823972388486,58.1526080964744,39.7491237663751,65.6752391871488,61.5568110801316,64.8157243446029,58.8778821565714,77.8290886352509,64.4677006125066,60,55,50,-7.31058347408805,-14.0882271822085,-13.637624790359,-22.5848830440621,-6.84447075143832,-23.2813666171393,-31.6230006906074,0,-20.4986975577985,279.930434782609,244.939130434783,262.434782608696,314.921739130435,279.930434782609,297.426086956522,262.434782608696,244.939130434783,227.44347826087,14.0585741197384,8.38289283287439,10.1372971742454,2.77153403900302,20.3657767527501,6.01694030005311,0,0,0,313.482753910771,216.809924564508,239.184784603081,252.473181582336,290.777424556875,312.057847653652,400.956429961628,461.717362406552,390.471024749547,0.463977192575031,0.568157213709883,0.471576492982069,0.62641672094826,0.558465833887363,0.646506908396161,0.798224455876867,0.9,0.866994175994909,50.0000000000168,49.9999999999927,50.0000000000121,49.9999999999616,49.9999999999976,49.9997934609022,49.9999999999849,50,49.9999999999539
8.5,142.63389550218,114.105430586772,128.526408166144,44.7515277819915,34.5574271795539,41.8999160092684,57.4582483510119,47.7813839898504,50.4338297306121,27.2376823063186,54.1888898141223,24.9741297955227,108.0346993139,100.64531093614,173.880495017995,68.3120121434901,51.0449614500751,34.8908253085194,64.9923201219978,62.8003679660314,64.7898423520233,61.9804148984477,80.4287590222031,68.739380959262,60,55,50,-6.46854963449212,-11.021237228005,-11.3332979483861,-16.3421420781349,0.015320556374313,-13.2945272096675,-24.1229996820228,0,-18.9897647706235,284.707246376812,249.11884057971,266.913043478261,320.295652173913,284.707246376812,302.501449275362,266.913043478261,249.11884057971,231.324637681159,13.4276644933127,9.6972319381159,10.2017004735975,5.96057707146162,23.0361613015768,10.3326038745996,0,0,0,310.774788365372,219.348157495752,240.940673579971,257.817196449365,296.024267383163,320.637433519816,394.734217379686,454.707504860216,385.010252704539,0.465464958990964,0.571054224638388,0.47432034406431,0.629423675090637,0.558462133269881,0.649055026111347,0.8035085415215,0.9,0.87105710241095,49.9999999999596,49.999999999994,49.9999999999821,49.9999999999859,49.9999999999995,49.9997946814164,49.9999999999773,50,49.9999999999379
8.6,147.885201037619,122.827491973909,139.446377347095,49.0489624206126,36.3126815651079,44.4966845839137,61.0257724359469,50.0427350986261,56.0513373923691,19.0888141956466,37.976860053551,17.5024628749011,75.7132812804407,70.534622532012,121.859577636514,47.8746793678305,35.773520440775,24.4523184446052,66.0395999818012,65.5531445254023,65.8125624591993,68.3287832044019,86.4502906137439,78.4570311846398,60,55,50,-6.76168209481758,-9.25753457397751,-10.2859405050779,-8.20360218700831,10.3273140052301,3.7544727857522,-13.2355105139022,0,-20.1323747484711,290.875362318841,254.515942028986,272.695652173913,327.234782608696,290.875362318841,309.055072463768,272.695652173913,254.515942028986,236.336231884058,14.4607553636607,12.4312448227788,11.1991262467872,12.2864154860964,29.0427267279498,20.039510509358,0,0,0,307.809736398334,224.984735205063,246.085494831267,269.394811288968,308.207726884393,340.143457829105,382.969288833633,436.300313510416,374.035049194774,0.467020145872772,0.573487633726405,0.476810624397119,0.630933137893046,0.555967612978763,0.648204828469646,0.80640774858645,0.9,0.875364494217599,50.0000000000322,49.9999999999896,49.9999999999903,49.9999999999852,50.000000000003,49.99979589473,50.0000000000828,50,49.9999999999722
8.7,142.836702261572,125.735520809882,142.314536072613,51.1278234841237,36.8214534775661,45.4878941744646,63.1778807571163,49.0887254126931,55.6283570143376,17.6487803494251,35.1119380479295,16.1821011869635,70.0015756430532,65.2135877764998,112.666658973036,44.2630795083485,33.0748153402267,22.6076692265911,67.104471860979,65.8060079016395,65.8860758270165,69.3490215304623,87.6567011039797,80.3073929996629,60,55,50,-5.47609615914003,-8.7283544239492,-9.86263320935501,-6.74617579163383,12.0764086045029,6.27463234586218,-12.4289473218903,0,-19.9617892787224,292.313043478261,255.773913043478,274.04347826087,328.852173913043,292.313043478261,310.582608695652,274.04347826087,255.773913043478,237.504347826087,15.4746502127346,12.5931730783166,11.1599723078706,13.1941118133368,30.1581362597287,21.8370272633072,0,0,0,307.237328186412,225.255627646041,246.459116391036,271.033203604324,310.386756288385,343.706463272633,380.968534901777,431.389627709442,370.769889235108,0.468279647989374,0.575781944032128,0.479198419805699,0.632174434238707,0.553050606069463,0.64678394252176,0.809130279904579,0.9,0.879635388667931,50.000000000082,50.0000000000003,49.9999999999958,49.9999999999811,50.0000000000123,49.9997971008095,49.9999999999684,50,49.9999999999531
8.8,152.31166790361,121.556942322681,134.191617487551,48.1431191618384,36.6997672468535,43.3983549257413,61.1889572863594,48.9387266908241,55.058270226574,14.2931867058721,28.436043521864,13.1053698317526,56.6920529669336,52.814413653216,91.2451489760241,35.8472623639567,26.7862425368958,18.3092333205218,66.7275345931945,69.0908725093294,69.2113573790774,73.6609814188334,90.9053126995984,85.604163534005,60,55,50,-2.18285112468095,-0.872559602278403,-0.998692839678617,4.08107043596553,22.8542637080898,20.141019660714,-2.77727790875544,0,-17.179460449156,302.701449275362,264.863768115942,283.782608695652,340.539130434783,302.701449275362,321.620289855072,283.782608695652,264.863768115942,245.944927536232,15.2662727318112,16.1872840130227,14.871560594899,17.8919548439134,33.7149674647645,27.300400047297,0,0,0,302.339030039,230.465185354041,251.437162482116,277.125999598973,315.712724484739,353.63045082615,370.476333099001,415.861201111778,360.243115604779,0.468781703748051,0.576011302556156,0.479440208598464,0.631287245013497,0.547530252516784,0.642223023214534,0.809738636017925,0.9,0.883310994159378,50.0000000003673,50.000000000001,49.9999999999964,49.9999999999262,50.0000000000001,49.9997982997764,49.9999999999665,50,49.9999999999622
8.9,160.630983755561,129.81904372881,149.860423261552,52.221349003756,38.5642438702303,45.8805384299543,67.5552973296214,51.165056528992,57.5372520555595,16.6176268400345,33.0604762798755,15.2366403620292,65.9116403071216,61.4033970117945,106.083959291177,41.6769501063269,31.1423751808911,21.2867860266989,64.9126420103463,66.2523346257027,65.6547277533663,70.9388805423575,88.9984390366762,82.5450159823238,60,55,50,-6.73571839837707,-7.16577426192923,-8.81434564290983,-3.74426615481865,14.9339907520124,10.1005628237207,-10.7775830859985,0,-19.2302304798492,298.527536231884,261.211594202899,279.869565217391,335.84347826087,298.527536231884,317.185507246377,279.869565217391,261.211594202899,242.553623188406,13.3024598511977,13.0758607827828,10.975110988044,14.8304539476294,31.5370109698955,24.0909068164642,0,0,0,303.415455262792,226.169653041352,246.988578238075,273.682130936248,313.090454619629,348.185549206274,378.585098958627,426.095837506985,367.040184288993,0.470330918979677,0.577894877505006,0.481574208069905,0.631976189985983,0.543923008373786,0.63993575808235,0.812099439932001,0.9,0.887425369052741,50.000000000203,49.9999999999984,49.9999999999543,49.9999999999692,50.0000000000095,49.999799491656,50.0000000000412,50,50.0000000000228
9,159.690500415784,131.012707704911,145.915362505129,52.8030020691213,37.8925587913071,46.9504996805883,66.0258281891438,53.8589211052327,58.102849149151,19.7426981106796,39.2777506001279,18.1020066092611,78.3068261846047,72.9507734072784,126.033855666179,49.5146179441685,36.9989359831225,25.2899282380851,65.3686567098885,65.583708151679,66.4524904388238,69.6025050576936,87.9209125663976,79.6083896318742,60,55,50,-5.18536568116419,-6.95277110608727,-7.34791688438121,-4.62422120511302,14.0985471083828,7.18943721430717,-10.9588701082069,0,-17.9193217500007,304.788405797101,266.689855072464,285.739130434783,342.886956521739,304.788405797101,323.83768115942,285.739130434783,266.689855072464,247.640579710145,13.8734645044716,12.6149776006696,12.031990509115,13.7531343352035,30.6667690738262,21.2670188171701,0,0,0,304.108781809007,225.153482141476,247.357501227916,271.781680828422,311.258844851919,342.491272117332,378.842445379556,429.168002015891,367.832875774409,0.471523553086345,0.579722463052892,0.48335317742086,0.632827046687724,0.540517562212341,0.638307715234908,0.814499954336656,0.9,0.891259270450416,50.0000000000963,50.000000000006,49.9999999999719,49.9999999999476,50.0000000000054,49.999800676484,50.0000000000909,50,50.0000000000623
9.1,168.642736566898,135.931221298428,151.857713236177,55.7581788781682,42.1284407192392,49.0335971326435,70.4784112239356,55.9594844473151,61.842740691867,29.031700289804,57.7580570339444,26.6190582248652,115.15043666739,107.274344043374,185.333185137934,72.8114029835492,54.4070529003637,37.1889198144389,63.8943785928865,62.1273290351101,64.6127942056543,63.7758960735073,82.4705030850752,70.0628882298857,60,55,50,-9.51388841802245,-14.2243177146243,-14.2830918196701,-17.171303872445,-0.0480334979182657,-13.2998559985901,-24.4055639810497,0,-20.061666748907,307.292753623188,268.88115942029,288.086956521739,345.704347826087,307.292753623188,326.498550724638,288.086956521739,268.88115942029,249.675362318841,12.3561015966892,9.07660448497127,10.0878517893252,7.82317767735501,25.1365419645575,11.6792562258157,0,0,0,306.613561291456,218.212265238956,241.301581786505,261.071339710933,300.330957307117,323.394028282467,390.797293691258,446.485377927389,379.294631471793,0.47371174742249,0.58346142656645,0.48681118912457,0.635986566600254,0.540527382394138,0.640856854301304,0.819845935018219,0.9,0.895551534033903,50.0000000001463,49.9999999999885,49.9999999999768,49.9999999999828,50.0000000000021,49.9998018543372,50.0000000000499,50,50.0000000000201
9.2,161.242165776904,140.32561777322,147.693176280609,56.0845023253328,40.0758790337771,49.6394179921852,65.0160587197933,53.07755073087,59.2493447323086,30.7756415331556,61.2275974601635,28.218071477073,122.067551190123,113.718339781248,196.466194300242,77.1852015341599,57.6752976994973,39.4228672034202,65.6775170725594,61.9724583444701,66.3737300908184,64.2154701946053,83.1269735027334,69.2642936937116,60,55,50,-5.97940753285034,-12.3835659193564,-10.5741011944202,-14.4803697345461,3.31818866857144,-10.8519596840868,-20.5670267691058,0,-18.2992081644127,317.588405797101,277.889855072464,297.739130434783,357.286956521739,317.588405797101,337.43768115942,297.739130434783,277.889855072464,258.040579710145,14.115247776339,8.88253355650079,11.7915084569212,8.20614211918272,25.7469877115407,10.8543615257021,0,0,0,304.82958707693,217.865213854304,243.195528170209,261.895886616058,301.602037142544,321.771667492829,383.895102824316,437.862993357903,372.33242398143,0.475087011155046,0.586716535322395,0.489371234676903,0.638650954631411,0.539725887546657,0.642936813240754,0.82435109326288,0.9,0.899466713455126,50.0000000000353,49.9999999999932,49.9999999999888,49.999999999987,50.0000000000155,49.9998030252223,50.0000000001002,50,50.0000000000366
9.3,166.146932142095,139.315919971894,157.0465610735,54.8003746139407,41.7129850564759,49.1077220876796,69.439509856729,54.5672423368121,58.5975151316136,29.7708033038899,59.2284894790096,27.2967390347982,118.081991966067,110.005385981155,190.051486662757,74.6650707628306,55.7921738676091,38.1356932535097,63.5466092965418,60.0020526791748,62.8642805739359,63.4063659052336,82.3069603089338,69.9267303260627,60,55,50,5.63686368329964,-3.06188965035587,-4.83919484504677,-8.44709394205252,6.87090776452016,-8.33766919523282,-21.3284584874919,0,-2.49253493799883,316.057971014493,276.550724637681,296.304347826087,355.565217391304,316.057971014493,335.811594202899,296.304347826087,276.550724637681,256.797101449275,12.0440662195456,7.00399087025476,8.41049143391427,7.52806904621105,25.0369677099915,11.5808528031883,0,0,0,309.320942739967,214.062161359558,238.243858077045,260.04369579716,300.124764190551,323.190501075241,386.471774333621,438.80869156674,387.443571997855,0.473555254719367,0.587521374887631,0.490542829218336,0.640205219916748,0.538066247990009,0.644534866503174,0.829023041312521,0.9,0.9,49.9999999999566,50.0000000000205,49.9999999999932,49.9999999999974,50.0000000000068,49.9998041891301,50.0000000000409,50,50.0000000000183
9.4,165.667819542961,138.371016750504,152.150873136371,54.8534064728788,40.2101580532119,51.2245739927316,69.033746835798,53.9534744335902,60.9007119343365,34.1970631840963,68.0344556489554,31.3551602878924,135.638172035483,126.360753406238,218.307938529443,85.7661150912888,64.0872359221634,43.8056272263633,63.854861248901,59.0091492210687,63.4143107532866,61.1627567587929,80.5731876685846,65.4601963544495,60,55,50,8.64622081509475,-1.32051365614384,-1.95736992808861,-9.16191969812251,5.38220921428758,-14.230409405322,-24.7004211359991,0,0,322.040579710145,281.785507246377,301.913043478261,362.295652173913,322.040579710145,342.168115942029,301.913043478261,281.785507246377,261.657971014493,12.2814500031769,5.88452163092766,8.80155332553753,5.12008046074435,23.1588188467657,7.03183418598823,0,0,0,311.771262335018,211.806877639308,237.14697643779,255.89268495297,296.355452512296,314.083737346947,388.186397335023,441.255203109377,393.048368146207,0.471205738193526,0.587868481334389,0.491016718779873,0.641891013141203,0.536766197455157,0.647262361639194,0.834433609751835,0.9,0.9,49.999999999955,50.0000000000064,50.0000000000084,50.0000000000036,50.0000000000005,49.9998053462524,50.000000000013,50,50.0000000000092
9.5,160.303216323106,132.835176136908,149.93906527882,56.2340295353527,42.7413507722145,48.8001685286272,68.8609579229194,57.4376360030613,61.3191375278412,23.9818253301152,47.7114196332949,21.9888466203643,95.1207690654515,88.6146713960941,153.095686077084,60.1463342126523,44.9433008180062,30.72014970886,65.1461594827904,63.0756496079512,64.9726694970362,66.8748802501507,85.3506851598286,75.9839503510131,60,55,50,9.46599113141651,2.25882673449775,-0.154833974391234,-1.56017109343026,14.645452764729,4.18384998098623,-12.8335331175177,0,0,315.455072463768,276.023188405797,295.739130434783,354.886956521739,315.455072463768,335.171014492754,295.739130434783,276.023188405797,256.307246376812,13.616058425291,10.0346964466167,10.4570664046191,10.9295153726631,28.0219990017739,17.5981361289125,0,0,0,311.574667802405,220.107419700416,243.384603462118,266.522635467401,306.080913380591,335.220693875792,380.434628562347,431.357748415271,385.73204085989,0.468633457994771,0.58716698234852,0.491054204899989,0.642178084622394,0.533228648478169,0.646314931842775,0.837244764625196,0.9,0.9,49.9999999999777,49.9999999999545,50.000000000003,49.9999999999301,50.0000000000041,49.9998064966094,50.0000000000135,50,50.0000000000046
9.6,171.147794476307,144.805846466258,160.734239986131,57.7627796627689,44.0064577985432,50.6240290134128,71.4484916885926,56.9807798597709,63.410252895327,27.5903961413388,54.8906077843547,25.2975318015159,109.433692542535,101.948615424306,176.132157092002,69.1966172104743,51.7059671813644,35.3426433693657,64.0135815996871,60.8847941508692,63.8463328948861,65.9115985568479,84.5898459839358,73.4219485645503,60,55,50,8.24892498673054,-0.262830417076961,-1.96042039308028,-3.75047309576522,12.0620469196593,-0.88024590459829,-16.0835517808806,0,0,324.452173913044,283.895652173913,304.173913043478,365.008695652174,324.452173913044,344.730434782609,304.173913043478,283.895652173913,263.617391304348,12.4932630368235,7.85416155322353,9.34714184503641,9.98317225951219,27.2753351887027,15.0445344947465,0,0,0,309.033468680903,215.723072626474,240.517341715638,264.307548050808,304.569872597545,330.101186646672,380.387644065664,429.791094867222,385.135504960345,0.466391902291855,0.587236069201009,0.491528832995155,0.642868171672015,0.53031511057487,0.646483645641156,0.840767828348627,0.9,0.9,50.0000000000047,49.999999999974,50.000000000001,49.9999999999302,50.0000000000019,49.9998076400128,50.0000000000098,50,50.0000000000023
9.7,166.524737932414,145.286362214511,157.90282278748,57.8537793793901,42.4453770055064,53.2297806313041,74.3445915934046,58.8353978403218,61.5737546171458,32.9854709300773,65.6240141725362,30.2442558478292,130.832550052602,121.883827735317,210.573350155897,82.7274459476111,61.8166433216592,42.2536062722777,64.6425960989609,59.474334486402,64.0099482529161,63.0834896815619,82.3808408686379,67.8983847038546,60,55,50,8.8797222609288,-1.82685067569393,-2.39558310284298,-8.01319918532726,7.08249748882576,-10.9252076436906,-22.6122161147474,0,0,329.136231884058,287.994202898551,308.565217391304,370.278260869565,329.136231884058,349.707246376812,308.565217391304,287.994202898551,267.423188405797,13.1391347708369,6.47443128282759,9.55386184018092,7.20472564233186,25.1106682385245,9.54667032217547,0,0,0,309.605757249209,212.961911244494,238.995731805115,259.530050757167,300.233020552189,319.099138330544,385.894604053248,437.65783826343,386.404172483626,0.463978934286168,0.587716269950049,0.492108816272686,0.644342600322115,0.528604362389163,0.648577643772863,0.845720980449953,0.9,0.9,49.9999999999828,49.9999999999292,49.9999999999229,49.9999999999706,50.0000000000026,49.9998087767141,49.9999999999988,50,50.0000000000011
9.8,175.236666235692,142.205943348006,155.129829536335,57.6800713026524,43.0192295840636,52.371005822179,74.0055326749703,58.8410965327272,64.8351957311511,27.004217734002,53.7244161543414,24.7600669958278,107.108692666674,99.7826415574045,172.390098920888,67.7264838110935,50.6074356004144,34.5917627261449,64.027760095813,62.3703254483977,65.7543102666576,67.2713647274281,85.9423866711844,74.5282769264865,60,55,50,8.00483382226797,0.823595990359504,-0.41757062256791,-2.53251428517214,13.5519442181572,0.745803944056944,-15.0773297447864,0,0,328.301449275362,287.263768115942,307.782608695652,369.339130434783,328.301449275362,348.820289855072,307.782608695652,287.263768115942,266.744927536232,12.5128084280781,9.35883864021704,11.2776459126534,11.366392915581,28.6450323815074,16.152759350548,0,0,0,308.619177434732,218.78064841696,243.998153891985,267.187690168539,307.36021487222,332.348899209184,378.87207799621,427.1847640172,382.682030921064,0.46180370770403,0.587460494797763,0.49220991231815,0.644808582950587,0.525330945911348,0.648408757010169,0.849023633632144,0.9,0.9,49.9999999999863,49.9999999999254,49.9999999999617,50.0000000000481,50.0000000000044,49.9998099064632,50.0000000000159,50,50.0000000000006
9.9,172.878844673034,145.193641215881,156.982451731631,57.4346645828669,45.3338027035671,52.5242545056022,71.6475368520084,57.8507241913423,63.2102125632657,34.8828129432826,69.3987427319276,31.9839216964648,138.358108636737,128.894651003013,222.685642412058,87.4859730935266,65.3723698637523,44.6840564107576,64.0325990711074,59.4626300356143,64.4228831116064,62.512717997868,81.1829438490856,66.4796415365446,60,55,50,8.60683932047076,-1.17973677829447,-1.10585600073927,-7.58663380241029,6.86195870687378,-11.4839541491808,-21.9288706396373,0,0,333.959420289855,292.214492753623,313.086956521739,375.704347826087,333.959420289855,354.831884057971,313.086956521739,292.214492753623,271.342028985507,12.5123728340768,6.43125418871392,9.92916733251093,6.59602351145497,23.8822574109805,8.10776185985413,0,0,0,309.044011718341,212.907961261935,238.942424600841,258.093581560687,297.803806568445,316.236767879981,384.11768284672,436.008601301471,386.552239988516,0.459464892671293,0.587770597036629,0.492477645876223,0.64620452357023,0.523673467962827,0.650609848222096,0.85382710053416,0.9,0.9,49.9999999999997,49.9999999999301,49.9999999999661,50.0000000000203,49.9999999999862,49.9998110298939,49.9999999999871,50,50.0000000000003
10,171.899636149362,142.890000135795,153.609327232264,56.0566044402648,44.236867377839,51.6204848184159,70.5353014277286,57.0640859997846,61.5603210249763,37.2828402258722,74.1735547920919,34.1844978025413,147.877502500861,137.762934632836,238.006987571317,93.5052331402939,69.8701571108887,47.7584344621195,63.3378267364203,58.1439835714014,63.6404887003714,60.0990801019882,79.039164319374,63.2155133712458,60,55,50,8.4901450108545,-1.571869446558,-1.0764123988728,-9.72299646244167,4.00960257631241,-16.8794796282975,-25.7598650513156,0,0,329.971014492754,288.724637681159,309.347826086957,371.217391304348,329.971014492754,350.594202898551,309.347826086957,288.724637681159,268.101449275362,11.7551088383252,5.00422326993442,9.01446829800784,4.04479043865946,21.6150336782684,4.76939913531723,0,0,0,309.900216787526,210.08474536099,236.264533977369,253.499089070287,293.307411913927,309.581192354483,388.93284356751,443.209605429514,391.217306211733,0.457157788048779,0.588183774148296,0.492738250983319,0.647993554919319,0.522704964925071,0.653845081817519,0.859469737640639,0.9,0.9,50.0000000000126,49.9999999999659,49.9999999999863,49.9999999999917,49.999999999995,49.9998121465216,49.9999999999476,50,50.0000000000001
10.1,177.256737276523,147.616085893486,157.303652734785,58.2876412116312,43.5808773368097,53.3097437272522,71.248414437889,57.3486619860235,62.7493741982895,35.4379667413001,70.5032114474496,32.4929401530369,140.560053463293,130.945986575198,226.229645023028,88.8782968810345,66.4127595672509,45.3951952649432,63.73054754777,59.6119770506162,65.0983225030992,62.9814390216439,82.009316743092,66.5092245847026,60,55,50,8.26622746840415,-1.06426963364752,-0.391599900750527,-6.92959169339557,8.09849949233404,-10.7621040047471,-20.8994253879344,0,0,338.828985507246,296.475362318841,317.652173913043,381.182608695652,338.828985507246,360.005797101449,317.652173913043,296.475362318841,275.298550724638,12.2172803319338,6.59409204790038,10.6228272407627,7.08509852568152,24.7247494990965,8.14374937940756,0,0,0,306.973222717655,213.214265501001,240.019631053933,259.192833185436,299.469555871962,316.297088612318,381.575111956618,432.286059234434,382.846018738595,0.454911530584538,0.588463525023426,0.492833059380343,0.649268599790904,0.520748805627405,0.655907818418429,0.864047707011329,0.9,0.9,50.0000000000023,49.9999999999789,49.999999999962,49.9999999999907,50.0000000000013,49.9998132566676,49.9999999999943,50,50.0000000000001
10.2,172.609447883647,148.265355651129,156.605324559132,58.4373582762588,44.5727163431681,52.0086900199993,73.6231346078777,58.8422005909278,63.4952870025613,39.7905027966227,79.1625053646549,36.4837643047711,157.823817637553,147.028938851468,254.015457170033,99.7944421140378,74.5696589926645,50.9706907658972,64.6780346227843,58.5779680865381,65.1076584389756,60.8431228133761,79.9471721029076,62.8843219983323,60,55,50,9.53722995134845,-1.64188697593262,-0.195127485596925,-9.51944691825998,4.53560444879725,-17.31355193381,-25.505908775529,0,0,343.744927536232,300.776811594203,322.260869565217,386.713043478261,343.744927536232,365.228985507246,322.260869565217,300.776811594203,279.292753623188,13.1050151167213,5.45729646138863,10.5001847443616,4.80821986673471,22.5395875978867,4.44440494115082,0,0,0,308.446185338842,210.955573121808,238.348664848727,255.015363356468,295.120908187155,308.912858914372,385.650798365121,437.635047989389,385.17322414527,0.452319892010802,0.588895106742814,0.492880300771593,0.651020178023864,0.519653248997261,0.659226249205743,0.869634715600255,0.9,0.9,49.9999999999783,50.0000000000279,49.999999999936,49.9999999999939,49.999999999999,49.9998143602014,50.0000000000025,50,50
10.3,174.151547663646,143.121796688743,161.396923429735,59.5324613062952,42.6451307236483,54.2224751431333,73.3247471583334,58.8191667127196,65.5278427792349,53.473446957206,106.384482077359,49.0296050120777,212.095423477327,197.588459814978,341.364926819801,134.111218304633,100.21227238927,68.4982178529721,64.0118516014069,55.8413253455956,64.4498489135967,55,72.5111384731475,45,60,55,50,-0.728687869208163,-23.6637269318575,-29.9680723699038,-54.4337052091685,-46.8229134871579,-84.5524257660095,-54.9448374608647,0,0,335.350724637681,293.431884057971,314.391304347826,377.269565217391,335.350724637681,356.310144927536,314.391304347826,293.431884057971,272.472463768116,13.034422986075,3.90937648945739,11.6019184119212,1.27092129586956,23.134358031665,0,0,0,0,320.774852997367,207.838630386573,238.576672484305,251.316823326973,296.294551086891,300,398.099823660206,470.599555044019,411.553596864091,0.45248749022072,0.595115286393474,0.500135728819043,0.661035979782351,0.529225933532413,0.675432130810894,0.881670251425015,0.9,0.9,50.0000000003132,50.0000000000133,50.0000000000298,50.0000000000015,50.0000000000013,49.9998154571905,49.9999999999993,50,50
10.4,179.242142564851,147.69058092073,158.816493052293,58.4941130126766,44.9262069812118,54.7885374903248,74.2270731234236,60.1427796771242,65.0853864634606,50.7672190054911,101.000489172303,46.5482746491517,201.361524764859,187.588741388082,324.088851323225,127.324008048578,95.140647721765,65.031604003584,62.8295539812092,55.0064456031056,63.8157580158394,55,71.2934709647339,45,60,55,50,1.08443819756262,-18.5467021589657,-21.6684723629869,-42.5194014351308,-33.151062938549,-66.7074532530134,-48.2063509074078,0,0,336.417391304348,294.365217391304,315.391304347826,378.469565217391,336.417391304348,357.44347826087,315.391304347826,294.365217391304,273.339130434783,11.8816303305354,3.12714122697893,11.0278613966476,1.31571473713823,21.9470411903186,0,0,0,0,316.737244611173,206.087262632421,236.894863102889,250.149866713773,293.81299369179,300,397.953425960972,465.918210007585,406.777860032262,0.452192805927904,0.599990419532402,0.505381780022714,0.668859549646415,0.536003484177628,0.688217726017722,0.892229737814257,0.9,0.9,50.0000000001625,50.0000000000084,49.9999999999313,50.0000000000148,49.9999999999918,49.9998165476951,49.9999999999849,50,50
10.5,173.45579942239,150.935801913707,162.42468241579,59.7841758310897,46.432092627789,53.8649907386858,73.6257914044318,59.691728671792,64.8808822433074,49.5361975347206,98.5513936109336,45.4195556323738,196.478839338545,183.040023281255,316.230230302974,124.236610497111,92.8336436671242,63.4546946834497,64.1614234177803,55.0650837159282,63.1108180128837,55,70.5635957414499,45,60,55,50,5.4137454762503,-12.5079749583981,-13.4076266108622,-30.5701773869344,-19.0772589159555,-49.0541038416102,-35.4729360653477,0,0,344.765217391304,301.669565217391,323.217391304348,387.860869565217,344.765217391304,366.313043478261,323.217391304348,301.669565217391,280.121739130435,13.2458710121107,3.24721770348831,10.4276118227399,1.46409584163913,21.287850235129,0,0,0,0,313.901330638746,206.378043226296,236.203062406404,249.942176451032,292.518914384507,300,399.172074531846,455.855807121525,398.213837796322,0.450721679439793,0.603278230092895,0.508627836991659,0.674484462285611,0.539903723778223,0.697619762587364,0.9,0.9,0.9,50.0000000000258,50.0000000000024,49.9999999999384,49.9999999999949,49.9999999999835,49.9998176317548,49.9999999999924,50,50
10.6,179.89282219916,154.388334638259,176.004267828318,62.0537513799924,46.5831727371384,54.687049136475,76.6002458120557,58.9856820739765,69.7097896693191,44.8110909621108,89.1508772034221,41.0871229563873,177.737323006239,165.580394563271,286.065994571817,112.386059707313,83.9785259616647,57.4019451824093,63.2178262256323,54.8487501515872,59.5774036446313,55,69.5423239268624,45,60,55,50,9.65313102737958,-2.26876962289249,-1.07312648767568,-9.17030316165803,6.14693051688103,-17.887131231931,0,0,0,346.48115942029,303.171014492754,324.826086956522,389.791304347826,346.48115942029,368.136231884058,324.826086956522,303.171014492754,281.515942028986,11.9696169029483,2.35176877313554,5.8299359123955,0,19.5431716924168,0,0,0,0,310.945196910925,204.700053347422,229.921547854014,245.829466867944,289.085165980029,300,424.160218562847,444.793193542888,395.595792822742,0.44809854600844,0.60387459239377,0.50888764656236,0.676171798067356,0.53841895795289,0.701048129406817,0.9,0.9,0.9,50.0000000000363,50.0000000000006,50.0000000000314,50.0000000000004,49.9999999999905,49.9998187094082,49.9999999999962,50,50
10.7,176.685835923557,152.996236253145,164.27410536305,58.6681758306434,45.3054969550426,54.2795508460159,74.9960793642259,61.2015692950175,66.7035390487301,39.7905027966227,79.1625053646549,36.4837643047711,157.823817637553,147.028938851468,254.015457170033,99.7944421140378,74.5696589926645,50.9706907658972,62.5152878588444,54.5017603061256,59.2950173763542,55,73.4836101328851,55.390401256169,60,55,50,10.8696640194479,1.28879614164875,4.82864525972148,-0.596315785024016,16.3729300650599,-2.8642762049696,0,0,0,339.849275362319,297.368115942029,318.608695652174,382.330434782609,339.849275362319,361.089855072464,318.608695652174,297.368115942029,276.127536231884,11.8989202947593,3.24259954121173,7.35752208300597,2.28095327688431,19.2773349912616,0,0,0,0,309.129810045619,206.176218360453,232.362084083929,249.360335355513,288.380964359733,300,416.181825826089,443.403112345653,391.546693582743,0.445144832959677,0.60347434514481,0.507506455126512,0.6762815201718,0.534464143927513,0.701597115679437,0.9,0.9,0.9,49.9999999999648,50.0000000000087,50.0000000000788,50.0000000000199,49.999999999993,49.9998197807024,49.9999999999981,50,50
10.8,173.148920590761,150.892826862225,167.294524411539,60.2333727462558,44.7508504916973,52.4501206899234,74.5712603831345,60.2366140624234,66.6424472054578,46.295511459437,92.1041056706171,42.4481825999517,183.625082481531,171.065441375743,295.542269681688,116.108981132822,86.7604141638095,59.3034526482108,63.8836254998146,54.9784626869569,61.2136796400998,55,69.9712492600701,45,60,55,50,8.03118057324732,-6.71638181877681,-6.2954615571121,-18.3073255192878,-4.31760544692511,-30.5435824409297,0,0,0,341.379710144928,298.707246376812,320.04347826087,384.052173913043,341.379710144928,362.715942028986,320.04347826087,298.707246376812,277.371014492754,12.6367736155539,2.48594080825262,7.46720976990185,0,19.970697112775,0,0,0,0,313.168757191694,204.962292164075,231.958257827435,246.498955804632,289.939076916371,300,430.636763255087,453.289781849421,398.574885360915,0.442962446934338,0.605239794080032,0.509030619503497,0.679650068067349,0.53534685437444,0.707451302313948,0.9,0.9,0.9,50.0000000000023,50.0000000000032,49.9999999999947,50.0000000000069,49.9999999998514,49.9998208456517,49.9999999999991,50,50
10.9,182.36843151931,144.28905928552,158.79639746492,56.7625568629128,44.0213311561757,52.1933745931294,75.4588518848357,58.355813654277,63.0961675845666,41.3168294116055,82.199105315763,37.8832475120519,163.877792239725,152.668831960854,263.759253444167,103.622463936344,77.4300816360385,52.9258789749452,61.5872834366199,56.1292063959135,60.6303812783926,55,72.52416506282,53.1436226668261,60,55,50,10.461283599335,3.74985277482559,6.83197204727969,-0.399514456629738,15.7326461921917,-4.92122659502933,0,0,0,343.002898550725,300.127536231884,321.565217391304,385.878260869565,343.002898550725,364.440579710145,321.565217391304,300.127536231884,278.689855072464,10.8206766610951,4.62123596433887,8.4257985504992,2.1200702740117,19.3698105957111,0,0,0,0,306.724179839785,209.139076527377,234.476177167005,249.77544398712,288.686113598786,300,417.516098429876,440.658359058431,387.332191487048,0.440119706825823,0.604075243528844,0.507076394089516,0.679723578727369,0.531546698289369,0.708394537411329,0.9,0.9,0.9,49.9999999999779,50.0000000000122,49.9999999999117,49.9999999999942,49.999999999931,49.9998219042922,49.9999999999995,50,50
11,173.171467091779,135.751525971204,154.538186091177,58.4245851755839,41.9703562755945,50.1499680006156,69.4504391808676,57.7950515897875,62.4035819084131,43.5185441722586,86.5793781020229,39.9019916029363,172.610605460288,160.804335715783,277.814606912402,109.14435687036,81.5562199696047,55.746223387117,63.3386365931659,57.7671678722159,62.3853122243879,55,70.3315592632327,46.7776638230917,60,55,50,10.2995668362752,1.74315733751506,3.48446848830833,-6.70377102901617,9.14906873450649,-13.5714424276956,0,0,0,340.173913043478,297.652173913043,318.913043478261,382.695652173913,340.173913043478,361.434782608696,318.913043478261,297.652173913043,276.391304347826,12.0907401034694,5.26954533422094,8.6371551917821,0,19.3067047727333,0,0,0,0,310.610068596809,210.541399290585,234.585451810633,246.635767429733,288.611888191307,300,419.681752572967,446.699097646347,391.758500947705,0.437320911489878,0.603533890318435,0.506079692576842,0.680957072596708,0.529336778305189,0.710995730543304,0.9,0.9,0.9,49.9999999999927,50.0000000000043,49.9999999998925,49.9999999999982,49.9999999999354,49.9998229567127,49.9999999999998,50,50
11.1,175.717932977461,148.145165682498,154.026588990398,57.0305802711505,43.5072343546389,52.4668182259159,73.996215945301,58.7104964075893,66.6320673104639,42.2510945820445,84.057809437822,38.7398717786682,167.583432669505,156.121012932721,269.723435289269,105.965597722491,79.1809475530751,54.1226505095797,63.0590783595313,55.4092021140896,61.744226772565,55,71.7374825755487,50.7063224481878,60,55,50,10.4748999226717,0.304665638142451,4.3626619489533,-4.50142659474971,12.0029862305366,-8.91552405432103,0,0,0,342.817391304348,299.965217391304,321.391304347826,385.669565217391,342.817391304348,364.24347826087,321.391304347826,299.965217391304,278.539130434783,12.3965229198123,4.07788447281094,9.70075152364957,2.18376549122655,19.8492063298721,0,0,0,0,310.45078623159,207.970490041661,235.581991462167,250.017351831451,289.59946886038,300,418.570509319965,442.92622656936,392.21558738526,0.4344744712935,0.603439273660627,0.504831791561695,0.681785335090142,0.526437506268827,0.712704539320382,0.9,0.9,0.9,50.0000000000166,50.0000000000007,50.0000000000133,49.9999999999736,49.9999999999608,49.9998240029057,49.9999999999999,50,50
11.2,179.398419101741,140.020087501317,158.391627120904,58.1079055598661,42.3718075159388,54.934464146388,72.8456481182608,59.076492378345,65.5299515338826,47.3031176020028,94.1087203665916,43.3720529316563,187.621620271153,174.788622826323,301.974647182906,118.636053821045,88.6487252222067,60.5941722294396,62.9930973393921,56.954637733382,62.9241253692962,55,70.6300651985946,45,60,55,50,6.38954210254418,-6.31014161711164,-7.1931674240698,-22.1155753431489,-8.84676449768155,-37.13810290593,0,0,0,343.559420289855,300.614492753623,322.086956521739,386.504347826087,343.559420289855,365.031884057971,322.086956521739,300.614492753623,279.142028985507,12.1356486935472,5.25809510865998,10.4551686077582,1.79931915076247,21.5245602660988,0,0,0,0,313.286524776729,210.583093667121,237.827507078546,251.261649114775,293.091128882917,300,429.394745417568,452.110724846928,396.982094777815,0.432738182678678,0.605097939457125,0.506573295253838,0.685854600953282,0.528246178121687,0.719822675710685,0.9,0.9,0.9,50.0000000000405,50.0000000000025,49.9999999999497,50.0000000000082,49.9999999999478,49.999825042908,49.9999999999999,50,50
11.3,185.79481561377,153.944848604623,166.403701656799,59.6088870282029,47.0141264430576,55.7858990118566,76.2101376063208,62.1413972453419,65.2683734289362,50.4134417528864,100.296655551493,46.2238975995228,199.95831362966,186.281507490935,321.830400581448,126.436735934004,94.4776490856098,64.5784237300225,62.2196953218852,54.5046981747211,62.698241038359,55,70.8874186139666,45,60,55,50,2.29143315763084,-15.3553414774098,-17.1593101212034,-34.9029398256349,-24.3484862542961,-55.8234597444003,0,0,0,345.460869565217,302.278260869565,323.869565217391,388.64347826087,345.460869565217,367.052173913043,323.869565217391,302.278260869565,280.686956521739,11.419328039054,2.90780369330802,10.3490762175093,1.91743889842406,21.8479846044691,0,0,0,0,312.544926651028,205.979596338723,236.390693396008,250.915969233169,293.77831869772,300,438.777308322934,459.340785461387,399.15984063722,0.432115510624974,0.609134200645473,0.51072765454634,0.692276741881198,0.53322409086701,0.730522172161695,0.9,0.9,0.9,50.000000000046,50.0000000000065,50.0000000000264,50.0000000000177,49.9999999999841,49.9998260767659,50,50,50
11.4,172.338185756046,151.624096075468,159.690550583987,59.5511488028916,43.2894371141787,53.7862955452416,74.3208745728097,59.7123388562357,63.4645460540722,57.8071038062127,115.0062161457,53.0031188896238,229.284305752507,213.601651985797,369.030217488406,144.980014554099,108.333791111298,74.0495295382062,65.1226787902024,54.7493845962407,66.2435924224009,55,51.0523663255068,45,60,55,50,-1.97565248377493,-29.432396009158,-34.9659869957388,-63.1939540131293,-53.0461586456378,-90,0,0,0,349.171014492754,305.524637681159,327.347826086957,392.817391304348,349.171014492754,370.994202898551,327.347826086957,305.524637681159,283.701449275362,14.965341168695,4.43704832376831,15.7794955460649,4.38805194874877,31.3349592208366,11.1825964051195,0,0,0,319.231649557791,209.140288548171,246.170827866934,260.409761572587,312.938758455854,322.540348838535,451.953063039952,467.521492286374,403.812626316916,0.432569910696243,0.61687071616788,0.519193104029519,0.703904429419614,0.544069083301229,0.747772172161695,0.9,0.9,0.9,50.0000000000734,50.0000000000029,50.0000000000688,49.9999999998978,49.99999999998,50.0134281235092,50,50,50
11.5,184.226479746057,148.87878981873,158.540936971058,59.4697751185131,43.0434710781407,53.0420940977119,74.2630167366007,59.550251204733,64.9928513728092,52.9246929675228,105.29274566794,48.52645451601,209.91886265229,195.560772022089,337.861779441249,132.734945214087,99.1838762895607,67.7952770015418,63.0819915481649,55.7684040468491,65.011021597573,55,71.9468221039176,45,60,55,50,2.00033868455578,-16.3806545142713,-18.2227311382326,-39.3241701465971,-29.1416045188968,-65.9525976101563,0,0,0,351.11884057971,307.228985507246,329.173913043478,395.008695652174,351.11884057971,373.063768115942,329.173913043478,307.228985507246,285.284057971015,12.4797754592432,4.55637396598741,13.1912282938553,2.57329517154728,23.2377281644462,0,0,0,0,313.512343741758,209.113326526078,240.642316013175,252.910303929079,296.471651881419,300,437.824048907209,456.505141987047,397.504070403336,0.432026340401526,0.621176488211631,0.523604923147196,0.711140076726588,0.550026922447315,0.760413086703642,0.9,0.9,0.9,50.000000000083,50.0000000000028,50.0000000000356,49.9999999999553,50.0000000000405,50.0056765643589,50,50,50
11.6,175.693126548889,145.142971667741,156.945660008108,57.1153733392057,44.6801083368619,52.0151702662802,74.8820680505266,57.9969815183496,65.4853675307977,51.6588946901308,102.77446226155,47.3658487743384,204.898239577529,190.883550965692,329.781149503995,129.560327553011,96.8116985269153,66.1738194165818,64.7263101333723,56.7221213422185,64.7515619976158,55,70.8753014797563,45,60,55,50,6.37971840139081,-9.97127170858601,-10.2991133871739,-28.4203784536544,-17.1476723435879,-49.2413527274575,0,0,0,356.869565217391,312.260869565217,334.565217391304,401.478260869565,356.869565217391,379.173913043478,334.565217391304,312.260869565217,289.95652173913,14.3036906814212,5.87223314911709,13.4795066845156,3.30468684722346,22.5306734067395,0,0,0,0,313.07949097129,211.720352852384,241.545450986797,253.590779793227,295.04760323498,300,429.877178212233,447.547810480048,391.702665208249,0.430292721270714,0.623797508203602,0.526098392704091,0.716369426362061,0.553532668793115,0.769851012643071,0.9,0.9,0.9,50.0000000000078,50.0000000000012,50.0000000000383,49.9999999999873,49.9999999999746,50.0022986335126,50,50,50
11.7,173.819403960597,144.170214154808,157.463097156924,58.1711334918125,44.0498218235693,51.133030637926,69.4489655790103,57.108509413845,63.2329354996775,46.6297737939408,92.76911470515,42.7546664936168,184.95089025012,172.300566163969,297.676140674665,116.947309900921,87.3868407366388,59.7316347743268,63.9115546559427,56.5144203794752,62.9342530135947,55,69.69356824024,45,60,55,50,9.04040739594138,-3.23493142670327,-1.62340358789499,-14.3470454465822,0.616785277396756,-24.8160971892617,0,0,0,348.197101449275,304.672463768116,326.434782608696,391.721739130435,348.197101449275,369.959420289855,326.434782608696,304.672463768116,282.910144927536,13.1060993394012,4.90372656471337,10.5036697452698,1.72754051826364,20.5569834899921,0,0,0,0,310.441199711337,209.549919404997,237.050979622925,250.20278954637,290.979377095938,300,419.961492871235,444.822886382368,390.054425346468,0.427836088826164,0.624647833035764,0.52649142725695,0.719009282724232,0.553383686842053,0.774607431271013,0.9,0.9,0.9,50.0000000000433,50.0000000000054,50.000000000121,49.9999999999542,50.0000000002012,50.0008272013674,50,50,50
11.8,181.505117471312,147.835534975673,158.492534510602,57.8756693997916,45.7656348328006,54.9976905093882,72.2091655209727,61.0423773152704,65.2306577665343,46.797506632722,93.1028162373401,42.908460110841,185.61618058573,172.920351780215,298.746917134647,117.367983275066,87.7011815896237,59.94649656435,63.2189639713079,56.3028902759704,62.9082837027774,55,69.6832320513192,45,60,55,50,9.35953031273356,-1.40133709594616,1.32525010805352,-10.4824579460222,4.29762699741887,-20.9408814241901,0,0,0,356.220289855072,311.692753623188,333.95652173913,400.747826086957,356.220289855072,378.484057971015,333.95652173913,311.692753623188,289.428985507246,12.7106244117832,5.27658102008732,11.3844301233748,2.98243274874882,21.181169077566,0,0,0,0,308.239145835809,210.576268270665,238.647232771011,252.206682707945,292.372274989629,300,415.620627056908,442.050805281706,385.748168823638,0.425292738197704,0.625016184500985,0.526112351139085,0.7209380549863,0.552345612688087,0.77862110021065,0.9,0.9,0.9,50.0000000000404,50.0000000000229,50.000000000044,49.9999999999777,50.0000000000586,50.0001868234333,50,50,50
11.9,174.700741128986,148.932288137269,162.378785618911,60.494448939982,45.8499836300214,51.8658713369859,74.9946709942788,58.8561518862611,63.9058307074721,52.3797061528542,104.208503986944,48.0267581287287,207.757243833529,193.547004227841,334.382681034595,131.368120185327,98.1625400894866,67.0971618119966,64.6526075948455,55.9598147679125,64.3572849285267,55,71.2085167195298,45,60,55,50,4.51272174477505,-14.3116827251515,-16.1045364522717,-35.6901431521055,-25.0946516105035,-57.4577492340278,0,0,0,352.324637681159,308.284057971015,330.304347826087,396.365217391304,352.324637681159,374.344927536232,330.304347826087,308.284057971015,286.263768115942,13.9059871601257,4.46604814709134,12.1450723553252,2.08579020043133,22.2552639263658,0,0,0,0,313.564456528355,209.029085661997,239.295046601161,251.815820752264,294.558520880398,300,436.058443353519,453.734634004733,394.739224403527,0.424066455114885,0.628778112531596,0.530011344174899,0.727505041326287,0.557476074795123,0.789633835480505,0.9,0.9,0.9,49.9999999999987,50.0000000000131,50.0000000000344,50.0000000000057,50.0000000000601,49.9999087035838,50,50,50
12,173.509987118383,151.706543603519,161.890065490526,57.8624480920184,43.5252508979113,54.2006670024762,74.1861383588648,58.4953773702384,65.3138679811588,59.5646336793099,118.502790911762,54.6145915060018,236.255317795305,220.095858745687,380.249974033997,149.387893340676,111.627501773265,76.3008836397449,65.425461282364,54.8389580109798,66.3490496544143,55,50.6879336967149,45,60,55,50,-1.69951132221459,-29.4014354380014,-34.9411699173912,-63.291241076365,-53.4643578192718,-90,0,0,0,353.298550724638,309.136231884058,331.217391304348,397.460869565217,353.298550724638,375.379710144928,331.217391304348,309.136231884058,287.055072463768,15.2001386258633,4.39043621735779,15.6866619522049,4.13049175753903,30.7160350771322,10.9300189652271,0,0,0,319.843883123595,209.098938578223,245.898391131148,259.777957898258,311.737829979544,322.045653970999,452.356640395193,465.986647259446,404.559679157135,0.424457342718994,0.636506489846728,0.538470785312793,0.739150629684338,0.568406565727063,0.806883835480505,0.9,0.9,0.9,49.9999999999169,50.0000000000065,50.0000000000024,49.9999999999712,49.9999999999811,50.0156365530678,50,50,50
12.1,167.306283965162,140.818725322185,157.80120148324,55.6578370409809,42.3849107026613,51.4811834719985,69.8099184554132,56.6409349399749,63.6108246758885,53.473446957206,106.384482077359,49.0296050120777,212.095423477327,197.588459814978,341.364926819801,134.111218304633,100.21227238927,68.4982178529721,66.0960832221973,57.3492068312286,65.0706570112202,55,71.6358466068113,45,60,55,50,5.94851268434494,-12.9663732091982,-15.4362234508007,-35.7238191216841,-25.8944583534231,-63.1615752128769,0,0,0,356.220289855072,311.692753623188,333.95652173913,400.747826086957,356.220289855072,378.484057971015,333.95652173913,311.692753623188,289.428985507246,15.7766829770285,6.71206640262599,14.1239568958163,3.74571767992457,23.5078538197397,0,0,0,0,315.454254543301,213.394646197309,243.066840142762,254.957177080654,296.997677252052,300,429.964615020915,450.160453706057,392.680057021614,0.42284089905477,0.639914793661717,0.542207976253514,0.745723812402728,0.573700543879318,0.818989804062973,0.9,0.9,0.9,49.9999999999859,50.0000000000027,49.9999999999319,49.9999999999844,49.9999999999865,50.0065517689032,50,50,50
12.2,178.773334383316,154.015022551465,161.805400705614,58.2037560555362,45.4165624921736,53.6458188730356,73.2014032765784,59.4653507375311,65.3585798818443,61.9629271515167,123.274153586669,56.8135778877746,245.767834727637,228.957735814074,395.560250857697,155.402804997056,116.12203976141,79.37304072111,64.5733939378638,54.1829477186424,67.1201132485527,55,50,45,60,55,50,-2.88609609797015,-30.7135279746104,-35.1983904455377,-64.7197252093705,-55.0853417106559,-90,0,0,0,349.495652173913,305.808695652174,327.652173913043,393.182608695652,349.495652173913,371.339130434783,327.652173913043,305.808695652174,283.965217391304,13.3262741578577,1.68066812120529,13.3736200022283,0,26.7355873549909,8.91138290356755,0,0,0,319.549911979907,203.369431649,239.746710198008,251.069256853461,303.471108292791,317.823194080872,460.952034360591,474.778694846767,410.76640321165,0.423504701157303,0.647988063872186,0.550729691835065,0.757632241841253,0.584962435962386,0.836239804062973,0.9,0.9,0.9,50.0000000000073,50.0000000000014,49.9999999999668,50.0000000000004,50.0000000000164,50.0231430565451,50,50,50
12.3,173.262171112041,144.332068236053,158.931971723855,56.658514000363,43.8782572829257,51.7681981525139,68.9555181242844,57.0492967177059,63.4280556957799,72.6490524311451,144.53401185234,66.6116464878606,288.152950995313,268.443782731555,463.778564462708,182.203569895452,136.148444608006,93.0617138675023,65.4519930459329,54.7416368347572,70.2475300411853,55,50,45,60,55,50,-6.85569623876229,-39.8661838570933,-46.6611621675603,-84.2042230738212,-69.7957649618456,-90,0,0,0,354.828985507246,310.475362318841,332.652173913043,399.182608695652,354.828985507246,377.005797101449,332.652173913043,310.475362318841,288.298550724638,14.2018732259528,2.24660205917714,16.49782534549,0,20.7686328113191,6.92279764375914,0,0,0,298.280222261436,189.551197578894,230.295629913476,240.286581397358,272.864040439394,291.441536356131,441.166840075265,446.648297572301,380.851144807217,0.425081511292219,0.658467175057479,0.562026604780895,0.773125818886836,0.599231792354585,0.853489804062973,0.9,0.9,0.9,50.000000000062,50,50.0000000000137,50.0000000000025,49.9999999999455,50.0496746429167,50,50,50
12.4,172.666520136767,144.591563127506,162.681804759158,58.8617602160722,42.4805478907848,52.7396855298924,75.2255764183867,59.7932471158144,65.6174938994121,73.1002874961537,145.431736076561,67.0253822439018,289.942715778522,270.111130669325,466.659168457967,183.335265863331,136.994084712008,93.6397352883133,66.6105743178422,55.1871076283328,70.5287570391855,55,50,45,60,55,50,-7.97533384873963,-43.9719812493577,-53.1715766189797,-93.2650663706697,-73.6712663228433,-90,0,0,0,353.484057971015,309.298550724638,331.391304347826,397.669565217391,353.484057971015,375.576811594203,331.391304347826,309.298550724638,287.205797101449,15.35809408358,2.68550210075752,16.7737402934538,0,21.5225381593794,7.17748531595759,0,0,0,327.702056572117,205.374623041758,249.538204723304,262.869844417052,293.041107564115,314.355029785731,487.169537933892,492.488781103185,422.051432086276,0.426915838077429,0.670025524414453,0.574899723330753,0.790286591099039,0.614293473469478,0.870739804062973,0.9,0.9,0.9,49.9999999999701,50.0000000000003,50.0000000000058,49.9999999999977,49.9999999999693,50.0649555072901,50,50,50
12.5,181.780211946559,148.859566590494,162.296022488245,59.3481096483825,46.2511039461557,55.9102765443571,74.496834975635,58.9559553260793,65.8543091223275,86.7591349202344,172.605772755875,79.5491287429605,344.118745069116,320.581612355903,553.854808849274,217.591607522894,162.591539457741,111.136395027191,60.7527206413192,45,70.5328617666624,55,50,45,60,55,50,-15.1477288997471,-56.8015712304265,-57.8676243412872,-100,-88.371381008427,-90,0,0,0,353.901449275362,309.663768115942,331.782608695652,398.139130434783,353.901449275362,376.020289855073,331.782608695652,309.663768115942,287.544927536232,13.2522284287037,0,20.5328816483016,0,8.4820151557188,3.71082928122212,2.65054011449251,0,0,322.851902283746,197.564679954033,272.348243218747,306.065914202272,263.913948817796,303.767946309429,406.064534603061,510.186596541468,433.357476498369,0.430399815724371,0.684956223137879,0.588909779750223,0.808686591099039,0.632360511364534,0.887989804062973,0.9,0.9,0.9,50.0000000000232,50.0000000000001,50.0000000000021,49.9999999999989,50.0000000000011,50.0991032707111,50.0404682124186,50,50
12.6,171.059708815819,140.364693964244,159.668872245551,58.5067798488906,42.1704611004161,53.3366483207894,71.0244314438894,55.742757563432,63.0665666839841,73.5533871662213,146.333169899747,67.4408276493999,291.739876273474,271.785368464823,469.551675758618,184.471638254189,137.843219191643,94.2201452240003,65.2036933851794,54.62497711349,70.1218204970708,55,50,45,60,55,50,-6.96685036500543,-39.7093470991181,-46.3655470937667,-83.6321509322818,-59.8467779391877,-62.6618918453589,0,0,0,352,308,330,396,352,374,330,308,286,13.9520138860795,2.12819662745511,16.3710147516742,0,15.9625872382463,5.32135830715303,0,0,0,290.280791003281,184.04406191987,227.443376207326,240.239571988414,256.660551542217,280.320925578999,434.96045077579,434.996795940557,370.751092985696,0.432002191308322,0.695394108661076,0.600135122730819,0.824074906870579,0.644595852632101,0.9,0.9,0.9,0.9,50.0000000000607,49.9999999999983,49.9999999999924,49.9999999999848,49.9999999999564,50.0895022951285,50.0174013313397,50,50
12.7,169.864930667113,143.175908208354,162.461921277607,57.6560075116418,42.4240956960541,51.7865278381017,71.3358040797196,56.7980443547408,62.9075454026919,62.1656410384529,123.677449298817,56.9994454981963,246.571872808984,229.706779067913,396.854340076123,155.911210717863,116.501937082617,79.6327124045213,65.0469887606222,55.0711910200671,66.1781995269549,55,50,45,60,55,50,4.55201350255628,-15.9019567961212,-15.2376918043825,-36.8350400941944,-6.49453826895968,0,0,0,0,358.585507246377,313.76231884058,336.173913043478,403.408695652174,358.585507246377,380.997101449275,336.173913043478,313.76231884058,291.350724637681,13.8048691208615,2.58024855416403,12.4358545274989,0,14.3158251313047,4.77178294585071,0,0,0,290.2730023877,190.636765250453,228.245084757299,243.569396314294,260.479953974928,287.759876944401,414.766318493195,424.600201009777,364.882749908623,0.43076523111741,0.699574051590342,0.603824248115038,0.83085255424791,0.645923624900422,0.9,0.9,0.9,0.9,50.0000000000978,49.999999999999,50.0000000000459,49.9999999999848,49.9999999999733,50.0647703207618,50.0073476784344,50,50
12.8,172.444253731933,147.55061862107,162.150036313326,58.5608365703555,43.8901301370178,51.075266206301,72.3991978322589,58.8213556910714,65.8067526242875,51.6588946901308,102.77446226155,47.3658487743384,204.898239577529,190.883550965692,329.781149503995,129.560327553011,96.8116985269153,66.1738194165818,63.3855943651941,54.2512736769563,62.8056938161946,55,50,45,60,55,50,7.44561791035697,-7.61030039527525,-4.93360353890783,-18.5918991080497,5.88667127485471,0,0,0,0,345.321739130435,302.15652173913,323.739130434783,388.486956521739,345.321739130435,366.904347826087,323.739130434783,302.15652173913,280.573913043478,12.1236887621256,1.73474928585542,9.04351477491778,0,18.2205629557296,6.07415185148504,0,0,0,289.436202201657,189.595154576942,221.536138059259,237.12423407851,269.115119074339,291.35747403495,403.568985679082,420.359982280311,366.755249725987,0.4287419653809,0.701574473408529,0.605018699498142,0.834273463683792,0.644501723626302,0.9,0.9,0.9,0.9,50.0000000000471,49.9999999999983,49.9999999999367,49.9999999999756,49.9999999999576,50.0372422451409,50.0029666032473,50,50
12.9,173.426601001537,141.161651280507,162.734320366537,58.0157760381671,44.0633815762575,52.6529592795617,71.0434534301078,59.4492641685673,64.2480373850314,67.5926242016405,134.474336836669,61.9754262145923,268.097290706988,249.759895253114,431.499230498773,169.522065546733,126.672411326339,86.5845491786482,63.3080707645118,53.2168010146734,66.9118202658828,55,50,45,60,55,50,-3.49156920517149,-30.3810157059671,-33.4818779711869,-62.1872548773148,-24.3851942475177,0,0,0,0,343.605797101449,300.655072463768,322.130434782609,386.55652173913,343.605797101449,365.08115942029,322.130434782609,300.655072463768,279.179710144928,12.0649020470012,0.727276325896875,13.1687256575019,0,8.05452404663959,2.68420602546706,0,0,0,283.549622028345,178.757659780564,223.523639771829,242.647154977349,237.740236748936,271.321262035904,421.689176865457,428.046104969486,364.906969089977,0.429545026298089,0.709560340394097,0.613124838375377,0.845715918581218,0.649487141116906,0.9,0.9,0.9,0.9,49.9999999999019,49.9999999999992,49.9999999999915,49.9999999999949,49.9999999999589,50.0568391060491,50.0010582486554,50,50
13,173.556651165686,141.05781362082,150.151483135504,56.5999702655839,43.0224979062654,52.3494966950687,71.3278201714277,56.0754440510388,63.0158051810047,74.0083552858943,147.238320970555,67.8579862294051,293.544447729059,273.466510323941,472.456110907558,185.612696710135,138.695855251809,94.8029485993363,62.2561447028429,50.9334129740949,69.7835194301331,55,50,45,60,55,50,-8.69690701493115,-40.968678000257,-43.0533865227173,-78.7649282221426,-36.3934662372252,0,0,0,0,340.869565217391,298.260869565217,319.565217391304,383.478260869565,340.869565217391,362.173913043478,319.565217391304,298.260869565217,276.95652173913,11.7881618000505,0,16.8165261001489,0,3.59312259530802,1.19757257807899,0,0,0,271.0536539129,167.905017326792,219.132999884805,236.735009287335,217.062172328038,254.250948163435,417.137842807239,413.249227386309,350.624775358191,0.431545314911523,0.720329250039879,0.623548289849298,0.860208665374092,0.656927583103183,0.9,0.9,0.9,0.9,49.9999999999468,49.9999999999996,49.9999999999921,49.9999999999766,49.999999999993,50.0781744975871,50.0002277675034,50,50
13.1,173.962107106598,149.793128192299,157.701531136221,58.6966651948656,42.7906083265775,51.8155374348361,70.7691867298269,59.3187424462605,65.5849122410131,72.8744371283012,144.982410742621,66.8183008800147,289.046909876005,269.276596356092,465.217380081095,182.768833929151,136.570828313359,93.3504263213466,60.1754049862406,46.0872769082849,66.467087256517,55,50,45,60,55,50,-10.2650084708867,-44.7932506258479,-44.8750774342447,-76.8046978966032,-35.1925631904743,0,0,0,0,338.365217391304,296.069565217391,317.217391304348,380.660869565217,338.365217391304,359.513043478261,317.217391304348,296.069565217391,274.921739130435,12.1325230773228,0,15.9252787895226,0,3.83480047458841,1.27885848472144,0,0,0,258.483567476954,159.626038622594,208.05145910844,224.6235752434,207.188323791282,241.995353543696,395.385725911115,393.791611754361,333.078695988411,0.433906266859827,0.732103475918674,0.634412782280747,0.874340729787067,0.664122507133235,0.9,0.9,0.9,0.9,49.9999999999832,49.9999999999998,49.9999999999963,49.9999999999734,50.000000000026,50.0855366985355,49.9998671331125,50,50
13.2,171.017239972933,139.068019751477,154.495776749582,56.3542596712225,43.5655166625989,51.6532301819787,71.7696095859446,58.9142057712807,62.3715984725118,75.3845087880106,149.976154155289,69.119776266968,299.002780348514,278.551502341938,481.241228873092,189.064084889594,141.274844964477,96.5657686109682,59.5920602614402,47.5690606590944,67.1351121820253,55,50,45,60,55,50,-10.9276986962414,-43.4654084789003,-44.4118716590752,-77.0550773684298,-37.090932048015,0,0,0,0,335.026086956522,293.147826086957,314.086956521739,376.904347826087,335.026086956522,355.965217391304,314.086956521739,293.147826086957,272.208695652174,10.8070563280148,0,15.8497405578804,0,0,0,0,0,0,223.492571346194,139.611829024646,186.013639607706,200.718315630219,174.514786280807,209.417743536969,272.024068001717,345.973754466577,285.758243992921,0.436419637559963,0.743528669004556,0.645165130156102,0.888518864022858,0.671705542129718,0.9,0.9,0.9,0.9,50.0000000000087,49.9999999999999,49.999999999965,49.9999999999827,50.000000000013,50.0936332677952,50.0076287152706,50,50
13.3,177.935191973568,148.777634740483,161.25038131796,57.7692153198565,43.5565244191158,53.4663729791563,72.0207834140995,59.5884962122058,67.1372459558844,66.1016647714531,131.508099277572,60.6083710477612,262.183595410962,244.250686585622,421.981212010372,165.782744500434,123.878268793152,84.6746654948706,58.564634157866,46.8621594977535,63.439026160236,55,50,45,60,55,50,-5.34178830081027,-30.9565891680184,-28.3043076066451,-50.6751469355549,-19.6742807215655,0,0,0,0,338.504347826087,296.191304347826,317.347826086957,380.817391304348,338.504347826087,359.660869565217,317.347826086957,296.191304347826,275.034782608696,10.1348113904183,0,12.5098893549279,0,6.79131297313134,2.26403494877393,0,0,0,224.871248599442,143.626901732948,181.728778035133,194.807350497693,193.113731699546,219.968173241813,339.522956159946,337.249440423137,285.844383174429,0.437648248869149,0.751665829585864,0.652017751997711,0.897843091059,0.675727839521683,0.9,0.9,0.9,0.9,50.0000000000208,49.9999999999999,49.9999999999763,50,49.9999999999944,50.0787127800324,50.003049224317,50,50
13.4,170.606618331028,140.892945873874,158.420769135882,57.6284567948736,41.8802682643985,51.9086443088205,71.5079435870325,58.6049898896885,62.8926263008343,89.836024491798,178.727190433362,82.3703173691635,356.322824547964,331.950953703068,573.497121869977,225.30843582763,168.357805023228,115.077817624302,59.5259480178725,45,50,55,50,45,60,55,50,-23.3438487642724,-70.7418754376724,-32.727682645509,-11.7223312010873,-87.9703524022495,0,0,0,0,335.860869565217,293.878260869565,314.869565217391,377.84347826087,335.860869565217,356.852173913044,314.869565217391,293.878260869565,272.886956521739,12.026161041971,0,10.2690437602272,3.53307957685687,0,0.662513333720966,0.220848106645333,0,0,208.827391805087,125.28915369125,151.149625453053,160.005150407265,156.611442114062,189.258759417978,254.774543833143,332.629706694288,268.306371631521,0.443017334084932,0.770260836843766,0.659941296217149,0.9,0.693712889346143,0.9,0.9,0.9,0.9,50.0000000000673,50,50.0000000000068,50.0521006005785,49.9999999999972,50.1213057138901,50.0148877488538,50,50
13.5,184.921980378705,146.82297271749,164.765516509487,62.5530001205233,45.7064182545225,52.7774199021327,77.464892429388,59.3958278518852,65.156429534661,87.0128164408641,173.110467678691,79.7817283875147,345.124939593837,321.518984898669,555.474266330565,218.227839891087,163.066953015162,111.46135504107,40,45,50,55,50,45,60,55,50,-28.818397015608,-75,-32.0162253146213,0,-92.4949683705832,0,0,0,0,324.730434782609,284.139130434783,304.434782608696,365.321739130435,324.730434782609,345.026086956522,304.434782608696,284.139130434783,263.84347826087,13.8705025649613,10.3783405754352,13.9685926195394,6.59171753350879,0,1.23597326427729,0.41199161329149,0,0,225.052795198469,152.296485138478,192.359556038798,195.26419463682,164.424385593189,199.781175026294,273.603519460229,355.057298737281,291.62307750124,0.449645565398522,0.789975122558052,0.667692592872268,0.9,0.712622971768573,0.9,0.9,0.9,0.9,50.000000000058,50.0123098757336,50.0000000000164,50.0591516011495,49.9999999999986,50.1381557496402,50.0223227236355,50,50
13.6,175.121147370553,144.598069717547,156.966404562087,56.9276627154984,44.7158142319418,52.1613636356804,72.392221397377,57.8660245720314,63.7478578504872,84.9971565864426,169.100347855513,77.933577349485,337.130088789626,314.070968194888,542.606654125785,213.172572012423,159.289492128134,108.879342552963,40,45,50,55,50,45,60,55,50,-27.5478421057814,-75,-31.4924778276,0,-88.8795360500184,0,0,0,0,319.907246376812,279.91884057971,299.913043478261,359.895652173913,319.907246376812,339.901449275362,299.913043478261,279.91884057971,259.924637681159,15.7794728123516,11.6495860827886,15.501823735396,7.33826989553009,0,1.37589628706285,0.45863748182284,0,0,214.771644929037,145.442286031006,183.682326511445,183.552572672469,152.678610916067,185.966161570078,253.002020372418,328.129620135802,268.059784554424,0.455981569082851,0.809689408272337,0.675317087504214,0.9,0.730793899138799,0.9,0.9,0.9,0.9,50.0000000000678,50.0190644579915,49.999999999987,50.058945094139,49.9999999999993,50.1423505154295,50.0227158102299,50,50
13.7,170.45787811389,146.789673100411,160.177669965629,56.6080723825568,43.7554546274508,53.5855153463049,72.5134888289624,57.6415012919927,64.3500351513523,89.836024491798,178.727190433362,82.3703173691635,356.322824547964,331.950953703068,573.497121869977,225.30843582763,168.357805023228,115.077817624302,40,45,50,55,50,45,60,55,50,-27.5400164508883,-75,-34.9853557783549,0,-95,0,0,0,0,320.742028985507,280.649275362319,300.695652173913,360.834782608696,320.742028985507,340.788405797101,300.695652173913,280.649275362319,260.602898550725,15.9939764241058,12.061418769777,14.3705876478746,11.6539063632327,10.2641251443399,8.63773630686507,6.69041006048628,6.32917193157139,0,257.27503217655,174.326194525317,216.496487606724,246.935150597648,208.29107713648,242.583392127778,292.39849181952,300.898569380551,344.293063593442,0.462315772866556,0.829403693986623,0.683787226271605,0.9,0.750216121361021,0.9,0.9,0.9,0.9,50.0000000000835,50.0265548815688,49.9999999999778,50.0670798366254,50.0135951756468,50.1614404792163,50.0472739047732,50.0480471369357,50
13.8,175.752529615195,147.766999551012,158.572497915237,59.1266467230524,44.6199104822745,51.6138700019179,72.5622326008403,60.2109604188497,63.6443106968583,91.1392348522568,181.319904520902,83.5652261109187,361.491837750026,336.76641525624,581.816583857996,228.576882862441,170.800095151399,116.747199200739,40,45,50,55,50,45,60,55,50,-30.2398429904868,-75,-35.0638515393979,0,-95,0,0,0,0,312.950724637681,273.831884057971,293.391304347826,352.069565217391,312.950724637681,332.510144927536,293.391304347826,273.831884057971,254.272463768116,12.0975157480541,9.67166607310411,12.1004209375367,9.64980105194539,8.49168300624333,7.0777884219099,5.43640060939846,5.00380658689113,0,166.652299699482,114.325419237805,142.9261876984,159.873409875838,135.717224565037,156.62930406978,185.019107573996,189.833089807445,213.537399799999,0.469270936754368,0.849117979700909,0.69227636927588,0.9,0.769638343583244,0.9,0.9,0.9,0.9,50.0000000000699,50.03137236207,49.9999999999688,50.0693320901004,50.0231093651024,50.1731123693487,50.0489829246874,50.0385102867289,50
13.9,169.325994422403,143.98699508757,155.000887829622,56.4041076881301,43.32806487247,50.5026684675051,70.6347191962138,57.6934434891063,63.6423164883661,90.0956660206597,179.243742687715,82.6083817231411,357.352658664704,332.910348930252,575.15462697845,225.959615875664,168.844387974103,115.410412267431,40,45,50,55,50,45,60,55,50,-28.8252235904682,-75,-34.8849112844693,0,-95,0,0,0,0,313.321739130435,274.15652173913,293.739130434783,352.486956521739,313.321739130435,332.904347826087,293.739130434783,274.15652173913,254.573913043478,14.2397156148642,11.1291628336874,13.6660305568237,10.9726778873993,9.66114149557754,8.08357317633231,6.2293635905052,5.79281471205658,0,175.282746392454,120.135570360886,149.679707967834,166.621194044863,141.675469320489,162.985312460844,191.416164708428,196.362927418253,219.140748559841,0.475900738180175,0.868832265415195,0.700722189902646,0.9,0.789060565805466,0.9,0.9,0.9,0.9,50.000000000042,50.0331775730656,49.9999999999625,50.0692942734938,50.0271954555727,50.1772310758572,50.0495322234434,50.034443763501,50
14,169.12818043674,150.957430506706,162.824831197854,54.8958627134764,43.9037492700472,54.0183579513304,73.2032041581416,58.9272723274693,66.6471385680951,80.5762491159298,160.305030210499,73.8800637009698,319.595138352208,297.735378331339,514.384371085822,202.084951508792,151.004460792912,103.216264890037,40,45,50,55,50,45,60,55,50,-27.9458267899442,-75,-33.7088828132514,0,-89.9606969373191,0,0,0,0,307.75652173913,269.286956521739,288.521739130435,346.226086956522,307.75652173913,326.991304347826,288.521739130435,269.286956521739,250.052173913044,15.3336712546995,10.2512878927928,11.8421132405867,5.85226405881597,0,1.17896745037952,0.610861956272432,0,1.30930658788181,152.469477740708,101.706086384731,125.187972136803,123.962480229365,101.504358316951,124.163179412621,168.888225966103,218.954364895934,179.364835548615,0.482328278341863,0.88854655112948,0.708883287846907,0.9,0.807452530512651,0.9,0.9,0.9,0.9,50.0000000000339,50.0308319171393,49.9999999999864,50.0539980125235,50.011571697428,50.1552649851193,50.028491525475,50.0145222935593,50.0000000000008
14.1,173.992850968473,146.06773709777,168.595956751087,57.4128236031018,43.5872480124998,52.4158394804237,75.9567238039473,59.4580133510744,64.5935983872649,85.4981208605991,170.097007466555,78.3929096327903,339.117097967457,315.922069348553,545.804720502984,214.428988663251,160.228327590513,109.521065911758,40,45,50,55,50,45,60,55,50,-17.5103330296589,-43.5729033117601,-18.0323446447468,0,-95,0,0,0,0,297.553623188406,260.359420289855,278.95652173913,334.747826086957,297.553623188406,316.150724637681,278.95652173913,260.359420289855,241.76231884058,5.19291934854056,1.83609748343281,0,0.633044335758612,0.596367014997502,0.770249701703317,0.77301180350947,1.25120378719408,0,221.192751077108,144.21484612814,175.677238397641,212.841901703407,176.870050045982,212.353273882886,268.97719087818,278.980460619895,333.706822253725,0.486355654938684,0.9,0.713249013392477,0.9,0.826874752734873,0.9,0.9,0.9,0.9,50.0000000000034,50.0258541176256,49.9999999999932,50.0546506864525,50.0120341396593,50.1574260501773,50.0438561513115,50.0302057011219,50.0000000000004
14.2,169.864857060531,137.277920552286,153.784323014427,56.9933744059726,41.7472969294355,50.7903824846617,70.4599283790152,55.0352552147527,63.246497702201,103.155067667576,205.225192538128,94.5824986143677,409.151064794758,381.165832807782,650,258.712549618632,193.318447335359,132.13919617687,40,45,50,55,50,45,60,55,50,-7.81412762665786,0,-12.2363868461856,0,-95,0,0,0,0,305.205797101449,267.055072463768,286.130434782609,343.35652173913,305.205797101449,324.28115942029,286.130434782609,267.055072463768,247.979710144928,0,0.172952759684227,0,0.173234051643058,0.25532194942036,0.356067396049958,0.473747515077592,0.505398879899465,0.865197348991877,0,0.346034121317005,0,0.346771285761331,0.511088743050272,0.712625682568453,0.947986670332636,1.01122610424318,1.72881891686463,0.488152904292815,0.9,0.716211507049975,0.9,0.846296974957095,0.9,0.9,0.9,0.9,50.0000000000017,50.0359285761913,49.9999999999966,50.0631694310822,50.0305083176057,50.1895723304697,50.0326319982792,50.0130422482075,50.0000000000002
14.3,171.385299151933,145.214400377658,157.180238551532,57.6192429690812,42.7912029147948,51.4367916683347,72.0415390486728,57.3569877501973,61.3103637784148,111.325964389011,221.48104783231,102.074363486423,441.55985642753,411.357918606694,650,279.205130073187,208.6311712106,142.605921168937,40,45,50,55,50,45,60,55,50,-20.0561910771758,0,-25.5154716031725,0,-95,0,0,0,0,302.655072463768,264.823188405797,283.739130434783,340.486956521739,302.655072463768,321.571014492754,283.739130434783,264.823188405797,245.907246376812,0,0,0,0,0,0,0,0,0,125.468140323997,83.6454268826645,104.556783603331,109.753671468853,104.556783603331,113.224684726717,115.315820358547,117.931120008426,119.425173862645,0.492765828240566,0.9,0.722388937017059,0.9,0.865719197179318,0.9,0.9,0.9,0.9,50.0000000000009,50.0488094904147,49.9999999999983,50.0906536708687,50.0507521751554,50.2104892428258,50.0666065946824,50.0428086609471,50.0325658106383
14.4,168.991020742347,145.041278650363,150.592263761513,55.1328245870242,41.8755079699764,50.8270065649407,72.0276823297983,58.0898465047348,62.1434434986611,120.547368707741,239.826869511977,110.529434874768,478.135348850938,445.431709999407,650,300,225.912605903594,154.418321488674,40,45,50,55,50,45,60,55,50,-38.9876648124098,0,-38.730394288455,0,-95,0,0,0,0,290.550724637681,254.231884057971,272.391304347826,326.869565217391,290.550724637681,308.710144927536,272.391304347826,254.231884057971,236.072463768116,0,0,0,0,0,0,0,0,0,86.2262873676996,57.4841915784664,71.855239473083,75.4810492073722,71.855239473083,77.9074380353412,79.3445428246771,81.1249135584259,82.1276588583525,0.50173299114742,0.9,0.731765769318474,0.9,0.88514141940154,0.9,0.9,0.9,0.9,50.0000000000004,50.0638165230435,49.9999999999992,50.1143269711482,50.075961585355,50.2237231917361,50.082005907331,50.0533875466507,50.0280273390097
14.5,168.04622896068,147.082489592128,155.349208797985,55.9692653410637,42.7077002831102,52.0394474343822,70.729017948271,58.2286204681688,61.2912709110889,104.296995377166,207.497037628866,95.6295278922512,413.680371486728,385.385342680383,650,261.576500328066,195.458484628521,133.601978501085,40,45,50,55,50,45,60,55,50,-23.8794562219101,0,-30.5439540815406,0,-72.6778398837724,0,0,0,0,288.463768115942,252.405797101449,270.434782608696,324.521739130435,288.463768115942,306.492753623188,270.434782608696,252.405797101449,234.376811594203,0,0,0,0,0,0,0,0,0,133.322204558277,88.8814697055183,111.101837131898,116.642441459268,111.101837131898,120.344616702785,122.566653426647,125.339920792158,126.919361352196,0.50722526607846,0.9,0.739160621359268,0.9,0.9,0.9,0.9,0.9,0.9,50.0000000000002,50.0606193374442,49.9999999999996,50.1083753560146,50.0695238842933,50.2330363564236,50.0875740705881,50.062339854387,50.0305434533148
14.6,164.575555477988,133.051352611696,146.943252053059,52.7898875499937,40.0052872182177,47.8753645393218,64.7898677926644,51.4786480117777,60.4646979893539,89.5768822734147,178.211631548424,82.1327108311101,355.294970880838,330.993403466137,571.842804270344,224.658508048533,167.872157808509,114.745862586057,40,45,50,55,50,45,60,55,50,-5.73504644704999,0,-8.68465853635654,0,0,0,0,0,0,288.417391304348,252.365217391304,270.391304347826,324.469565217391,288.417391304348,306.44347826087,270.391304347826,252.365217391304,234.339130434783,0,0,0,0,0,0,0,0,0,84.0215822644803,56.0143881763202,70.0179852204002,83.9078875527895,70.0179852204002,84.0215822644803,105.442233482555,108.970200790992,130.907400581429,0.508544326761281,0.9,0.741263222899649,0.9,0.9,0.9,0.9,0.9,0.9,50.0000000000001,50.0446065047761,49.9999999999998,50.0766699238521,50.0566066103353,50.2059430750614,50.0537427117464,50.0299078969679,50.0129317077594
14.7,153.497551859443,129.769991597927,142.340098280601,52.7158298358767,37.2495644225809,47.0371249234353,65.3654806939266,51.6563136701789,58.1444938022892,88.0324875713354,175.13908545587,80.7166610618425,349.169331577731,325.286747398604,561.983664557917,220.785171526861,164.97787454517,112.76752958578,40,45,50,55,50,45,60,55,50,1.06680884280051,0,-4.49154195114082,0,0,0,0,0,0,286.469565217391,250.660869565217,268.565217391304,322.278260869565,286.469565217391,304.373913043478,268.565217391304,250.660869565217,232.75652173913,1.29095022711034,0.457194369718578,0,0.157468138422603,0.148092914693222,0.191369064141859,0.192165597305808,0.311289088443633,0,122.80226606496,81.0623000122779,100.183749449528,120.616176474704,100.480391429208,120.603887380403,151.920241468688,157.251444418836,188.523000547994,0.508254433053998,0.9,0.742350648845715,0.9,0.9,0.9,0.9,0.9,0.9,50.000000000003,50.0364265674514,49.9999999999999,50.0634432997116,50.0487971636251,50.189712082045,50.043351356881,50.0219640440924,50.0052568456596
14.8,158.455668399208,137.564355814429,145.856038421371,52.2841527183225,40.1674334461507,48.1628238599391,71.1024792980487,52.5713893159129,58.4215557497144,89.0600938458098,177.183490062458,81.6588694402502,353.24519727098,329.083830860086,568.543719326151,223.362404476096,166.903666985088,114.08386886184,40,45,50,55,50,45,60,55,50,-1.60271876998208,0,-9.47142960075277,0,0,0,0,0,0,285.913043478261,250.173913043478,268.04347826087,321.652173913043,285.913043478261,303.782608695652,268.04347826087,250.173913043478,232.304347826087,0,0,0,0,0,0,0,0,0,102.772646614386,68.5150977429239,85.6438721786549,102.90744033641,85.6438721786549,102.772646614386,129.72268821345,134.088057311817,161.488821142777,0.508623058371094,0.9,0.744643731801687,0.9,0.9,0.9,0.9,0.9,0.9,50.0000000000004,50.0357449162267,49.9999999999999,50.0577785126492,50.0475259926152,50.184164019186,50.0390344399798,50.0160970225754,50.0019135492641
14.9,159.939114739942,131.479293562829,146.024311345852,52.3122537298284,40.7296681906363,48.1869897651547,65.2151690065399,53.7218630047384,58.3776133094699,100.05780976868,199.06325243171,91.7426343444447,396.866197013362,369.721228939579,638.751171899764,250.944637620048,187.514010369245,128.171682235321,40,45,50,55,50,45,60,55,50,-10.3737361028256,0,-16.2452065598622,0,0,0,0,0,0,289.623188405797,253.420289855072,271.521739130435,325.826086956522,289.623188405797,307.724637681159,271.521739130435,253.420289855072,235.31884057971,0,0,0,0,0,0,0,0,0,0,0,0,0,0,0,0,0,0,0.511009017674744,0.9,0.748576781810917,0.9,0.9,0.9,0.9,0.9,0.9,50.0000000000002,50.0395131587439,50,50.0626249122122,50.0593132278343,50.2034865175876,50.0292508631357,50.0056244549299,50.0004584089952
15,162.111094771384,134.744145189266,139.660203439413,53.4413607858906,37.0665282135983,46.0842646862961,66.5553252347675,54.3804353440441,58.422651472763,81.5450914969504,162.232525084768,74.7683916836117,323.437924758886,301.315324730204,520.569287662487,204.514804818376,152.820126363654,104.457329011702,40,45,50,55,50,45,60,55,50,-2.98372250021811,0,-1.29816034041634,0,0,0,0,0,0.479207554416625,280.672463768116,245.588405797101,263.130434782609,315.75652173913,280.672463768116,298.214492753623,263.130434782609,245.588405797101,228.046376811594,0,0.898843708964249,0,0.900415814585745,1.32708909804429,1.85059381891144,2.46211878268138,2.62658362009234,4.49291500854306,0,1.79780786851687,0,1.80112160321408,2.6545922594972,3.70169302583081,4.92474599734898,5.25358852479922,8.98562078226507,0.511695273849794,0.9,0.748891073261754,0.9,0.9,0.9,0.9,0.9,0.899878865633363,50.0000000000001,50.0333352399439,50,50.0446735814611,50.0445111062727,50.1780737076071,50.0151433078109,50.0036943181486,49.9998263201703
15.1,150.69905895247,129.800184147323,138.323982752865,49.5372135573786,38.6776981318732,45.8069510549393,63.2341318497422,50.2668519783815,54.0720807295128,98.9470949710941,196.853504880343,90.7242240697095,392.46069224863,365.617053154457,631.660567175907,248.158968784962,185.432467843446,126.748882911416,40,45,50,55,50,45,60,55,50,-11.7099220395056,0,-18.4829894312699,0,0,0,0,0,-0.56617149623903,277.936231884058,243.194202898551,260.565217391304,312.678260869565,277.936231884058,295.307246376812,260.565217391304,243.194202898551,225.823188405797,0,0,0,0,0,0,0,0,0,0,0,0,0,0,0,0,0,0,0.514388555918881,0.9,0.753365902281956,0.9,0.9,0.9,0.9,0.9,0.9,50,50.0403385476889,50,50.0585775407684,50.0595042995315,50.2014236110882,50.0208133305417,50.0002188871013,49.9995529939573
15.2,147.715042552258,121.951270585287,133.665221224764,49.4951851273798,36.74764644301,45.2575435504547,61.4194128505332,49.0427886533094,54.5593856063992,95.3940918735616,189.784867718187,87.4664887189639,378.368170829719,352.488436061171,608.978830512281,239.248049419103,178.773938527114,122.197570174801,40,45,50,55,50,45,60,55,50,-7.25985906350054,0,-12.5230142915536,0,0,0,0,0,0,275.849275362319,241.368115942029,258.608695652174,310.330434782609,275.849275362319,293.089855072464,258.608695652174,241.368115942029,224.127536231884,0,0,0,0,0,0,0,0,0,0,0,0,0,0,0,0,0,0,0.516058323503486,0.9,0.756397789952543,0.9,0.9,0.9,0.9,0.9,0.9,50,50.0388750312969,50,50.0604784234117,50.0614790981917,50.2060939785409,50.020277923748,49.9987121373572,49.9994360426185
15.3,146.792520907068,123.158569208719,131.335141787023,47.3155729836825,36.1768713593036,42.5287907708162,59.0480614894812,49.1228541473602,54.3705312577418,90.6164489320916,180.279831128988,83.0858856413938,359.418275871471,334.834681458322,578.479211993369,227.265737599597,169.820364686766,116.077522830734,40,45,50,55,50,45,60,55,50,-0.22043512336421,0,-3.11667960233063,0,0,0,0,0,0,278.724637681159,243.884057971014,261.304347826087,313.565217391304,278.724637681159,296.144927536232,261.304347826087,243.884057971014,226.463768115942,0.505371587699262,0.523186888896194,0,0.404445142512022,0.563586764559687,0.780997673478685,1.01713760045743,1.12836433220064,1.72884621316947,1.03073137766487,1.06288786944876,0,0.827570164026438,1.15263600069503,1.59412835252872,2.06850525435472,2.28960609866023,3.48507869167054,0.51610902358186,0.9,0.757152354487844,0.9,0.9,0.9,0.9,0.9,0.9,50,50.0350353890106,50,50.0533897863444,50.0556686908705,50.1971263896884,50.0153237635583,49.9992028288204,49.9993872435625
15.4,140.076790858491,119.379558263652,127.786737472773,45.6082980700668,35.749340659677,42.6217215681145,58.805615929993,47.8401113528529,51.9468724199558,82.5216691055556,164.175409058246,75.6638120677113,327.311391932628,304.92385338422,526.803584549354,206.96405805174,154.6502881896,105.708301776523,40,45,50,55,50,45,60,55,50,0.617533921206696,0,-1.10080084807034,0,0,0,0,0,0,282.295652173913,247.008695652174,264.652173913043,317.582608695652,282.295652173913,299.939130434783,264.652173913043,247.008695652174,229.365217391304,5.9680395742496,5.07371522098676,3.70820702728486,4.54816238777754,4.79940885580461,5.20410983625693,5.59145523368282,5.90496389136275,6.54080866216145,13.1116187143403,11.3227512845485,8.5942181849636,10.2716701892127,10.7744523327999,11.5841437059728,12.3589622582552,12.985959460731,14.2574157248278,0.515941215451097,0.9,0.757418864166851,0.9,0.9,0.9,0.9,0.9,0.9,50,50.0305221997399,49.9999999999972,50.0420588333653,50.0462813737807,50.1789880045858,50.0101168227452,50.0045757699989,49.9993681398269
15.5,136.716223213124,109.509522299447,125.326172610401,43.1543278929295,34.2487908191672,39.7992477733005,56.0365776531543,44.8784191686311,52.2773276589245,71.7521607381185,142.749661606161,65.7892898239466,284.595547568561,265.129699605629,458.052968216774,179.954168660192,134.467618707308,91.912816871417,40,45,50,55,50,45,60,55,50,3.04807229606456,0,-0.345096799092481,0,0,0,0,0,3.42428227362918,290.411594202899,254.110144927536,272.260869565217,326.713043478261,290.411594202899,308.56231884058,272.260869565217,254.110144927536,235.959420289855,12.2856110085152,10.9014630545584,9.81731158755868,9.42303519423158,8.88262933964342,8.23604381560803,8.15882957972392,5.90858107811566,11.7801267141689,26.6095269626349,23.8413089100994,21.6731923449632,20.8844837791844,19.8036031666544,18.5103810002392,18.3559830471876,13.8555259734835,25.5985602472395,0.515112934935862,0.9,0.75750241391821,0.9,0.9,0.9,0.9,0.9,0.899134407918698,50.0000000000052,50.02239808832,49.9999999999995,50.024071036654,50.0299598403523,50.1465061096147,50.0103090573391,50.0005918174922,49.9993619677386
15.6,141.954992511916,122.293621734085,131.860374120651,48.4106000104735,35.3812561204333,43.747240321735,60.8913584714719,48.0518047205083,52.1933004454632,85.4981208605991,170.097007466555,78.3929096327903,339.117097967457,315.922069348553,545.804720502984,214.428988663251,160.228327590513,109.521065911758,40,45,50,55,50,45,60,55,50,0.758099776754392,0,-1.36688900916107,0,0,0,0,0,0.179843651001756,283.594202898551,248.144927536232,265.869565217391,319.04347826087,283.594202898551,301.31884057971,265.869565217391,248.144927536232,230.420289855072,4.73568769397715,3.63141842812614,1.9367923515094,2.9821250443234,3.29643461140472,3.8007861080863,4.28275588868926,4.67079193790706,5.46389634113073,10.6473020553552,8.43867975413194,5.04637810495386,7.14006899187196,7.76863296125288,8.77725763146206,9.741315519368,10.5174024552604,12.1034917156878,0.514906929561744,0.9,0.757833344941481,0.9,0.9,0.9,0.9,0.9,0.899088946935129,50.0000000000026,50.0259939890376,49.9999999999942,50.0319501088891,50.0364943302038,50.1585234428022,50.0093446757049,50.003926196812,49.9993614199393
15.7,131.372235727755,107.77282407002,119.515031783997,44.3858517845235,32.6757722360974,38.031982125067,54.8075010440667,43.1164747234203,48.1135973128816,89.0600938458098,177.183490062458,81.6588694402502,353.24519727098,329.083830860086,568.543719326151,223.362404476096,166.903666985088,114.08386886184,40,45,50,55,50,45,60,55,50,1.28592316763009,0,-0.693341487295056,0,0,0,0,0,-1.14195285358248,288.463768115942,252.405797101449,270.434782608696,324.521739130435,288.463768115942,306.492753623188,270.434782608696,252.405797101449,234.376811594203,8.52310891437122,7.21969926439535,6.25928245195959,6.69116302357096,6.74930006341853,6.91773607162676,7.02961160559556,7.27006920482905,7.06440610189489,18.2224064690615,15.6157242790369,13.6949404196652,14.5586116257656,14.6747128116277,15.0114226296987,15.2352901619462,15.7162285721957,15.3046957576276,0.514557493918366,0.9,0.75800120656472,0.9,0.9,0.9,0.9,0.9,0.899333271731709,50.0000000000042,50.027155612961,49.9999999999971,50.0405087634351,50.0445195139429,50.1715990902442,50.0110706851955,50.0079573749892,49.9993633111651
15.8,117.855191683134,99.2576247037069,109.480245245464,40.4975310819014,29.4399718277446,35.8323763879994,49.8816171073033,38.7808673665629,43.4597112061805,79.6151112061215,158.39286324618,72.9987999193822,315.782910721473,294.183900540487,508.248638476177,199.674420986114,149.203233838187,101.985070013344,40,45,50,55,50,45,60,55,50,5.55730937945237,0,0.620097130804861,0,0,0,0,0,3.96464766146057,290.040579710145,253.785507246377,271.913043478261,326.295652173913,290.040579710145,308.168115942029,271.913043478261,253.785507246377,235.657971014493,14.9913483630302,12.6898244309257,12.258762317987,10.5585574010042,9.25851955298198,7.63560413489924,6.90963698458767,2.9207546178661,11.0878301988008,32.0216190670396,27.4183910641325,26.5551388603244,23.1557532880855,20.555633884863,17.3097911907736,15.8580416931693,7.88065142381467,24.214504172279,0.513047355500037,0.9,0.757823833243552,0.9,0.9,0.9,0.9,0.9,0.898331085770774,49.9999999999983,50.0237642164927,49.9999999999971,50.0338624897749,50.0374078945969,50.1577523098714,50.0093709383571,50.0020155950237,49.9993662529951
15.9,120.51921931701,99.3341678810171,110.12538168532,39.6068907245769,29.495854716008,36.0041830797117,49.6665722829132,40.1595507229294,44.3363415541823,73.326604015271,145.881988810242,67.2328910201531,290.840370608975,270.94738744699,468.103932661188,183.902866903256,137.418214704565,93.929641383999,40,45,50,55,50,45,60,55,50,4.83422021366971,0,0.373553291709633,0,0,0,0,0,3.41568336195602,297.275362318841,260.115942028986,278.695652173913,334.434782608696,297.275362318841,315.855072463768,278.695652173913,260.115942028986,241.536231884058,18.8523319669585,16.7971353355104,16.3083050991892,14.9131211824272,13.8293937505958,12.4832806047535,11.9042240241525,8.49993090071331,15.6252354690567,39.7429867954413,35.6326850419002,34.6555210828743,31.8646327264521,29.6971664493837,27.0049309170036,25.8468309333441,19.0382457007776,33.2888714754375,0.511733708702844,0.9,0.757716981615489,0.9,0.9,0.9,0.9,0.9,0.897467667327408,49.9999999999957,50.0250342720277,50.0000000000003,50.0252291140864,50.0286338312144,50.1397899065353,50.0135976036925,49.9994341050552,49.9993696402844
16,104.341666008816,91.2102390079457,96.375469459872,36.2498357246984,27.6695227157723,31.6348389105819,44.5218966386458,36.2548666442707,37.592807970441,77.0114570368935,153.21293907702,70.6115190768462,305.455857482267,284.563200053378,491.627375671595,193.144465418474,144.32383825662,98.6498507475972,40.9056966466694,45,50,55,50,45,60,55,50,6.84376956694386,0,1.27295354936763,0,0,0,0,0,3.61794616789579,305.252173913044,267.095652173913,286.173913043478,343.408695652174,305.252173913044,324.330434782609,286.173913043478,267.095652173913,248.017391304348,24.7036393843734,21.8738517257709,21.9585287785138,19.515219303139,17.8108172646032,15.6707322820375,14.5328845376752,9.8261816229364,18.3945211488704,51.4459452698057,45.7863814108542,45.9554421667831,41.0690966159904,37.660172376057,33.3798694096766,31.1041558598268,21.6907656500871,38.8274327826504,0.509873988711826,0.9,0.7573528644675,0.9,0.9,0.9,0.9,0.9,0.896553120773339,49.999999999998,50.0305779861058,49.9999999999961,50.0260060749112,50.0299886571288,50.1375557470981,50.0180124951389,49.9983173457187,49.9993732093132
16.1,112.439351073905,92.4228452991191,102.169247509642,36.4543080073337,28.5650104019057,32.5617317995903,46.0586607234977,37.9755395588261,42.6720052889613,98.670706597621,196.303635073227,90.470804596075,391.364433966218,364.595777060753,629.896153204988,247.465787709103,184.914500355958,126.394835957358,40,45,50,55,50,45,60,55,50,2.8656441808191,0,0.1391387206772,0,0,0,0,0,-3.56378850061007,297.136231884058,259.994202898551,278.565217391304,334.278260869565,297.136231884058,315.707246376812,278.565217391304,259.994202898551,241.423188405797,13.9948664847945,11.6835559777013,11.5367661669443,11.1050155370356,10.7419089705983,10.4030152061553,9.91673920724499,10.0158870880785,7.93831414902727,29.1656635368525,24.5429976605296,24.2492603974855,23.3859213589155,22.6597187969184,21.9819327435237,21.0093974771243,21.2076914471261,17.0525430862142,0.509095281053995,0.9,0.757313065062272,0.9,0.9,0.9,0.9,0.9,0.897315605754865,49.9999999999956,50.0319778682445,49.9999999999979,50.0487384383791,50.0528006677844,50.1801564024082,50.0199483488912,50.0082468850322,49.9993768451817
16.2,105.725908981121,84.1602113955665,98.5446208289472,35.2811950918956,26.9141281639391,31.5793868764713,46.3009463527409,36.1144414941376,38.988671613045,95.6643299337502,190.322501585212,87.714268993179,379.440034700049,353.486986278792,610.70398198258,239.925805530715,179.280379978686,122.543738723347,40,45,50,55,50,45,60,55,50,3.42943208354308,0,-0.119557395102897,0,0,0,0,0,-3.70426661847533,300.753623188406,263.159420289855,281.95652173913,338.347826086957,300.753623188406,319.550724637681,281.95652173913,263.159420289855,244.36231884058,18.2526928183077,15.3879319154697,14.8801340647196,14.5951661849966,14.243524138195,13.9580564526945,13.4997061639225,13.6916500673138,11.4781212156528,37.6812593709557,31.9518824369319,30.9370552490161,30.3663631049655,29.6630857865035,29.0921636565066,28.1754542081918,28.5593355929533,24.1322798563904,0.508163370161728,0.9,0.757342010536876,0.9,0.9,0.9,0.9,0.9,0.898108146519748,49.9999999999976,50.0303793162542,49.9999999999995,50.0561945060857,50.0605525094535,50.1970058226476,50.0207407319512,50.0161979981596,49.9993804979073
16.3,85.8168771653482,77.7738963630447,83.2149938162106,30.0523090819811,22.5803756631179,26.6849934300229,38.8204840328426,30.2033456907536,32.0210428044996,82.5216691055556,164.175409058246,75.6638120677113,327.311391932628,304.92385338422,526.803584549354,206.96405805174,154.6502881896,105.708301776523,40,45,50,55,50,45,60,55,50,13.8016417144782,0,4.35377413098272,0,0,0,0,0,0.859713998757072,309.982608695652,271.234782608696,290.608695652174,348.730434782609,309.982608695652,329.35652173913,290.608695652174,271.234782608696,251.860869565217,29.2782518805502,23.2143439873575,25.7872437450818,19.6441235726308,15.9223482107642,11.2418678415981,7.98608180242973,0,9.51703364598297,151.485463386581,108.388239851661,129.023284053343,133.602889488501,109.293897420108,115.416837316454,137.371095083489,138.974557921516,140.108322173364,0.504412924043663,0.9,0.756096651803758,0.9,0.9,0.9,0.9,0.9,0.897890827510962,50.0000000000056,50.0234875026434,50.0000000000156,50.0460233177849,50.0442929167086,50.1694594002778,50.0099065690239,50.0055058253009,49.9993841457942
16.4,88.5763558310443,76.2027467093425,85.7179556080564,29.8792547309732,23.8008724220992,27.7891929712952,39.229475392497,30.8475780298474,32.7638715736381,84.7474099591692,168.603481333811,77.7045855940421,336.139501504015,313.148135382812,541.012316300305,212.546208343031,158.821452784034,108.559423044189,45.7831006145093,45,50,55,50,45,60,55,50,8.47828364040358,0,2.18569497606507,0,0,0,0,0,4.17199048709316,312.301449275362,273.263768115942,292.782608695652,351.339130434783,312.301449275362,331.820289855072,292.782608695652,273.263768115942,253.744927536232,27.5593128802388,24.1956901693883,25.0453609223251,21.5315689459819,19.2607713388802,16.3818117248198,14.6934101550937,8.85206772662448,18.4327624633056,57.1569863232224,50.4297658405615,52.1290115098685,45.1015077476599,40.5599112796843,34.8020202769468,31.4252365101008,19.7426695754447,38.9039993727163,0.502109042619641,0.9,0.755471453011977,0.9,0.9,0.9,0.9,0.9,0.896836229308967,49.9999999999939,50.0318413847529,49.9999999999794,50.0413364842482,50.0434877125564,50.1657847172783,50.0163448883884,50.0008541976444,49.9993877793653
16.5,81.2012459462905,65.4083260427325,71.995428075659,25.7001354522312,20.4695989321574,24.6182147875001,34.8216396268359,26.822914230738,29.6598315649822,86.2532520293826,171.599327643441,79.0852865982661,342.112226842396,318.712336538877,550.625342902311,216.322854998563,161.643486228712,110.488371037016,40,45,50,55,50,45,60,55,50,14.659678538518,0,5.95084576507434,0,0,0,0,0,0.614323433358798,320.278260869565,280.24347826087,300.260869565217,360.313043478261,320.278260869565,340.295652173913,300.260869565217,280.24347826087,260.226086956522,32.5606727193256,26.8506310488488,31.0716577035744,23.37594029861,18.971245586593,13.3344360530017,9.35063806309092,0,10.4727531483285,161.921534929754,118.557711964425,143.21385313662,144.526145687229,119.013110750513,123.947901051857,143.211582137076,141.546565943145,145.926584048858,0.49812543432113,0.9,0.753769266008237,0.9,0.9,0.9,0.9,0.9,0.896680940271212,49.9999999999812,50.0229226294069,49.9999999999937,50.0431841061588,50.0401150277448,50.1595466254986,50.0092252818764,49.9988356450011,49.9993913947116
16.6,76.8552454305693,66.3590501893765,68.726259881705,24.4467655497279,19.403865042176,22.7217702048093,31.7503295318164,23.9167003376564,27.9176154995381,66.9509263777281,133.197690304013,61.387055861944,265.552080337136,247.388772912807,427.402746296519,167.912689644386,125.469833209897,85.7625494789973,70,45,74.8992143242177,55,50,45,60,62.0216053508899,68.9018112884621,21.3330904880905,0.0624165976108015,21.4312138069151,0,0,0,0,11.1653184330882,14.8244984242747,319.304347826087,279.391304347826,299.347826086957,359.217391304348,319.304347826087,339.260869565217,299.347826086957,279.391304347826,259.434782608696,25.1147222580333,5.74304218454094,23.3991232055109,3.16119834989496,0,6.82734518264755,10.7257489326041,16.5231432025864,19.4154460319137,53.0766022657274,14.2618838506484,49.5049590052199,8.8922906913566,2.51170987069723,16.4865864699427,24.3271644017777,35.9356964098471,41.7107397490891,0.49232839886241,0.899980615963475,0.747639056109234,0.9,0.9,0.9,0.9,0.896965946077965,0.892933594865682,49.9999999999909,50.0065389076296,49.9999999999963,50.0127201896985,50.0132425378216,50.1094991722789,50.0005915478338,49.9979648200326,49.999394989977
16.7,71.6813645492291,65.2697447765983,67.9125512492623,24.6356644134136,19.419172140994,22.144434188347,31.7057286012633,24.4847812781162,28.408784593559,75.1539752819367,149.517511800238,68.9084009510304,298.088399391633,277.699663476242,479.769544178941,188.485907661102,140.842812099193,96.2704606549635,64.8293918148279,45,50,55,50,45,60,55,54.3118862796875,16.0271636035842,-0.0737436172151587,14.7957089902694,0,0,0,0,-3.0311918751846,2.6762532378786,319.44347826087,279.513043478261,299.478260869565,359.373913043478,319.44347826087,339.408695652174,299.478260869565,279.513043478261,259.547826086956,21.0367041965018,6.6064550770901,25.2717837950808,14.2707036910201,11.078396548066,6.33666870755806,0,1.60322608620828,6.01514578644622,106.612463912232,75.3472632865483,106.172594368263,107.332839651586,99.8616541682196,105.9129134016,136.098845005205,120.859202277208,108.429883832855,0.487973191361436,0.9,0.743406873903779,0.9,0.9,0.9,0.9,0.897663120209258,0.89225709000272,49.9999999999922,49.9994174985043,50.0000000000057,50.0115293890167,50.0051945414845,50.1002574471584,49.9968482912573,49.9975942464881,49.9993985646257
16.8,52.27126000322,43.7779264061275,48.4779055065837,16.7156079890762,13.1485088372239,15.9394548929545,20.7887684566328,17.9060505587857,19.5333139810673,79.8546750713865,158.86947134199,73.2184551381398,316.733109415301,295.069107271277,509.777971369198,200.275246323934,149.65219010876,102.291945645389,70.9196302851047,45,57.4646816796083,55,50,45,60,58.9041812580896,63.4943640395999,22.1674756514977,0,18.0107278996897,0,0,0,0,6.71878435448508,11.8837200156679,326.539130434783,285.721739130435,306.130434782609,367.35652173913,326.539130434783,346.947826086957,306.130434782609,285.721739130435,265.313043478261,33.6180212256418,12.5332356805609,36.1591893981176,23.7643606908148,20.7359576717173,16.270070218546,8.1952977586157,16.0002877457771,22.2500520578067,67.7080682060539,25.5411057016567,72.7994751638657,43.6650910832679,37.069596490303,33.0266428899664,16.8711222434503,32.4739267561201,44.9681560745328,0.481949420803964,0.9,0.738255063863822,0.9,0.9,0.9,0.9,0.895837363591191,0.88925311628794,49.9999999999988,49.9963334962217,50.000000000004,50.021398797645,50.017317388232,50.1111508280071,49.9952367191032,49.9974416837946,49.9994021184248
16.9,40.9081746779866,34.8857635096913,38.3193754316775,13.9868345015202,10.5318849412139,12.6474206764214,17.8926263049324,14.2863577518384,14.8370297765512,91.664027625702,182.363970512114,84.0464066567661,363.573359549262,338.705564529898,585.166767115231,229.893061306305,171.783586572898,117.419446302219,74.7330399997742,45,50,55,50,45,60,60.2054779363694,65.9640947136818,25.9803304893539,0,22.7437117466622,0,0,0,0,7.96319065619646,14.3467117216658,331.872463768116,290.388405797101,311.130434782609,373.35652173913,331.872463768116,352.614492753623,311.130434782609,290.388405797101,269.646376811594,33.0465022813747,9.39456203653594,38.516575229698,22.1510435264989,17.5859513576003,11.3091056062939,0.0779190473616386,10.3723600957627,19.0855800561231,65.5403886890963,18.7441097385499,77.5043657143605,39.3229929079368,31.3030718626252,24.5053947705962,3.2668281248694,21.7672101403047,37.1072906330653,0.474889548388378,0.9,0.731749425492351,0.9,0.9,0.9,0.9,0.89367345308679,0.885626546085295,49.9999999999978,49.9950093169117,50.0000000000009,50.0250202977158,50.0253290487822,50.1342468124752,49.9945542487731,49.997384101016,49.999405651343
17,34.3260411435587,28.4177857398376,30.9589113750005,11.2981593323326,8.64228526640525,10.0362959234241,13.7870426328658,11.1663566720944,12.959828158318,112.828995054492,224.47130090168,103.452486724085,447.521430697274,416.911731408115,650,282.974725735464,211.447935923358,144.531267818952,57.5680004055546,45,50,55,50,45,60,55,52.4864409904182,8.23294250834348,0,6.26714008081558,0,0,0,0,-18.082161248273,-5.8549553311141,334.098550724638,292.336231884058,313.217391304348,375.860869565217,334.098550724638,354.979710144928,313.217391304348,292.336231884058,271.455072463768,44.5598111812324,40.5622536958947,45.2804578721107,37.4640770823035,33.1160758343749,27.4434977779261,23.6190881418596,13.7448552577054,26.2361480286751,76.5827604474271,68.3090068507623,77.2583952726623,49.7814385983175,42.7775657138538,38.4990196391403,34.6914367031319,15.0866981547949,40.2153560929019,0.472652335750242,0.9,0.729956765286168,0.9,0.9,0.9,0.9,0.897832350173893,0.886879234202649,50.0000000000042,50.03074256167,50.0000000000072,50.0613483892204,50.0624147043829,50.1757897739694,50.0137135057488,49.9973678681332,49.9994091634363
17.1,27.4797531708926,23.5247131197145,27.0838083241611,10.0378079656155,6.89285903364001,8.43581987549356,12.2607736819433,9.46306286479784,10.3242134611428,120.863213181511,240.455236536565,110.819031500296,479.388104587271,446.59877938925,650,300,226.504516360822,154.822910771823,55.0238572488517,45,50,55,50,45,60,55,51.2420113491252,13.5357450826252,0,7.6707964813663,0,0,0,0,-9.42456446133651,-0.838702635271055,336,294,315,378,336,357,315,294,273,45.2992883076134,40.0734152342831,45.6617783019553,35.9056333359869,30.4037898208592,23.2336839788328,18.4868620602406,5.71911051805631,22.6151683579641,73.798143018544,64.4042537816486,73.7645854177684,46.9625866411059,38.3158074847257,32.688678080415,27.917908680103,6.73787471768013,33.9586179301188,0.468974144151702,0.9,0.727762601532917,0.9,0.9,0.9,0.9,0.9,0.887058677557173,50.0000000000055,50.0446599620161,50.0000000000121,50.0849160330366,50.0845644822054,50.192014280963,50.0180015540509,49.9973696076648,49.9994126547964
17.2,27.5363687494302,22.375657302494,25.2738579348406,9.31094641113743,7.16790346937279,7.85475166219158,11.4798373559767,9.31018277449638,10.1741783530686,111.026969120904,220.886202005995,101.80021583502,440.373930858572,410.253108315251,650,278.455250984501,208.070837120399,142.222915318796,76.203633861785,45,50.2207322803878,55,50,45,60,55,61.4957237543358,27.8702991099007,0,27.7202344466288,0,0,0,0,0,10.6994375631571,340.915942028986,298.301449275362,319.608695652174,383.530434782609,340.915942028986,362.223188405797,319.608695652174,298.301449275362,276.994202898551,34.3558083541657,4.0064322037933,43.6441259692886,27.8444065369208,26.9742136200975,21.8263036414861,18.8626036021939,11.4437364587935,19.6637835555127,63.9228628479138,6.03315776252091,70.9495290846624,39.1854910816603,36.172127495152,31.7110270528306,28.3613254914964,14.4766929727158,31.8675587730293,0.46140069330662,0.9,0.719833472686628,0.9,0.9,0.9,0.9,0.9,0.884354067455262,50.0000000000078,50.0157160792872,49.9999999999723,50.0744756944388,50.0783608960353,50.1973967717984,50.0200727559195,49.9973791294532,49.999416125538
17.3,23.4765184467881,19.9069627300363,21.6256701576491,7.81913438755148,6.07502171002789,7.21206693335256,9.93445155860378,7.76242516586555,9.02349343785943,96.2063361836398,191.400813485011,88.2112325116788,381.589831499004,355.489740659138,614.164052996471,241.285155313413,180.296130431319,123.238035880071,70.6352539956927,45,50,55,50,45,60,55,54.9865036489925,23.3581044220288,0,22.1357518232937,0,0,0,0,0,4.22750954728688,343.83768115942,300.857971014493,322.347826086957,386.817391304348,343.83768115942,365.327536231884,322.347826086957,300.857971014493,279.368115942029,37.1242192275515,20.3237185427987,44.8964913391034,27.2693918507564,20.6465693155613,12.2262702799145,0,4.79614664307029,13.5083614072905,121.521756717759,84.4185656358939,115.365842867717,112.735732681082,104.540865210604,110.559302618101,144.515573090096,129.270278122441,117.940379089442,0.455053382322373,0.9,0.713501735895068,0.9,0.9,0.9,0.9,0.9,0.883285435112672,50.0000000000164,50.0031213432244,49.9999999999904,50.0573889541117,50.0505585419456,50.1788476796368,50.0051620578449,49.9973919917814,49.9994195757755
17.4,19.3408280557045,15.9216620800786,16.6245641252073,6.01242411879134,4.38217545241232,5.61986818444505,7.57640132234644,6.19879146204768,6.78938674446259,124.373988100521,247.439861480381,114.038047990913,493.313133467063,459.571360146191,650,300,233.083907675597,159.320130212859,47.5259547007526,45,50,55,50,45,60,55,50,23.9340309020722,0,12.1197406535749,0,0,0,0,0,1.95631459965295,346.898550724638,303.536231884058,325.217391304348,390.260869565217,346.898550724638,368.579710144928,325.217391304348,303.536231884058,281.855072463768,56.1895125305143,48.3826080175786,57.9019701760284,43.1763242312002,35.1236577705649,24.6420343905942,17.2232597905698,0,18.9450457244292,191.707736412935,139.947480228252,171.344318407527,174.430882058218,136.324232783209,146.441098098505,193.367731910647,203.731217268205,188.567027838569,0.448549569577245,0.9,0.71003499085686,0.9,0.9,0.9,0.9,0.9,0.882790916760889,49.9999999999981,50.0212220130416,50.0000000000093,50.0882924654456,50.0805419953129,50.1884071033253,50.0127027879591,49.997406258816,49.9994230055607
17.5,16.503369112871,14.599009084128,15.2852894114175,5.63593609214835,4.27598417834801,5.10042864815819,7.03202533465609,5.81208584107202,6.36582900170343,116.800054620435,232.371654053764,107.093536498815,463.272118341675,431.585098997381,650,292.934129264754,218.889926771915,149.618100980704,75.9577596594735,45,50,55,50,45,60,55,57.4138464329175,27.6246486372225,0,24.2098986357679,0,0,0,0,0,6.6027301248944,346.15652173913,302.886956521739,324.521739130435,389.426086956522,346.15652173913,367.791304347826,324.521739130435,302.886956521739,281.252173913043,31.2634424247582,5.45706335978938,38.1911881424211,22.5050546043837,19.8785306503522,13.441235701632,9.19640840004894,0,8.42179834965367,109.548193976984,66.8057640626685,93.8979901814892,96.0546133117507,100.841155372074,110.392355753724,126.618959103271,145.518024697445,120.324931570443,0.441042871578,0.9,0.703109962642967,0.9,0.9,0.9,0.9,0.9,0.881121874767741,50.0000000000013,50.0054261032799,49.9999999999909,50.0873359880339,50.0739495032842,50.1855778565619,50.0138822843852,49.9974210870015,49.9994264151462
17.6,8.7654974395576,7.48636202657101,8.01146641052922,2.96905108230357,2.14357663000576,2.74602809240152,3.65772801951216,2.99038062015651,3.1714950430164,111.325964389011,221.48104783231,102.074363486423,441.55985642753,411.357918606694,650,279.205130073187,208.6311712106,142.605921168937,76.8421354772229,45,50,55,50,45,60,55,56.7352684589544,28.5090521628718,0,24.6548493581907,0,0,0,0,0,5.91875864597971,344.765217391304,301.669565217391,323.217391304348,387.860869565217,344.765217391304,366.313043478261,323.217391304348,301.669565217391,280.121739130435,37.7425852371101,13.8501063502,45.9140153734325,28.6688748104608,24.742462710428,16.856844843404,11.4977346501747,0,10.5359335879287,103.615343886522,75.3019121239826,92.1073156504576,95.8571040287986,103.656456533461,111.556683152414,119.060115063032,133.939110181456,114.394450431332,0.433295846533741,0.9,0.696057660194972,0.9,0.9,0.9,0.9,0.9,0.879625727486149,50.0000000000069,49.998563122039,50.0000000000083,50.0835374659634,50.0664033180753,50.1853461675931,50.0129349565003,49.9974361089253,49.9994298046255
17.7,12.4631251650372,10.0637645421394,11.2236606793775,4.13114897118581,3.14756424119484,3.88445380100992,5.24535212307468,4.11962923191046,4.63580729737843,106.897079244199,212.669858744612,98.0135351379579,423.99326358991,394.992850628915,650,268.097501590263,200.331189261281,136.932624294361,75.7473970509358,45,50,55,50,45,60,55,53.1933822508422,27.4125140807353,0,23.1596519953992,0,0,0,0,0,2.36949027547593,347.176811594203,303.779710144928,325.478260869565,390.573913043478,347.176811594203,368.875362318841,325.478260869565,303.779710144928,282.08115942029,39.4286598015752,18.0217817618827,47.2827980441527,30.2234717305543,25.6725112028149,17.4194010127115,11.480304808193,0,8.3798766327902,177.946453818755,124.283138789031,154.043960181791,165.488107431765,161.646614709989,180.344309778185,215.470882126897,247.882901003247,206.683594330253,0.425846793794411,0.9,0.689433045779812,0.9,0.9,0.9,0.9,0.9,0.879026766344724,50.0000000000057,49.9955939530944,49.9999999999902,50.0804981415264,50.0579276027974,50.1854679343745,50.0141388440562,49.9974511647292,49.9994331741804
17.8,1.93364408510984,1.56744458371154,1.70835219836113,0.631172865514246,0.4823242181829,0.569515063319759,0.76752376757068,0.622448019607601,0.706095629353012,106.025639970889,210.93614563973,97.2145157031984,420.536813852242,391.772816132666,650,265.911934934805,198.698062638688,135.816331244531,78.1041634120234,45,50.3891348328603,55,50,45,60,55,54.5180573800099,31.5544610477292,0,29.2257967852749,0,0,0,0,0,4.58793040334707,352,308,330,396,352,374,330,308,286,46.513454797557,23.9158280636574,56.7985589328012,33.8919083235069,25.627630012903,14.5877301489299,0,2.37020089219517,13.2528310231631,129.182579453498,104.021335688228,122.490890145398,138.178037945764,126.240434890808,135.116907844273,196.923454673683,173.701526133256,150.475773971558,0.417272211987963,0.9,0.68107326409066,0.9,0.9,0.9,0.9,0.9,0.87786702660677,49.9999999999956,49.9943220000414,50.0000000000294,50.0699682291384,50.0495757075663,50.1797765523452,50.0023946262683,49.9974661850313,49.9994365235998
17.9,14.4286046469715,10.8128443101813,12.5417987656405,4.61932707280379,3.60146169543692,4.31029883240194,5.95063893818459,4.75614245086035,5.11209311356433,102.021505691199,202.969990926457,93.5431398462116,404.654939687843,376.977234956656,650,255.869580138893,191.194087900708,130.687130158573,73.7335609312262,45,50,55,50,45,60,55,54.2047198197299,27.0223674388057,0,25.5822029836287,0,0,0,0,0,4.18326175118681,344.997101449275,301.872463768116,323.434782608696,388.121739130435,344.997101449275,366.559420289855,323.434782608696,301.872463768116,280.310144927536,39.3236534832489,20.377553756207,49.1500979373814,29.1845690168191,22.0392609131342,12.3730562790536,0,0.992866772232671,10.8352316201112,143.349990127811,103.266989827483,134.308200259067,144.888503467293,129.329538436385,139.598402743567,205.873011616694,180.228315360129,154.577520711945,0.409929177357853,0.9,0.673755700308158,0.9,0.9,0.9,0.9,0.9,0.876809579248027,49.9999999999969,49.9937897470519,50.0000000000034,50.0611758934361,50.0428597671774,50.1799648736647,49.9972974831393,49.997481139882,49.9994398532965
18,2.62158661459764,2.21204568090726,2.40863754823621,0.885767429044044,0.662778362186485,0.780075437424808,1.10851699772427,0.886755461700224,0.965070404296389,94.8551434798549,188.712639369475,86.972328937447,376.2305026168,350.496980692351,605.53828030566,237.896368729037,177.763918670397,121.507190059354,76.1676836326427,45,50,55,50,45,60,55,51.5282296093353,33.6482818599819,0,30.2129532773042,0,0,0,0,0,3.59488200466987,349.542028985507,305.849275362319,327.695652173913,393.234782608696,349.542028985507,371.388405797101,327.695652173913,305.849275362319,284.002898550725,48.2345815943869,30.5972650630887,59.3552547118719,36.41081148143,27.0542767822224,15.0848772698191,0,0,10.8946148824128,165.037429736935,135.490328645513,155.897442385487,172.372634892819,158.831952781171,172.954764562815,233.540131971915,216.255387030753,189.336466461779,0.400785622504597,0.9,0.665113551201378,0.9,0.9,0.9,0.9,0.9,0.875900862866664,50.0000000000075,49.9935798049325,49.9999999999982,50.0531424956853,50.0308672949332,50.1635261210747,49.9950977295063,49.9974960165116,49.9994431633263
18.1,0,0,0,0,0,0,0,0,0,90.0956660206597,179.243742687715,82.6083817231411,357.352658664704,332.910348930252,575.15462697845,225.959615875664,168.844387974103,115.410412267431,75.489147893644,45,50,55,50,45,60,55,52.4559079267108,33.9819519967569,0.393306339595553,30.2817640741942,0,0,0,0,0,5.02920304588417,346.434782608696,303.130434782609,324.782608695652,389.739130434783,346.434782608696,368.086956521739,324.782608695652,303.130434782609,281.478260869565,50.8978407998296,34.3191520232588,61.5594463552715,38.4766600706487,28.5386388739685,16.3590870119523,0,2.59593456469788,14.7827573422131,128.140326371744,115.860444984085,124.723030792155,133.588350804983,130.453866759394,138.652684845547,164.990073822959,152.706032922245,140.422689697253,0.391551396418521,0.899877855174039,0.656451719372375,0.9,0.9,0.9,0.9,0.9,0.874629577971345,50.0000000000079,49.9935102306645,50.0000000000007,50.0448430434654,50.0212920087144,50.1466935946468,49.9941608438336,49.9975108097339,49.9994464537644
18.2,0,0,0,0,0,0,0,0,0,91.664027625702,182.363970512114,84.0464066567661,363.573359549262,338.705564529898,585.166767115231,229.893061306305,171.783586572898,117.419446302219,76.3138370633625,45,50,55,50,45,60,55,50.6294775452497,34.8577767304385,0.561842012876349,30.9846907947513,0,0,0,0,0,3.21686864592222,347.315942028985,303.901449275362,325.608695652174,390.730434782609,347.315942028985,369.023188405797,325.608695652174,303.901449275362,282.194202898551,50.0548262075168,33.1074024064493,61.3527565534102,37.942994789108,28.0987436181324,15.6883422989921,0,0,10.8222662412315,173.393808340043,144.912895232082,163.237263781089,181.560472786245,167.854198828557,183.395144379339,243.796525020958,230.345512601045,201.871365320698,0.382079174480902,0.899703370076872,0.647588821547789,0.9,0.9,0.9,0.9,0.9,0.873816416028493,50.0000000000018,49.9935017143794,49.999999999986,50.0439700873866,50.0184133935342,50.140853387246,49.993774323896,49.9975255173599,49.9994497247929
18.3,2.07433095497295,1.70325581375601,1.89557218408513,0.728131577491359,0.519944807011637,0.611381371302624,0.856677859096725,0.659769062536522,0.749739229830098,87.7768270703881,174.630453386524,80.4822468975814,348.155287686784,324.342062372817,560.351573620027,220.14397588294,164.498752266395,112.44003454503,75.1166436956027,45,50,55,50,45,60,55,50.1055236616147,35.3562895090999,3.17522201186365,31.1224459312303,0,0,0,0,0,3.53805459204072,350.886956521739,307.026086956522,328.95652173913,394.747826086957,350.886956521739,372.817391304348,328.95652173913,307.026086956522,285.095652173913,51.0603433176036,36.411229335346,62.5034486539887,39.2118334313862,28.8695461669225,16.1568029061029,0,0,11.3951478009184,175.469636120748,148.879423007068,166.429539909455,180.918119790623,169.972739017565,185.275372475116,233.211665359237,222.416721064374,197.905750375546,0.372471487114299,0.898717276284368,0.638686520080046,0.9,0.9,0.9,0.9,0.9,0.872922064513821,49.9999999999907,49.9935196849415,49.9999999999901,50.0395642116909,50.0119869769444,50.1290524333078,49.9936275841767,49.99754013894,49.9994529764866
18.4,0,0,0,0,0,0,0,0,0,83.2591970569919,165.642707943877,76.3400487085478,330.236699951605,307.649075345532,531.51183115577,208.813775579395,156.032457400109,106.65305759768,95.1104611048436,65.7625220585407,75,55,50,45,60,55,59.0099719785333,40.0761826944231,20.361003772462,43.2414798368597,0,0,0,0,0,4.79680763064932,345.414492753623,302.23768115942,323.826086956522,388.591304347826,345.414492753623,367.002898550725,323.826086956522,302.23768115942,280.649275362319,40.1413072086116,20.4258614253238,43.2855924032322,0,8.11274579886594,2.70316747789594,0,0,4.83903916814209,177.373887212694,143.042390009186,177.147702350943,211.246341178676,161.398044154037,186.646695921743,251.560468015584,246.024833572671,211.703634827708,0.361581220077771,0.89239398318733,0.626317675733118,0.9,0.9,0.9,0.9,0.9,0.871709524667853,49.9999999999926,49.9935490732351,49.9999999999832,50.0078144829193,49.991237377727,50.1061645927769,49.9935852383511,49.9975546744949,49.9994562090102
18.5,2.99775007913361,2.53543921209424,3.12031010016408,1.03039791644166,0.785657791721271,0.949463978549091,1.30501921691244,1.01726650687238,1.15484190541609,87.5216620353727,174.122807037934,80.2482870241939,347.14320899656,323.39920813139,558.722645648079,219.504022865846,164.020558518876,112.113174184393,74.8351877345779,45,50,55,50,45,60,55,50,34.0413032986684,1.7369616794831,29.8850993261338,0,0,0,0,0,1.72115438889276,343.002898550725,300.127536231884,321.565217391304,385.878260869565,343.002898550725,364.440579710145,321.565217391304,300.127536231884,278.689855072464,48.8876294446875,33.5787675699085,59.5919877295732,37.1451464733039,27.419285966256,15.3295417356014,0,0,9.74104581792388,195.666992334808,157.988787024974,182.217907137572,201.239795578327,183.715555278118,202.63134538975,270.26608066742,262.034770367427,227.354296058879,0.352330865920524,0.891854554094323,0.617769306360654,0.9,0.9,0.9,0.9,0.9,0.871274450252056,49.9999999999942,49.9935833112516,49.9999999999857,50.0247857966839,50.0017239927338,50.1136086508739,49.9935882710322,49.9975691243204,49.9994594222515
18.6,1.98425834148152,1.78303230688791,2.00897605501325,0.713327036332273,0.515233319057439,0.605691004841569,0.902149676784226,0.723044435397678,0.772795942886384,87.0128164408641,173.110467678691,79.7817283875147,345.124939593837,321.518984898669,555.474266330565,218.227839891087,163.066953015162,111.46135504107,75.9026111810232,45,50,55,50,45,60,55,50,33.4805009854453,0.601512685124273,29.5540018909909,0,0,0,0,0,-0.771564478148335,335.582608695652,293.634782608696,314.608695652174,377.530434782609,335.582608695652,356.55652173913,314.608695652174,293.634782608696,272.660869565217,47.9361242951228,31.8112102260735,58.5144876872969,36.2292957000849,26.8162202850773,14.9762279012281,0,0,7.25887815769073,232.550410171744,179.794896152725,211.276140440354,239.459678125079,212.309108030952,237.393280725738,334.478027053042,332.107621292944,281.337967803461,0.343232903696218,0.891667748912607,0.609315644492522,0.9,0.9,0.9,0.9,0.9,0.87143952916366,49.9999999999964,49.9936195366877,49.999999999991,50.033945545341,50.0075267428078,50.1184439602172,49.9936109576239,49.9975834888304,49.9994626166496
18.7,0,0,0,0,0,0,0,0,0,103.439764106064,205.791591094445,94.8435357219733,410.280275928873,382.217807834577,650,259.426567292547,193.851984607884,132.503885565252,79.2552306328738,45,50,55,50,45,60,55,50,32.5661382654665,-6.8615641479637,29.7217674953701,0,0,0,0,0,-1.77923164360479,340.823188405797,298.220289855072,319.521739130435,383.426086956522,340.823188405797,362.124637681159,319.521739130435,298.220289855072,276.91884057971,45.7741891670751,22.4152686987788,56.1751277822726,33.0925347676022,25.0053836915401,13.8498240157109,0,0,5.62366723627273,250.650873885486,181.677629651928,222.646586061448,263.621238252109,224.083048602398,252.74320213755,398.060909929588,388.603384697034,319.629247359964,0.334383409602342,0.893471360060072,0.600813994751283,0.9,0.9,0.9,0.9,0.9,0.871820201980431,50.000000000004,49.9936565025889,49.9999999999978,50.0522309554734,50.0269516585538,50.1494135599125,49.9936420852882,49.9975977684886,49.9994657923789
18.8,0,0,0,0,0,0,0,0,0,75.8469891515702,150.896250703163,69.5438227955061,300.837148135532,280.260402514458,484.193620844167,190.223984026984,142.14155939575,97.1581949926298,94.6450746220856,67.9375143477912,75,55,50,45,60,55,59.4404623352201,39.6293099290615,22.3262102657904,41.0409182650556,0,0,0,0,0,5.22388387869673,337.530434782609,295.339130434783,316.434782608696,379.721739130435,337.530434782609,358.626086956522,316.434782608696,295.339130434783,274.24347826087,39.6956804782603,22.3930746033496,41.0855706679915,0,2.56901443445743,0.856518883872182,0,0,5.26818622128536,161.970818490675,135.92480428787,155.372973073633,174.814747686546,144.495995939145,171.169541831394,217.645399534643,214.044246888958,188.012561147056,0.323614575382488,0.886537754387466,0.589074601654871,0.9,0.9,0.9,0.9,0.9,0.870499705550023,50.0000000000008,49.9936936661367,49.9999999999985,50.0129074826237,50.0048109462349,50.1021334052006,49.9936767669918,49.9976119637788,49.9994689490527
18.9,0,0,0,0,0,0,0,0,0,90.3558073405681,179.761289267562,82.8469043336741,358.384475137169,333.871590923424,576.815322663627,226.612049397898,169.331907561745,115.743647131043,77.5758937361051,45,50,55,50,45,60,55,50,34.4246785119002,0.1077249124793,30.5825956134171,0,0,0,0,0,-1.55561956220864,339.942028985507,297.449275362319,318.695652173913,382.434782608696,339.942028985507,361.188405797101,318.695652173913,297.449275362319,276.202898550725,49.1919608995908,31.6154588638311,60.1733854908703,37.0267254345484,27.4757229497246,15.3290697231597,0,0,6.62193954343435,249.194554014607,191.08576833312,224.59157826402,258.104861165125,226.811482483673,254.532244496716,366.58912437672,365.422632067434,307.311794362991,0.314260043178167,0.886504299445702,0.58032671961442,0.9,0.9,0.9,0.9,0.9,0.870832535781937,49.9999999999847,49.9937307914529,50.0000000000008,50.0318226081454,50.0114940690082,50.1181615675319,49.9937128731734,49.997626075192,49.9994720867665
19,0,0,0,0,0,0,0,0,0,102.587242885009,204.095515121738,94.0618621790989,406.898862167613,379.06767698248,650,257.288447046105,192.254311488169,131.411826091868,79.0994717293948,45,50,55,50,45,60,55,50,30.2444606443877,-9.5303394590344,24.7282651973727,0,0,0,0,0,-3.26239046937081,327.188405797101,286.289855072464,306.739130434783,368.086956521739,327.188405797101,347.63768115942,306.739130434783,286.289855072464,265.840579710145,42.8759464009636,18.7150946789851,50.0224592599566,31.6400166424085,26.6567623965815,17.8286413835853,11.0216143475341,0,3.83753034839709,263.622537688279,185.553813590123,220.677914576126,255.802017202053,235.216367535406,268.095520294973,354.39717943002,419.766444790918,341.695253977979,0.306041439742192,0.889009417246363,0.573253417212426,0.9,0.9,0.9,0.9,0.9,0.871530535603291,49.9999999999924,49.9937677764522,49.999999999993,50.0605545370568,50.0331269883033,50.1567577339314,50.0091908978888,49.9976401032204,49.9994752063697
19.1,3.84342427555931,3.16527799376528,3.62180528732867,1.25671718931892,0.977110228289359,1.16864526534612,1.66152372993578,1.32875268137665,1.42340466658481,79.6151112061215,158.39286324618,72.9987999193822,315.782910721473,294.183900540487,508.248638476177,199.674420986114,149.203233838187,101.985070013344,76.2793359192359,45,50,55,50,45,60,55,50,32.5279832491,2.35411464062423,28.5999920979573,0,0,0,0,0,-4.85667489385442,325.333333333333,284.666666666667,305,366,325.333333333333,345.666666666667,305,284.666666666667,264.333333333333,46.9948470395558,33.2562376366635,57.4340467763416,35.9830424365362,26.5021587866766,14.8271680244538,0,0,3.16572453965215,302.898687539527,224.788759146875,269.189577845957,307.595329779521,266.896224110421,302.923392876491,435.157241175918,447.568745958754,373.316117915037,0.297202313859285,0.888278325743063,0.565072641440699,0.9,0.9,0.9,0.9,0.9,0.87256963813872,50.0000000000008,49.993804577364,49.9999999999926,50.0458628395133,50.015260619816,50.1281150003323,50.0004259839918,49.9976540483553,49.999478307548
19.2,0.95309572148783,0.803434251613963,0.884752325539384,0.305373684460423,0.233985523855637,0.270452973001937,0.379486235210784,0.316468177991195,0.348263771583968,79.6151112061215,158.39286324618,72.9987999193822,315.782910721473,294.183900540487,508.248638476177,199.674420986114,149.203233838187,101.985070013344,75.9385905130492,45,50,55,50,45,60,55,50,32.8536174898175,2.1128962311464,28.869662117634,0,0,0,0,0,-3.25159125935359,321.344927536232,281.176811594203,301.260869565217,361.513043478261,321.344927536232,341.428985507246,301.260869565217,281.176811594203,261.092753623188,47.2066513736078,32.8440947271216,57.6423939388007,36.0084868722276,26.5587891118187,14.8545016286494,0,0,4.69785484826952,267.968223362488,203.79567306228,239.879044304455,274.504869350658,240.488866110827,271.484676540345,386.181758824231,393.470483706911,330.244013971677,0.288274700410965,0.887622146789291,0.556814728935655,0.9,0.9,0.9,0.9,0.9,0.873265327431419,50.0000000000032,49.9938411758343,50.0000000000056,50.0389376125236,50.0083379384268,50.1147228506362,49.9966264346899,49.997667911086,49.9994813904581
19.3,0,0,0,0,0,0,0,0,0,78.8992953311183,156.968760154679,72.3424710008281,312.94372080985,291.538906355501,503.678997884605,197.879157270361,147.861754290333,101.068126847368,76.9477714285589,45,50,55,50,45,60,55,50,33.4373944684405,2.68556167536569,29.3607652758773,0,0,0,0,0,-4.59682838823173,321.947826086957,281.704347826087,301.826086956522,362.191304347826,321.947826086957,342.069565217391,301.826086956522,281.704347826087,261.582608695652,48.2095952454043,33.9588574357454,58.8677699531995,36.8599078965405,27.1580015915327,15.1937685770425,0,0,3.55592305393399,292.865355197397,221.226711153375,260.572475364875,299.915804478017,261.24430812831,296.094092580002,424.214601783968,436.135091081387,364.499030805434,0.279188451914106,0.886788121424271,0.548416340698848,0.9,0.9,0.9,0.9,0.9,0.874248834900529,49.9999999999973,49.9938775645855,49.999999999992,50.0362279486835,50.0044724403923,50.1063615502988,49.9949912085434,49.9976816918989,49.9994844549634
19.4,0.763698110054731,0.606935094127954,0.688334210427733,0.251095996407352,0.185341641249989,0.231095976753335,0.308914963315648,0.2540321069366,0.276351576603589,69.7612087429058,138.788697634246,63.9637933303054,276.6986972517,257.772980323731,445.343086568572,174.960868006175,130.736461749765,89.362454565205,91.2074135955536,65.4038291075842,75,55,50,45,60,55,56.1602561933771,36.1446256431322,19.4206078930572,37.9462511747018,0,0,0,0,0,1.8862773840153,311.188405797101,272.289855072464,291.739130434783,350.086956521739,311.188405797101,330.63768115942,291.739130434783,272.289855072464,252.840579710145,36.2270361958275,19.5003446575554,37.9966194938462,0,1.07973130547712,0.359891172712271,0,0,1.94192993932137,210.877340038156,162.156617459422,197.528242412398,231.521862015299,179.578642722412,214.413159154539,300.186402947465,306.021964238271,258.080756128926,0.26936654277195,0.880756876736986,0.537562149859402,0.9,0.9,0.9,0.9,0.9,0.873772020597189,49.9999999999968,49.9939137411622,49.999999999995,50.0052184695862,49.9948116083604,50.0767528089712,49.9942993065181,49.9976953912782,49.9994875016526
19.5,1.74300290731329,1.38814153654656,1.52254351853844,0.559453873702514,0.426141405331918,0.527246091618849,0.724241262582274,0.57461619706125,0.614135612375485,68.4545814616386,136.189185642865,62.7657516265453,271.516131280796,252.94489298789,437.001811568898,171.683851345905,128.287768118206,87.6886959942173,90.7099197530607,65.2137128715041,92.5266430885707,55,50,45,60,55,54.9889037748163,35.6372076756085,19.1658826784935,37.4782462255605,0,0,0,0,0,0.700704873404185,307.849275362319,269.368115942029,288.608695652174,346.330434782609,307.849275362319,327.089855072464,288.608695652174,269.368115942029,250.127536231884,35.6315333399698,19.1542865521575,37.4716755771897,0,1.42857926162528,0.473977009764736,0,0,0.692969229723704,236.013905675136,177.089193790802,218.566392967294,256.989271056597,199.188316328694,237.40295216879,338.433855077326,348.592172306352,291.423094283134,0.259682518947057,0.874804739259193,0.526841827712503,0.9,0.9,0.9,0.9,0.9,0.87359489600836,49.9999999999941,49.9939497052084,49.9999999999972,49.9917636337455,49.990642542452,50.060554890117,49.9940184846187,49.997709009705,49.999490530063
19.6,0,0,0,0,0,0,0,0,0,64.6327932221206,128.585805168891,59.2615681768917,256.357508801307,238.823094320419,412.604198605067,162.098819782216,121.125520201419,82.7930758628289,91.0652647038484,66.1154014169115,92.6497176172499,55,50,45,60,55,51.8002138163992,35.9502023835099,19.96527609697,37.5743501532591,0,0,0,0,0,-2.5176187904017,304.185507246377,266.16231884058,285.173913043478,342.208695652174,304.185507246377,323.197101449275,285.173913043478,266.16231884058,247.150724637681,37.8670417765231,21.2635916444159,38.2301872349074,0,5.4214727009076,1.80792038579954,0,0,0,286.615698514587,211.632760946399,256.963310612893,302.294042371808,243.381246482534,287.360971304293,412.84666277113,433.47713299647,361.601875144164,0.249913442212407,0.868604342955786,0.516094015883767,0.9,0.9,0.9,0.9,0.9,0.874133549330958,50.0000000000041,49.9939854572776,49.9999999999979,49.9859606594353,49.9888671387495,50.046285090134,49.9939167335136,49.9977225476576,49.9994935407446
19.7,0.636116655375176,0.548961514141417,0.587869327915851,0.22633940410103,0.160953441855178,0.205053444327925,0.280799423325917,0.220429816670027,0.243647228376207,85.2473933933965,169.598189581067,78.1630185488574,338.122620308736,314.995612258223,544.204121170725,213.800165050741,159.758450096757,109.199889970287,74.7416987721342,45,67.6497176172499,55,50,45,60,55,50,28.1724259923844,-5.35357929878214,25.3903570346838,0,0,0,0,0,-2.46233744428403,297.553623188406,260.359420289855,278.95652173913,334.747826086957,297.553623188406,316.150724637681,278.95652173913,260.359420289855,241.76231884058,39.6770203785061,20.826985932072,48.4457672361452,28.8502777357625,21.7010639687855,12.0415126034666,0,0,4.04522600192705,230.186732015981,166.590061585535,203.902102899245,240.27066804907,204.071493596781,230.822183355811,359.540417709959,355.477032096096,292.519997507386,0.242257891670998,0.870011569514323,0.508831327944785,0.9,0.9,0.9,0.9,0.9,0.874660375016712,50.0000000000131,49.9940209983168,50.0000000000145,50.018635170288,50.0085240775444,50.0923000653842,49.993892918923,49.9977360056115,49.9994965334643
19.8,0.2515504406704,0.213254272550848,0.234171361617402,0.0877690097235697,0.0658442784281672,0.0776166377106458,0.109284840441804,0.0863174376018782,0.0969912033171554,93.5166618079793,186.049753628324,85.7450800611872,370.921590377791,345.551188956723,596.993652570419,234.539461368318,175.25552810419,119.792626769172,76.9273488089009,45,50,55,50,45,60,55,50,26.442202477333,-11.0283387414252,21.2916051873142,0,0,0,0,0,-4.53898647823918,290.086956521739,253.826086956522,271.95652173913,326.347826086957,290.086956521739,308.217391304348,271.95652173913,253.826086956522,235.695652173913,35.6108293117234,12.3638731788288,41.1781478873131,25.2287660541041,21.3217856272429,14.051338378695,8.23409959005795,0,0,270.916074965401,183.381677871647,223.090678974255,262.412144506913,235.160621687673,270.651872319936,373.092621597752,446.811525214999,357.942859680261,0.235072510563028,0.872910447126355,0.502741051861457,0.9,0.9,0.9,0.9,0.9,0.875631507007405,50.0000000000129,49.9940563294393,50.0000000000162,50.0500545768687,50.0293717269054,50.1368274076875,50.0078806075394,49.9977493840395,49.9994995086212
19.9,0,0,0,0,0,0,0,0,0,102.870894087414,204.659834199253,94.3219409136199,408.023927509708,380.115789782328,650,257.999843271573,192.785889928992,131.775176557608,79.387284219991,45,50,55,50,45,60,55,50,21.9543120898099,-18.8368092646035,18.8288618620806,0,0,0,0,0,-10.5880712668699,287.257971014493,251.350724637681,269.304347826087,323.165217391304,287.257971014493,305.211594202899,269.304347826087,251.350724637681,233.397101449275,34.8152596162391,5.85631783106085,37.7356744565987,21.9328653849065,18.9381515843645,12.388293660776,7.28033165508336,0,0,316.64087288023,202.686958547335,253.094238581352,303.498679560305,264.980002560807,307.635236711052,445.228308720762,537.705882504808,430.59615722899,0.229106664886449,0.877861836990194,0.497355221809374,0.9,0.9,0.9,0.9,0.9,0.877896861790084,49.9999999999987,49.994091451828,50.0000000000067,50.0749115400647,50.0491418517756,50.1766048248915,50.0190658934909,49.9977626834115,49.9995024659734
20,1.55374296538238,1.34590336182467,1.41488024623515,0.501246999999549,0.366822549863533,0.462913553542735,0.62965084356238,0.522739632827672,0.548282807773872,103.439764106064,205.791591094445,94.8435357219733,410.280275928873,382.217807834577,650,259.426567292547,193.851984607884,132.503885565252,79.1241623634971,45,50,55,50,45,60,55,50,20.3561120148833,-20.2684886314491,17.7610653230165,0,0,0,0,0,-11.7229216193863,285.263768115942,249.605797101449,267.434782608696,320.921739130435,285.263768115942,303.092753623188,267.434782608696,249.605797101449,231.776811594203,33.8749020534884,4.48262177684949,36.1414989798969,20.7138017932056,17.9614013819726,11.7188498430954,6.88953917279133,0,0,323.953620532514,204.496091828981,257.873794881105,308.901457847775,268.349529885303,312.181141334955,454.903476552501,549.768927139262,440.289915790309,0.223575112708491,0.883189554001889,0.49227482554993,0.9,0.9,0.9,0.9,0.9,0.880405021764464,49.9999999999961,49.9941263666904,50.0000000000651,50.0871714081625,50.0585077546503,50.1970591294819,50.0243659385684,49.9977759041947,49.9995054061097
20.1,2.34877552125058,2.0802631680756,2.17472088125319,0.790309118013033,0.598803116780007,0.732415731474485,1.00426395095762,0.786328589941718,0.889648323016114,85.7493394686189,170.596802468058,78.6232510419152,340.1135236719,316.850341241614,547.408455190427,215.059044055216,160.699125510016,109.842870992972,74.2632356738428,45,50,55,50,45,60,55,50,23.6452183390978,-10.8621669942396,19.0281029282934,0,0,0,0,0,-4.8070571584837,272.139130434783,238.121739130435,255.130434782609,306.15652173913,272.139130434783,289.147826086957,255.130434782609,238.121739130435,221.113043478261,32.4146618641304,11.2999009191116,37.1557585625191,22.794969265004,19.2546462605786,12.6915078605466,7.43670903776742,0,0,256.035731850219,171.450834523046,210.705125143826,246.395590782421,220.043523061538,253.603516092375,350.057961829727,418.776817953681,335.921089520928,0.217149781638084,0.886044752183232,0.486832004346185,0.9,0.9,0.9,0.9,0.9,0.881433508412326,50.0000000000016,49.9941610752407,50.0000000000572,50.0747806258197,50.0459674919226,50.1785504780368,50.018393964923,49.9977890468534,49.9995083288301
20.2,4.56667103980535,4.04371360090499,4.24909165347679,1.52365005830301,1.21822801978875,1.41849401675653,1.97025781261522,1.60979559273103,1.73855759194392,79.376026948034,157.917209320413,72.7795844506652,314.834614326696,293.300465994753,506.722367309646,199.074798501421,148.755176378667,101.678808746724,74.8095712936788,45,50,55,50,45,60,55,50,20.991281155208,-10.4569247372631,17.6052840503087,0,0,0,0,0,-11.5498388559268,271.165217391304,237.269565217391,254.217391304348,305.060869565217,271.165217391304,288.113043478261,254.217391304348,237.269565217391,220.321739130435,35.3406196801186,16.0546126487763,38.9497987847248,24.8123758336443,20.6449677703358,13.6751089887319,7.9948583184449,0,0,323.735008841732,216.056077610638,265.767864874665,308.495834750246,271.865451186704,315.014865240319,435.673474970389,518.095406754006,422.274578968122,0.211445629150256,0.888793429542741,0.481796167947355,0.9,0.9,0.9,0.9,0.9,0.883904636725687,50.000000000004,49.9941955786957,50.0000000000523,50.0658204624719,50.0341946485736,50.1571811697108,50.0165277692746,49.9978021118493,49.9995112342098
20.3,4.67290722206609,3.77741780013923,4.23526650369149,1.56775176241183,1.10425659996964,1.35122159638324,1.92433017775599,1.52426245970471,1.68060386040324,83.5060126981174,166.133743320196,76.566353053672,331.215661864556,308.561077940525,533.087458089605,209.432788345758,156.495003909934,106.969222582684,74.9972412300326,45,50,55,50,45,60,55,50,18.0164676155353,-14.9594595795657,15.7081613042799,0,0,0,0,0,-13.327567978667,262.771014492754,229.924637681159,246.347826086957,295.617391304348,262.771014492754,279.194202898551,246.347826086957,229.924637681159,213.501449275362,32.8389791510332,10.6837111315807,34.9566896802287,21.4563340359682,18.1193863345235,11.9434698546452,6.99790898778176,0,0,326.287129196698,210.685491756748,263.506345412108,309.423164382593,269.226329392054,313.279336497377,445.455275510555,533.09462868848,432.545293305359,0.206549849906904,0.892725630346512,0.477302986796245,0.9,0.9,0.9,0.9,0.9,0.886756116386239,50.000000000004,49.9942298782638,49.999999999991,50.0663277596878,50.0351044810251,50.1570796792352,50.0174654905369,49.9978150996414,49.9995141223995
20.4,0,0,0,0,0,0,0,0,0,71.5290971859197,142.305880592941,65.5847636809872,283.710795205322,264.30546278852,456.628970372883,179.394726049944,134.049584959251,91.6270777492356,74.4154346955758,45,50,55,50,45,60,55,50,23.887118231593,-5.72099389688367,22.0627448941451,0,0,0,0,0,-9.59775393151283,264.579710144928,231.507246376812,248.04347826087,297.652173913043,264.579710144928,281.115942028986,248.04347826087,231.507246376812,214.971014492754,37.2599653046219,20.6847112207876,44.3812445016009,26.7728473842653,20.0316112434954,11.137799589638,0,0,0,303.824885385496,211.88009154054,261.742434897076,311.59743528492,259.025988362202,297.930880129821,469.339585362504,483.329509913212,395.76684993353,0.200058785170058,0.89422943445655,0.470992132993572,0.9,0.9,0.9,0.9,0.9,0.888809589320423,50.0000000000057,49.994263975149,49.9999999999913,50.0479546251826,50.0205647760468,50.129469408124,50.0037720716889,49.9978280106858,49.9995169935214
20.5,0,0,0,0,0,0,0,0,0,78.8992953311183,156.968760154679,72.3424710008281,312.94372080985,291.538906355501,503.678997884605,197.879157270361,147.861754290333,101.068126847368,73.7896068491459,45,50,55,50,45,60,55,50,19.897515481011,-12.9442454066995,16.5628111451665,0,0,0,0,0,-9.05463677918724,249.321739130435,218.15652173913,233.739130434783,280.486956521739,249.321739130435,264.904347826087,233.739130434783,218.15652173913,202.573913043478,31.4489005861861,10.314566815954,34.5118793234278,21.1345584919074,17.8648448043475,11.7720778816366,6.89843903017885,0,0,271.870356317305,179.819752973491,220.583946773274,261.343734373148,229.747162094232,266.030281090264,375.969371435057,450.84305820793,363.917183917257,0.194651851615436,0.897631921820597,0.466254486785001,0.9,0.9,0.9,0.9,0.9,0.890746860445272,50.0000000000052,49.9942978705489,50.0000000000101,50.0526949088659,50.0269154082417,50.1371747084679,50.0087020889032,49.9978408454361,49.9995198476925
20.6,2.12275585801978,1.77272937043387,1.86657200236592,0.701243603029614,0.531015480141353,0.620024413635448,0.895999738626595,0.70821338003392,0.746081565472593,75.8469891515702,150.896250703163,69.5438227955061,300.837148135532,280.260402514458,484.193620844167,190.223984026984,142.14155939575,97.1581949926298,73.7687875648448,45,50,55,50,45,60,55,50,17.8590328007121,-9.00899307381529,15.3865222261376,0,0,0,0,0,-12.7392974658417,247.791304347826,216.817391304348,232.304347826087,278.765217391304,247.791304347826,263.278260869565,232.304347826087,216.817391304348,201.330434782609,32.2537439036061,11.9685579269804,34.5167534826736,21.5011261646896,18.0536291195826,11.9246417925221,6.98127024475202,0,0,307.401003911744,201.694564356027,248.936262454248,293.143043016787,255.743458345029,297.10226564926,420.545051890364,502.777593446307,408.860089945068,0.189798853571764,0.9,0.461853307658531,0.9,0.9,0.9,0.9,0.9,0.893472477577499,50.0000000000034,49.9943315656536,50.0000000000198,50.0538672399034,50.0268082782646,50.135578685697,50.0113409915202,49.9978536043431,49.9995226849905
20.7,2.13532706044033,1.75440107585574,1.93358459930305,0.706015609160311,0.505176508399552,0.638040545851351,0.899687377477096,0.707499646645165,0.781280691431302,72.4241329241171,144.086538449635,66.4054186268079,287.260837230333,267.612688019976,462.342718534945,181.63947255697,135.726932695337,92.7735973111838,73.7962082772401,45,50,55,50,45,60,55,50,19.7556905022709,0,17.3996911896478,0,0,0,0,0,-13.7887474849848,246.260869565217,215.478260869565,230.869565217391,277.04347826087,246.260869565217,261.652173913043,230.869565217391,215.478260869565,200.086956521739,32.4556746107031,12.3178995489204,34.2861901069128,21.4540421823862,17.9833051869878,11.8856460437919,6.95677069939531,0,0,323.489236572924,212.319421795148,261.597401760572,307.71169814805,268.49005986069,312.495815314264,440.804013043597,525.956171472417,430.386684769825,0.184430459413538,0.9,0.456876279286206,0.9,0.9,0.9,0.9,0.9,0.896422628202193,49.9999999999959,49.9943650616469,49.999999999991,50.0515965546338,50.0229025188248,50.1280260250238,50.0118574724986,49.997866287855,49.9995255055706
20.8,2.13156501839276,1.77379171606407,1.91492723865602,0.701443383188093,0.548518235852763,0.637556894309131,0.849361580605596,0.696105743130049,0.759398196920836,78.6616470111535,156.495963002547,72.1245721384454,312.001119875559,290.660777710511,502.161893490371,197.283136113468,147.416387860294,100.763704983441,74.5738662009582,45,50,55,50,45,60,55,50,20.4563736250206,0,18.6593296540208,0,0,0,0,0,-13.937786827571,245.750724637681,215.031884057971,230.391304347826,276.469565217391,245.750724637681,261.110144927536,230.391304347826,215.031884057971,199.672463768116,30.0134978195788,5.87943727808108,30.61973064482,18.040658665639,15.4928530082227,10.1561394254305,5.96520466314029,0,0,324.380669537055,205.882692061278,258.003130270841,306.993794901731,266.04348277965,310.760742568598,448.262900329258,538.080609545453,438.616182713443,0.178871662232826,0.9,0.451538942428649,0.9,0.9,0.9,0.9,0.9,0.899404666314139,49.9999999999949,49.9943983597051,50.0000000000072,50.0557212168621,50.0273551970334,50.1365484083289,50.0139189054621,49.9978788964173,49.999528309409
20.9,17.527326498735,14.417277273336,15.8256352259395,6.08994012528308,4.61663374655453,5.130537250045,7.54592646538851,5.95875796856481,6.55807596385711,80.3352435457223,159.825553868067,73.6590865883023,318.639221324558,296.844844390966,512.845834606158,201.480510380009,150.55280268551,102.907542468139,44.5738662009582,45,50,55,50,45,60,55,50,16.6565964715264,0,5.86428535006288,0,0,0,0,0,-2.78253787956906,234.944927536232,205.576811594203,220.260869565217,264.313043478261,234.944927536232,249.628985507246,220.260869565217,205.576811594203,190.892753623188,29.926249107009,23.7520741524362,29.5386602392289,23.6067119865474,20.7750065714246,17.3350415805376,13.3280531208506,12.3087570963787,0,347.453264348615,237.016056082306,295.373202129039,328.931910195126,275.403794097614,322.476977895491,396.24763817375,406.36432011681,465.790326929239,0.17434541319165,0.9,0.44986151526902,0.9,0.9,0.9,0.9,0.9,0.9,49.9999999999791,50.0042428442587,49.9999999999927,50.0676963663576,50.0410936549916,50.1559940061061,50.0511623578945,50.04570028847,49.9995310967216
21,2.28461430878584,1.89750235381816,2.06645459968517,0.751806078743203,0.585107711540363,0.687870707169481,0.977614044907362,0.768625206964762,0.85036544762298,74.4651956997191,148.147196937643,68.2768615089679,295.356445394167,275.154570452572,475.372498447686,186.758450873279,139.552000097405,95.3881503390944,72.3797129099406,45,50,55,50,45,60,55,50,24.8799851571227,0,17.6458037539899,0,0,0,0,0,0,228.498550724638,199.936231884058,214.217391304348,257.060869565217,228.498550724638,242.779710144928,214.217391304348,199.936231884058,185.655072463768,26.1017557742578,2.4462464718039,26.3419676595834,14.9468491521659,13.036407161086,8.50121786394531,5.00412195561611,0,0,328.387286881503,202.445286121361,256.937868406232,308.042950105208,263.62568565711,309.155100684931,456.695003522239,545.384393420312,460.583443322949,0.167584547659824,0.9,0.444814088565934,0.9,0.9,0.9,0.9,0.9,0.9,49.9999999999918,49.9986832614905,49.9999999999894,50.0613007056694,50.033979297586,50.1466426622393,50.0289075341962,50.0184616994009,49.9995338675679
21.1,4.44866673447918,3.66677725623535,4.04471236582478,1.48179222166181,1.15281178348081,1.35511527738555,1.88557483795259,1.54219012827891,1.65978649737185,83.0128682315686,165.152641078833,76.1141907229338,329.259668929374,306.73887157164,529.939311966357,208.195983745113,155.570823210519,106.337516212049,46.5640261642673,45,50,55,50,45,60,55,50,21.5656200001475,0,8.06261720823594,0,0,0,0,0,0,233.089855072464,203.953623188406,218.521739130435,262.226086956522,233.089855072464,247.657971014493,218.521739130435,203.953623188406,189.385507246377,36.5232963661012,29.9142967528772,38.123658366919,30.2172744647523,26.5798119332687,22.0710189813445,16.8971167179752,15.3857560741034,0,340.975377631567,233.29797036803,292.176560423205,331.498455550357,277.743793280231,323.436551574625,395.864410269984,406.673281554588,468.611795463044,0.161724324833697,0.9,0.442507847945729,0.9,0.9,0.9,0.9,0.9,0.9,50.0000000000144,50.005637852175,49.9999999999802,50.0758682143241,50.0491905494644,50.1680360067147,50.058353499138,50.0551764541249,49.9995366220428
21.2,3.7436706745835,3.1362779769544,3.35393337655516,1.23542052167447,0.917900467688302,1.18269179816543,1.58895050963763,1.25188985091703,1.36758054898677,69.5422929758264,138.353168566558,63.7630702761247,275.830396534865,256.964069888593,443.945567443452,174.411828026526,130.326201186266,89.0820286574296,70.1080670685188,45,50,55,50,45,60,55,50,22.608876503908,0,16.2169587753008,0,0,0,0,0,0,216.394202898551,189.344927536232,202.869565217391,243.44347826087,216.394202898551,229.91884057971,202.869565217391,189.344927536232,175.820289855072,23.3255925178052,1.42604083113309,23.5238944971062,13.1806755040091,11.5550960822986,7.52143948437984,4.43043533317402,0,0,327.065703156716,201.429440161146,257.739035333295,308.576901515616,262.477114208771,308.58123244948,458.691154550093,547.233163500951,464.629319351344,0.155580608392417,0.9,0.437869129760574,0.9,0.9,0.9,0.9,0.9,0.9,50.0000000000068,49.9992733612084,49.9999999999713,50.0619552969356,50.0344163048644,50.146122033556,50.0305244058334,50.0223225773395,49.9995393602418
21.3,2.53116182483811,2.0067833400334,2.33621475672939,0.84831870882689,0.633555144226798,0.738998924599677,1.0669669146969,0.846791839511598,0.908746398978264,73.780637429573,146.785280301157,67.6491925722734,292.641234678132,272.625075498562,471.002400818121,185.041581121394,138.269099073854,94.5112474239139,44.7417462030048,45,50,55,50,45,60,55,50,19.7399942455216,0,6.88107921757598,0,0,0,0,0,0,209.484057971014,183.298550724638,196.391304347826,235.669565217391,209.484057971014,222.576811594203,196.391304347826,183.298550724638,170.205797101449,33.0778252980808,26.6704461212835,33.5896138740871,26.7232816984752,23.5100225439645,19.5671240357065,15.0112019947205,13.765763901909,0,335.61269297529,228.614180720734,285.935203927129,328.698511571587,274.155614838724,320.317461315085,396.787867127689,408.221638389606,475.214196721443,0.150216479521352,0.9,0.435900857673167,0.9,0.9,0.9,0.9,0.9,0.9,50.0000000000052,50.0034438838385,49.9999999999857,50.0696478743251,50.04320615529,50.1544107412778,50.0554073938097,50.0548777719429,49.9995420822605
21.4,0,0,0,0,0,0,0,0,0,76.3113571874678,151.820102741948,69.9696001238036,302.679003127634,281.97627778006,487.158063378019,191.388617440009,143.011811432046,97.7530394378052,46.1982938539805,45,50,55,50,45,60,55,50,21.1972253592115,0,7.76372792033084,0,0,0,0,0,0,215.28115942029,188.371014492754,201.826086956522,242.191304347826,215.28115942029,228.736231884058,201.826086956522,188.371014492754,174.915942028986,35.7841596725548,29.1690339174691,37.0416842253203,29.3917535792199,25.8542872372611,21.4830344035447,16.4570153586379,15.0175332680944,0,335.790123324972,229.176164352845,287.051074695315,330.041281503723,275.866570583165,321.494402041471,395.862002524369,407.235533807949,472.83709740882,0.144456363934609,0.9,0.433680111700532,0.9,0.9,0.9,0.9,0.9,0.9,49.9999999999952,50.0055783462857,49.9999999999956,50.0760390630243,50.0491963253321,50.1626717932852,50.0670668598982,50.0694258584259,49.9995447881944
21.5,2.93829210618385,2.29917474459592,2.64374149717613,0.956865727219313,0.68331571628226,0.895607391344228,1.19170380119199,0.938151907918993,1.03599449569467,70.4207116228573,140.100767012686,64.5684890727405,279.314529044249,260.209893702392,449.553235065868,176.614898926913,131.972407551054,90.2072621195363,44.9257758079307,45,50,55,50,45,60,55,50,19.9220953619,0,7.00734731846859,0,0,0,0,0,0,208,182,195,234,208,221,195,182,169,33.4256807889043,27.0049078779906,34.0642497203285,27.0862325569797,23.8289079462495,19.8267664613167,15.2062769650689,13.9321425483803,0,336.367444303347,229.22988531234,286.716172380619,328.573618240128,274.524292219074,320.733721289483,395.478110862936,406.74152962838,472.243256615231,0.139042751064528,0.9,0.431675721735295,0.9,0.9,0.9,0.9,0.9,0.9,49.9999999999946,50.0047648350013,49.9999999999942,50.073317224627,50.0459048890672,50.1563390067119,50.0703163037031,50.0739599138825,49.9995474781385
21.6,0,0,0,0,0,0,0,0,0,70.8626813307692,140.980057971948,64.9737294572544,281.067544002098,261.843005439907,452.374690677634,177.723357411537,132.800683850364,90.7734148375608,44.9198517832631,45,50,55,50,45,60,55,50,19.9154057103693,0,6.97619342495435,0,0,0,0,0,0,202.48115942029,177.171014492754,189.826086956522,227.791304347826,202.48115942029,215.136231884058,189.826086956522,177.171014492754,164.515942028986,33.3902676391208,26.9365633948487,33.9333728731065,26.9968829868454,23.7500323535816,19.7647372996243,15.1613849425025,13.9003575487118,0,333.392953004143,226.943449341604,283.942791228221,328.33378521175,273.762215951725,319.776111402382,396.443766566897,408.119983989175,476.257472808575,0.133630956034536,0.9,0.42968024306683,0.9,0.9,0.9,0.9,0.9,0.9,50.0000000000131,50.004747871084,50.0000000000061,50.0736440559868,50.0462014786358,50.1554292725212,50.0724766853706,50.0761344751448,49.9995501521871
21.7,0,0,0,0,0,0,0,0,0,59.1710360556266,117.719735363166,54.2537033059513,234.69416437384,218.641485544112,377.737317161277,148.400751874442,110.889877503263,75.7966944148564,70.0695122417278,45,50,55,50,45,60,55,50,22.6068709392685,0,14.7861197471795,0,0,0,0,0,0,205.495652173913,179.808695652174,192.652173913043,231.182608695652,205.495652173913,218.339130434783,192.652173913043,179.808695652174,166.965217391304,26.8231988306505,8.50892659350356,27.4367743662691,16.868027929618,14.2347846522847,9.38424071871203,5.49744969198685,0,0,326.825034102734,208.509030930465,258.703475891083,308.894838522637,264.237383329227,309.386504230735,451.834718939577,536.081181851089,458.831477023552,0.127487784583648,0.9,0.425450803779879,0.9,0.9,0.9,0.9,0.9,0.9,50.0000000000053,49.9988283417443,49.9999999999971,50.0535639965719,50.0244239648623,50.1221042801526,50.0347080830245,50.0304153177924,49.9995528104342
21.8,0,0,0,0,0,0,0,0,0,66.7379331345523,132.773943993449,61.191763147945,264.707270535641,246.601746654638,426.043035505329,167.378503334014,125.070671792094,85.4897101839366,45.3034665793931,45,50,55,50,45,60,55,50,20.3042090021668,0,7.17965113625813,0,0,0,0,0,0,200.533333333333,175.466666666667,188,225.6,200.533333333333,213.066666666667,188,175.466666666667,162.933333333333,34.0925006404448,27.5738814949346,34.8099384200023,27.6717490361733,24.3428058676858,20.2500829575768,15.5285004606765,14.2207291246445,0,334.095223933533,227.580362779554,284.818647320606,328.265641301669,274.355055078604,320.261509188411,394.780730349201,406.275084386187,472.556376850603,0.121970336485233,0.9,0.423397127825572,0.9,0.9,0.9,0.9,0.9,0.9,49.9999999999882,50.0004209584251,50.0000000000068,50.0597421168427,50.0326217199829,50.1305481270712,50.0532492434068,50.0558366069453,49.9995554529732
21.9,0.273710352485319,0.236231707734698,0.252803964683994,0.0956012179227438,0.0692060291321057,0.0838426554306019,0.112204259098958,0.0929316692393498,0.103666188410623,63.3912156678562,126.115708465101,58.1231703263443,251.432954052435,234.235370680979,404.678189434726,158.984947610195,118.798733447613,81.2026444499929,44.7342759176484,45,50,55,50,45,60,55,50,19.7336737818006,0,6.8261690971665,0,0,0,0,0,0,194.457971014493,170.150724637681,182.304347826087,218.765217391304,194.457971014493,206.611594202899,182.304347826087,170.150724637681,157.997101449275,33.0254308572338,26.5761106036657,33.4201859138433,26.6014083159438,23.4024301386785,19.4824226422552,14.9497405736705,13.7216617825027,0,333.299664461383,226.792579398951,283.682018492568,327.442138721354,273.483713722898,319.57765879025,394.727652122789,406.310057049781,473.309209189128,0.116607925131483,0.9,0.421444562294346,0.9,0.9,0.9,0.9,0.9,0.9,50.0000000000021,50.0001458171042,49.9999999999929,50.0599842225867,50.0333874998984,50.1293442366422,50.0606768764945,50.0659301587186,49.9995580798968
22,8.27016103739806,6.91665929720707,7.60425928031571,2.77480204101806,2.06111324723568,2.60584688429364,3.37647754388107,2.86690744742826,3.0905486551032,58.194636177203,115.777204980757,53.3584458819954,230.821402143584,215.033613616655,371.504154872119,145.951944387752,109.060048753758,74.5459493181844,41.8724640313754,45,50,55,50,45,60,55,50,16.8691915240873,0,5.13654941257859,0,0,0,0,0,0,188.939130434783,165.321739130435,177.130434782609,212.55652173913,188.939130434783,200.747826086957,177.130434782609,165.321739130435,153.513043478261,27.7301320967307,21.7096660918867,26.7089355071801,21.4154962243471,18.8477803082199,15.7592001780598,12.1389584298205,11.2833044566387,0,336.002545599753,228.032509347703,284.322244702921,325.101337167911,270.922110122725,318.377452273272,395.630339853421,407.12335788276,474.123454495027,0.11202390569559,0.9,0.419975297588231,0.9,0.9,0.9,0.9,0.9,0.9,50.0000000000116,49.9992075681579,49.9999999999973,50.0535786705996,50.0273389586298,50.1188383943613,50.0619241417878,50.0685123540779,49.9995606912974
22.1,0,0,0,0,0,0,0,0,0,65.8904775040018,131.087945923944,60.4147342261999,261.345948775634,243.470333545324,420.633030245384,165.253087570875,123.482491876285,84.4041396118986,44.3524317000185,45,50,55,50,45,60,55,50,19.3462216917998,0,6.6056657983372,0,0,0,0,0,0,194.226086956522,169.947826086957,182.086956521739,218.504347826087,194.226086956522,206.365217391304,182.086956521739,169.947826086957,157.808695652174,32.3165447951847,25.9300129321012,32.5286858235432,25.916079278311,22.8016594175832,18.9920412011676,14.5797622004361,13.3994497340095,0,314.204228316582,213.859445292547,267.441051518703,308.836470059054,257.716925916932,300.887226325804,372.23688598713,383.17262326057,446.401805635984,0.106766780235861,0.9,0.418085805082986,0.9,0.9,0.9,0.9,0.9,0.9,50.0000000000209,50.000767879322,50.0000000000009,50.0586695504376,50.0336048489596,50.1285069516391,50.0641263406983,50.0688300428733,49.9995632872667
22.2,2.43987304191388,1.96317555653247,2.19362805092015,0.767404771867008,0.572314633735605,0.679802948319909,0.971362337262756,0.764316821438887,0.828030706841493,58.0006542165348,115.391281282317,53.1805845423544,230.051998104083,214.316835495525,370.265808710128,145.465438307545,108.696515557616,74.297463025314,67.0355633440796,45,50,55,50,45,60,55,50,19.5359964064391,0,13.7821582694919,0,0,0,0,0,0,190.840579710145,166.985507246377,178.913043478261,214.695652173913,190.840579710145,202.768115942029,178.913043478261,166.985507246377,155.057971014493,20.6942382152955,2.3119919631658,20.912218243725,11.944504633199,10.3863310555922,6.77818568873602,3.98776635580032,0,0,312.717142116121,195.374316860994,248.690915795907,298.387866265524,252.283459783603,297.04566189819,443.788513030796,528.377285777519,452.705668758427,0.101458085560199,0.9,0.414143540131758,0.9,0.9,0.9,0.9,0.9,0.9,50.0000000000124,49.9971057767651,49.9999999999716,50.045321837273,50.0197212643236,50.1100596277125,50.0301158566154,50.0262849822067,49.9995658678958
22.3,0,0,0,0,0,0,0,0,0,47.9829125591138,95.461160475585,43.9953544043111,190.317937929927,177.300516975826,306.314336673513,120.340977200465,89.9226995269748,61.4649734535464,72.2077444823773,45,50,55,50,45,60,55,50,5.36575486153067,0,12.2379145580619,0,0,0,0,0,0,185.739130434783,162.521739130435,174.130434782609,208.95652173913,185.739130434783,197.347826086957,174.130434782609,162.521739130435,150.913043478261,30.0908093133915,11.03016162816,26.1010170374508,16.6890037755347,13.8677148338412,9.19098634069284,5.3723492585501,0,0,330.091909218514,211.030417026548,260.411242235606,309.78207633649,263.870912842314,309.193592729882,450.636401692638,532.40096039654,460.551929975285,0.1,0.9,0.410642992489292,0.9,0.9,0.9,0.9,0.9,0.9,50.0000000000062,49.9955285130678,49.9999999999898,50.0315451548976,50.00493954876,50.0824801770753,50.0106227958813,50.0077611726438,49.9995684332754
22.4,0,0,0,0,0,0,0,0,0,40.7017006879826,80.9753175407595,37.3192382688297,161.437964726187,150.395884470002,259.832381628847,102.079723244777,76.2772955204269,52.1379136628893,76.020018758249,45,50,55,50,45,60,55,50,0,0,13.1058535055539,0,0,0,0,0,0,190.747826086957,166.904347826087,178.826086956522,214.591304347826,190.747826086957,202.669565217391,178.826086956522,166.904347826087,154.982608695652,37.013286203707,19.3452929371238,33.1970695059249,20.8376755024232,15.3420155394838,8.58719676192903,0,0,0,337.012820444804,219.345882660697,271.189954243138,323.032508851419,265.342142465614,308.587246207474,483.253636288255,514.37294769434,447.155304967237,0.1,0.9,0.406894178557497,0.9,0.9,0.9,0.9,0.9,0.9,50.0000000000057,49.9948599370921,49.9999999999989,50.0128817449465,49.9888617409102,50.0510191749979,49.9981428043121,49.9997083179245,49.9995709834957
22.5,3.51086044440677,2.72012830933564,3.06050652346915,1.1725304606738,0.879451053502514,1.05901287503492,1.44539780243875,1.15832894916401,1.24958167693314,47.8123573426236,95.1218438725909,43.8389729594427,189.641453002806,176.670302458952,305.225542658747,119.913225312879,89.6030693780898,61.2464962645883,70.521312930135,45,50,55,50,45,60,55,50,0,0,11.3143856002095,0,0,0,0,0,0,177.901449275362,155.663768115942,166.782608695652,200.139130434783,177.901449275362,189.020289855072,166.782608695652,155.663768115942,144.544927536232,26.2720909745456,6.41013351456561,20.954117622606,12.8623437596845,10.8606138791754,7.15829539919056,4.19379302729086,0,0,303.906311274199,189.159318210661,238.855341567589,283.592198657713,240.178340615513,282.246345170569,416.010876490835,492.653683637143,424.820289883318,0.1,0.9,0.403657798237071,0.9,0.9,0.9,0.9,0.9,0.9,50.0000000000041,49.9945873543756,50.0000000000051,50.0140510770557,49.9925719759072,50.0546920616862,49.9957932505296,49.9962197198196,49.9995735186462
22.6,0.204922208556639,0.173492873827917,0.190956853541266,0.0664670114474285,0.049185689152463,0.0587132518831057,0.0824353443947764,0.0658489243434821,0.0738030972025838,41.4715739305603,82.5069668141341,38.0251321870422,164.491566105935,153.240624745963,264.747114792082,104.010562649704,77.7200816410251,53.1241030351858,71.9005325256824,45,50,55,50,45,60,55,50,0,0,10.814096270504,0,0,0,0,0,0,174.330434782609,152.539130434783,163.434782608696,196.121739130435,174.330434782609,185.226086956522,163.434782608696,152.539130434783,141.64347826087,30.2733041681298,12.2018962194311,25.1180186549538,16.4054263038294,13.5186493510416,8.98418920078841,5.2447434116196,0,0,330.480101951089,212.202221397324,261.338370545943,310.153150442113,263.571730455711,309.046140125562,449.902133940675,530.246800130586,461.554427871519,0.1,0.9,0.400564521271824,0.9,0.9,0.9,0.9,0.9,0.9,50.0000000000025,49.9944872773537,49.9999999999747,50.0112389446017,49.9888035266417,50.044882720981,49.9939253824937,49.9947205949082,49.9995760388159
22.7,0,0,0,0,0,0,0,0,0,55.142441729788,109.704917818355,50.5599001234514,218.715272640137,203.755522634355,352.019491109645,138.297051368175,103.34006325153,70.6361605896594,48.1444989908062,45,50,55,50,45,60,55,50,0,0,4.4240947658515,0,0,0,0,0,0,175.675362318841,153.715942028986,164.695652173913,197.634782608696,175.675362318841,186.655072463768,164.695652173913,153.715942028986,142.736231884058,36.1917940505186,26.0891583991697,29.8507129041877,24.5535262932177,21.6531586633915,18.3816232574442,14.3424239148203,13.865814703187,0,327.392714024872,220.227415383791,272.524349777495,317.242079762252,264.329676939044,309.58999113109,384.960503545456,397.074011005459,463.226739506389,0.1,0.9,0.399299047940631,0.9,0.9,0.9,0.9,0.9,0.9,50.0000000000001,49.9971872281339,49.9999999999863,50.0297037011475,50.0089911318906,50.0748213426752,50.0299525096643,50.0367620747667,49.9995785440934
22.8,0,0,0,0,0,0,0,0,0,40.8549064271955,81.2801176639026,37.459712042387,162.045635224099,150.961991346749,260.810419681951,102.463962703916,76.5644117649041,52.3341665827605,72.4322391106074,45,50,55,50,45,60,55,50,0,0,12.4674665136197,0,0,0,0,0,0,176.510144927536,154.446376811594,165.478260869565,198.573913043478,176.510144927536,187.542028985507,165.478260869565,154.446376811594,143.414492753623,31.6120050812065,13.8979576533889,27.9288254941124,17.0466857898516,12.699977719729,7.07621173123913,0,0,0,296.138689505609,190.25026651816,238.674731216464,287.117588619987,233.139908595936,271.604013258602,437.865193827768,462.085476146069,399.799165822555,0.1,0.9,0.395732838983646,0.9,0.9,0.9,0.9,0.9,0.9,50.0000000000004,49.9956416409604,49.9999999999938,50.0118885230859,49.9938599224657,50.0515509781677,50.0064596337947,50.0121840064863,49.9995810345666
22.9,1.99746792762945,1.67152017765017,1.74627558788219,0.65954077032703,0.502494431277701,0.60631055330781,0.802332310891655,0.679887045554355,0.734039333751462,53.6572043464224,106.750064170754,49.19809148011,212.824273093364,198.267457365743,342.53800114532,134.572081195331,100.556644158617,68.7336067122074,71.0415347452777,45,50,55,50,45,60,55,50,0,0,8.3853438619964,0,0,0,0,0,0,176.092753623188,154.08115942029,165.086956521739,198.104347826087,176.092753623188,187.098550724638,165.086956521739,154.08115942029,143.075362318841,23.5429317625056,0,12.4246004832561,8.07423130593398,8.20381567716441,7.3120395016584,6.1792324707148,7.18797965087596,0,321.550842385228,197.791060140054,232.436261826772,264.241010030781,255.377215561708,303.788269937158,366.831617445388,387.164949668214,469.220996397541,0.1,0.9,0.393334285247377,0.9,0.9,0.9,0.9,0.9,0.9,49.9999999999808,49.9949864143825,49.9999999999794,50.0317455208909,50.0006541607531,50.067925103354,50.0350808051694,50.0432358908123,49.9995835103232
23,0,0,0,0,0,0,0,0,0,53.1071917483245,105.655823782034,48.693786970659,210.642720162901,196.235118918887,339.026819035629,133.192651519274,99.5258893553547,68.0290536132359,71.4964073779543,45,50,55,50,45,60,55,50,0,0,8.90926263140692,0,0,0,0,0,0,172.939130434783,151.321739130435,162.130434782609,194.55652173913,172.939130434783,183.747826086957,162.130434782609,151.321739130435,140.513043478261,24.1064416894473,0.20732434722577,13.3041585647397,8.58946896608916,8.67631034624534,7.68302376511814,6.4601455287848,7.43102476748605,0,285.713848970726,174.781763877646,203.9294802632,233.045449877727,226.909185456722,269.438757628876,323.418261192947,341.642655765197,413.323942326152,0.1,0.9,0.390785869162878,0.9,0.9,0.9,0.9,0.9,0.9,50.0000000000027,49.9947191948174,49.9999999999842,50.0390747408664,50.0039740318465,50.0759345566863,50.0436154125472,50.0509811607556,49.9995859714499
23.1,0.608853639301197,0.491246962579064,0.551519767261585,0.197209492339884,0.158179912423018,0.181346473392055,0.252455590807876,0.199140477975652,0.229360925107814,50.4134417528864,100.296655551493,46.2238975995228,199.95831362966,186.281507490935,321.830400581448,126.436735934004,94.4776490856098,64.5784237300225,71.2706715902002,45,50,55,50,45,60,55,50,0,0,12.4230100131878,0,0,0,0,0,0,173.913043478261,152.173913043478,163.04347826087,195.652173913043,173.913043478261,184.782608695652,163.04347826087,152.173913043478,141.304347826087,25.5055009125079,3.19185510235496,19.770084198888,11.5119005648799,9.93043476950466,6.49770024775201,3.81824655134198,0,0,315.415944189093,196.061734499326,247.657025091141,298.354816754988,251.177991281947,295.97666530486,444.009868699403,527.888718968857,455.672384509725,0.1,0.9,0.387232376596177,0.9,0.9,0.9,0.9,0.9,0.9,50.0000000000005,49.9946210023565,49.9999999999872,50.0307394085132,50.0025904218623,50.0731013234443,50.0179642152941,50.0179909402213,49.9995884180333
23.2,0.125836136744255,0.106907700463064,0.120453264134199,0.0433063678453092,0.0317051020679171,0.0396600177744216,0.0536558030337988,0.04294152643687,0.0457254002615457,45.4668526978314,90.4555036412242,41.6883884575648,180.338316040205,168.00348412902,290.252260273084,114.03070785138,85.2074606464827,58.2419604196724,70.2816744640638,45,50,55,50,45,60,55,50,0,0,11.3552648409336,0,0,0,0,0,0,166.863768115942,146.005797101449,156.434782608696,187.721739130435,166.863768115942,177.292753623188,156.434782608696,146.005797101449,135.576811594203,25.4321618742092,5.22046444847853,20.0026952913726,12.0847811873769,10.2699310024326,6.7538682289582,3.96045014736163,0,0,288.190220268941,180.31157286066,225.840509835417,271.184419323267,229.165864046284,269.427762173245,400.764464981622,475.738396832113,410.432503099042,0.1,0.9,0.38398430312909,0.9,0.9,0.9,0.9,0.9,0.9,50.0000000000008,49.9945963822823,50.0000000000032,50.0217787650511,49.99838082466,50.0637332683041,50.0030999292431,50.0036352081891,49.9995908501594
23.3,0,0,0,0,0,0,0,0,0,47.4724603446364,94.4456247741764,43.5273226637466,188.29329607953,175.414357159938,303.055700981306,119.060764828432,88.966083126318,60.8110962681316,72.0573312344235,45,50,55,50,45,60,55,50,0,0,11.8003908951802,0,0,0,0,0,0,175.860869565217,153.878260869565,164.869565217391,197.84347826087,175.860869565217,186.852173913043,164.869565217391,153.878260869565,142.886956521739,28.16497105629,7.21524903079828,22.2969137452475,13.7764198958789,11.6045876928961,7.65625585424376,4.48427432531944,0,0,259.101308297325,161.174187978497,199.797694547131,238.4188916871,204.052983899341,238.593397726162,348.326297545794,413.469024769913,352.816142031083,0.1,0.9,0.380608905275778,0.9,0.9,0.9,0.9,0.9,0.9,49.9999999999993,49.9946037256425,49.9999999999927,50.0168191586129,49.9969016152293,50.060705960578,49.9958735358631,49.9974022736144,49.9995932679135
23.4,5.91087622988643,4.91528313430376,5.53701038215115,1.97924451068728,1.54352108376232,1.74287276822817,2.38033609266111,1.90446276022423,2.10104832894568,45.9628503785559,91.4422823019991,42.1431668897892,182.305625875706,169.836233341626,293.418620805608,115.274668303219,86.1369884310857,58.8773216900245,67.7034464492384,45,50,55,50,45,60,55,50,0,0,10.2410136097906,0,0,0,0,0,0,169.275362318841,148.115942028986,158.695652173913,190.434782608696,169.275362318841,179.855072463768,158.695652173913,148.115942028986,137.536231884058,21.8937424802797,3.37943986819025,16.9291040692553,9.99642966747353,8.57225418279608,5.61935775595076,3.29918178648225,0,0,298.291488341139,183.703631096581,236.497282727903,280.193622317858,235.526593345861,277.85344523718,414.180841951334,490.818418685815,424.253874065358,0.1,0.9,0.37767955355673,0.9,0.9,0.9,0.9,0.9,0.9,50.0000000000003,49.9946248953464,49.999999999986,50.0144700382138,49.995615056967,50.0581170411373,49.9938685039287,49.9947099943867,49.9995956713805
23.5,1.57328524431173,1.38530872114816,1.47524964322885,0.550195061629635,0.410072409721062,0.511368406601917,0.696707690317188,0.544114757189189,0.608639605983428,51.6588946901308,102.77446226155,47.3658487743384,204.898239577529,190.883550965692,329.781149503995,129.560327553011,96.8116985269153,66.1738194165818,70.673624351118,45,50,55,50,45,60,55,50,0,0,8.79865777682599,0,0,0,0,0,0,172.892753623188,151.28115942029,162.086956521739,194.504347826087,172.892753623188,183.698550724638,162.086956521739,151.28115942029,140.475362318841,23.7046853720556,1.05635780811813,13.9285412890304,9.20094379596715,9.17035597060351,8.05684197981513,6.7029852284921,7.51702956133876,0,235.571683118982,141.257976729171,165.573736369219,187.475004906858,184.861199255385,218.895957444113,258.308298532894,273.072096127468,326.7894619518,0.1,0.9,0.375162775016448,0.9,0.9,0.9,0.9,0.9,0.9,50.0000000000017,49.9946519859005,49.9999999999779,50.0247616255606,50.0005367884248,50.068477636389,50.0177367524423,50.0209652788504,49.999598060645
23.6,0,0,0,0,0,0,0,0,0,49.0147681788114,97.5140190797441,44.9414589915796,194.41065809443,181.113302091599,312.901518502067,122.928867492686,91.8564554808465,62.7867560400968,70.8193038926991,45,50,55,50,45,60,55,50,0,0,11.9707219274691,0,0,0,0,0,0,169.275362318841,148.115942028986,158.695652173913,190.434782608696,169.275362318841,179.855072463768,158.695652173913,148.115942028986,137.536231884058,24.7186410561457,2.79794393933617,18.8256249170687,10.9123966025962,9.43361846456275,6.16983336633032,3.62712703179019,0,0,236.843523509525,144.217895222256,181.471249357956,218.722239313234,186.204335300721,218.293310834054,324.70789042618,387.628783039762,328.785314690494,0.1,0.9,0.371738655471978,0.9,0.9,0.9,0.9,0.9,0.9,50.0000000000001,49.9946815518536,50.0000000000019,50.0192051739947,50.000506834734,50.0677017235005,50.0021021036834,50.0048683790782,49.9996004357908
23.7,0.471517185818228,0.382427055431042,0.417767391358477,0.156256190572129,0.114492882445144,0.13906787992791,0.187329254398752,0.152546107188805,0.168058880081238,47.1341780561847,93.7726181119787,43.2171528892295,186.951543690135,174.164378335656,300.896167320905,118.212354029865,88.3321229317954,60.3777646763098,69.2535825055826,45,50,55,50,45,60,55,50,0,0,11.4188248536776,0,0,0,0,0,0,169.04347826087,147.913043478261,158.478260869565,190.173913043478,169.04347826087,179.608695652174,158.478260869565,147.913043478261,137.347826086957,23.9426843061364,4.3777768114356,19.3920738298232,11.566671948965,9.88223177074001,6.488735569351,3.80821231879038,0,0,208.554743931374,129.691671746505,162.22772977174,194.083635386967,166.638239747701,194.589281954985,285.209985482334,340.178113740204,286.476623087144,0.1,0.9,0.368472401223214,0.9,0.9,0.9,0.9,0.9,0.9,50,49.9947120919276,50.0000000000074,50.0136566058437,49.9986281831509,50.063696655651,49.9938625599277,49.9978768279133,49.9996027969013
23.8,0,0,0,0,0,0,0,0,0,42.4081616876615,84.3702916815015,38.8838860247473,168.206418771502,156.701387852469,270.726123615265,106.359521475092,79.4753002171943,54.3238497482729,68.5991549396727,45,50,55,50,45,60,55,50,0,0,10.5546785343527,0,0,0,0,0,0,168.857971014493,147.750724637681,158.304347826087,189.965217391304,168.857971014493,179.411594202899,158.304347826087,147.750724637681,137.197101449275,25.6946150123061,9.18984280193952,22.2383145810195,14.1770227647726,11.7963489907738,7.81586329558464,4.56974892252502,0,0,205.677953209085,133.487728440872,163.22220154632,192.954866746182,167.169611196306,194.263142449305,277.328504752601,328.541705867762,277.869594015587,0.1,0.9,0.365453328415905,0.9,0.9,0.9,0.9,0.9,0.9,49.9999999999945,49.9947429523199,50.0000000000073,50.0069418520214,49.993259141021,50.0524976037346,49.9888487267486,49.9948542329821,49.9996051440595
23.9,2.03890349541581,1.72623529386552,1.91209359825334,0.677969886819617,0.527712862332527,0.636102913405902,0.831971894587787,0.689750477479939,0.735885747818491,40.7017006879826,80.9753175407595,37.3192382688297,161.437964726187,150.395884470002,259.832381628847,102.079723244777,76.2772955204269,52.1379136628893,66.0793853409499,45,50,55,50,45,60,55,50,0,0,9.68122006937552,0,0,0,0,0,0,167.83768115942,146.857971014493,157.347826086957,188.817391304348,167.83768115942,178.327536231884,157.347826086957,146.857971014493,136.368115942029,23.162112284121,9.4396551234106,21.2457947448733,13.6888906421679,11.3434829695001,7.52660239903685,4.39804011132074,0,0,161.750300520031,107.576207542892,131.798100999965,152.871066748923,134.542587956692,155.333817286309,215.545660943066,254.982808185118,211.845440924773,0.1,0.9,0.362684100707274,0.9,0.9,0.9,0.9,0.9,0.9,49.9999999999973,49.9947738486485,49.9999999999979,50.0000011888626,49.9892430770294,50.0438479730413,49.9847410695826,49.993561594402,49.9996074773479
