Time_h,VPP1_PV_kW,VPP2_PV_kW,VPP3_PV_kW,VPP4_PV_kW,VPP5_PV_kW,VPP6_PV_kW,VPP7_PV_kW,VPP8_PV_kW,VPP9_PV_kW,VPP1_Wind_kW,VPP2_Wind_kW,VPP3_Wind_kW,VPP4_Wind_kW,VPP5_Wind_kW,VPP6_Wind_kW,VPP7_Wind_kW,VPP8_Wind_kW,VPP9_Wind_kW,VPP1_Gas_kW,VPP2_Gas_kW,VPP3_Gas_kW,VPP4_Gas_kW,VPP5_Gas_kW,VPP6_Gas_kW,VPP7_Gas_kW,VPP8_Gas_kW,VPP9_Gas_kW,VPP1_Bat_kW,VPP2_Bat_kW,VPP3_Bat_kW,VPP4_Bat_kW,VPP5_Bat_kW,VPP6_Bat_kW,VPP7_Bat_kW,VPP8_Bat_kW,VPP9_Bat_kW,VPP1_Load_kW,VPP2_Load_kW,VPP3_Load_kW,VPP4_Load_kW,VPP5_Load_kW,VPP6_Load_kW,VPP7_Load_kW,VPP8_Load_kW,VPP9_Load_kW,VPP1_Shed_kW,VPP2_Shed_kW,VPP3_Shed_kW,VPP4_Shed_kW,VPP5_Shed_kW,VPP6_Shed_kW,VPP7_Shed_kW,VPP8_Shed_kW,VPP9_Shed_kW,VPP1_Curtail_kW,VPP2_Curtail_kW,VPP3_Curtail_kW,VPP4_Curtail_kW,VPP5_Curtail_kW,VPP6_Curtail_kW,VPP7_Curtail_kW,VPP8_Curtail_kW,VPP9_Curtail_kW,VPP1_SOC,VPP2_SOC,VPP3_SOC,VPP4_SOC,VPP5_SOC,VPP6_SOC,VPP7_SOC,VPP8_SOC,VPP9_SOC,VPP1_Freq_Hz,VPP2_Freq_Hz,VPP3_Freq_Hz,VPP4_Freq_Hz,VPP5_Freq_Hz,VPP6_Freq_Hz,VPP7_Freq_Hz,VPP8_Freq_Hz,VPP9_Freq_Hz,VPP12_Exchange_kW,VPP19_Exchange_kW,VPP23_Exchange_kW,VPP34_Exchange_kW,VPP45_Exchange_kW,VPP56_Exchange_kW,VPP67_Exchange_kW,VPP78_Exchange_kW,VPP89_Exchange_kW,VPP12_Delay_ms,VPP19_Delay_ms,VPP23_Delay_ms,VPP34_Delay_ms,VPP45_Delay_ms,VPP56_Delay_ms,VPP67_Delay_ms,VPP78_Delay_ms,VPP89_Delay_ms,ADMM_Residual
0.000000,1.1744,0.9350,1.1237,0.3968,0.2878,0.3548,0.4910,0.3996,0.4261,36.9949,73.6008,33.9205,146.7356,136.6991,236.1691,92.7832,69.3306,47.3896,40.0000,45.0000,50.0000,55.0000,50.0000,45.0000,60.0000,55.0000,50.0000,-40.8425,-54.5190,-42.2877,-63.0504,-65.8042,-62.8283,-58.4994,-54.5791,-51.0426,163.4783,143.0435,153.2609,183.9130,163.4783,173.6957,153.2609,143.0435,132.8261,50.9480,37.2600,49.8349,29.7549,28.0069,32.0296,35.3296,38.2568,41.1067,38.1693,22.4437,35.0443,15.0762,14.2886,19.2604,23.1565,25.9894,27.9786,0.509394,0.564331,0.530238,0.611601,0.593453,0.562042,0.542814,0.582553,0.560921,50.000000,50.000000,50.000000,50.000000,50.000000,50.032097,50.000000,50.000000,50.000000,20.5379,15.0540,-18.5542,30.7339,4.7509,21.5007,-33.8145,-5.2468,-4.8539,12.931,5.874,11.523,13.614,8.111,10.031,14.705,6.191,15.801,18.577070
0.100000,0.0000,0.0000,0.0000,0.0000,0.0000,0.0000,0.0000,0.0000,0.0000,23.7674,47.2848,21.7922,94.2702,87.8223,151.7267,59.6085,44.5414,30.4455,70.0000,73.0000,75.0000,71.0480,67.4262,46.8277,71.8752,73.3938,74.7576,-9.0986,-19.8360,-10.9098,-22.1296,-25.7320,-39.5817,-21.2799,-19.7744,-18.4304,155.9652,136.4696,146.2174,175.4609,155.9652,165.7130,146.2174,136.4696,126.7217,33.4240,22.6525,31.2560,19.3496,14.8488,0.0000,19.3036,21.7149,23.7150,23.7674,12.9982,21.7922,12.9226,11.5999,0.0000,16.7100,16.5938,16.2341,0.511486,0.569545,0.532879,0.615673,0.598714,0.569629,0.547475,0.587101,0.564864,50.000000,50.000000,50.000000,50.000000,50.000000,50.013802,50.000000,50.000000,50.000000,16.1219,14.1941,-13.2232,17.1824,5.8625,21.2783,-27.9563,-2.7177,-2.3539,4.975,10.323,20.544,10.427,8.799,8.865,2.172,10.899,12.163,11.495953
0.200000,1.6207,1.3184,1.4192,0.5435,0.4009,0.4664,0.6689,0.5246,0.5790,14.7550,29.3549,13.5289,58.5240,54.5210,94.1936,37.0056,27.6518,18.9009,73.1314,64.9074,70.7693,67.1415,63.0826,52.2333,64.9100,65.1440,65.1912,34.7176,26.4955,32.3566,28.7255,24.6626,17.0294,26.4866,26.7228,26.7738,157.3101,137.6464,147.4783,176.9739,157.3101,167.1420,147.4783,137.6464,127.8145,16.7097,8.4879,14.4563,11.0277,7.2416,0.0000,9.0648,9.0239,8.8726,16.3757,7.0823,14.9480,11.0118,7.4015,0.0000,9.3424,8.5793,7.4970,0.502052,0.561316,0.523624,0.609428,0.592757,0.565772,0.540621,0.579840,0.558096,50.000000,50.000000,50.000000,50.000000,50.000000,50.005828,50.000000,50.000000,50.000000,12.3339,11.8605,-8.8457,5.3438,5.9539,11.2524,-13.9897,-0.2146,0.0266,11.183,10.685,5.864,14.978,10.764,8.676,14.786,5.711,11.225,6.962344
0.300000,3.9176,3.3480,3.6074,1.2860,0.9311,1.1537,1.6737,1.2839,1.3725,14.2932,28.4360,13.1054,56.6921,52.8144,91.2451,35.8473,26.7862,18.3092,73.5764,65.9633,71.4408,69.5457,65.6871,57.3071,66.9916,66.8167,66.4776,38.6155,31.0032,36.4702,34.5854,30.7284,24.0315,32.0293,31.8512,31.5051,165.1014,144.4638,154.7826,185.7391,165.1014,175.4203,154.7826,144.4638,134.1449,16.4879,8.8748,14.1175,11.7720,7.3081,0.0000,8.6072,9.0354,9.1534,18.2108,6.8386,16.0413,11.8580,7.6323,0.0000,9.6334,8.6904,7.3271,0.491559,0.551688,0.513192,0.601910,0.585335,0.560330,0.532332,0.571184,0.550132,50.000000,50.000000,50.000000,50.000000,50.000000,50.002353,50.000000,50.000000,50.000000,11.4193,10.7719,-8.0936,3.0627,6.0897,10.3511,-12.3034,-0.0375,0.2836,8.931,9.243,16.777,2.226,15.029,10.295,9.710,10.567,1.231,6.470886
0.400000,0.0000,0.0000,0.0000,0.0000,0.0000,0.0000,0.0000,0.0000,0.0000,11.5239,22.9265,10.5662,45.7079,42.5815,73.5662,28.9018,21.5964,14.7618,78.1337,70.0806,75.6060,74.3529,69.9402,63.6910,70.8533,70.2682,69.5610,48.3300,40.2795,45.8040,44.5463,40.1277,34.8851,41.0355,40.4537,39.7520,162.9681,142.5971,152.7826,183.3391,162.9681,173.1536,152.7826,142.5971,132.4116,13.4566,5.4063,10.9536,9.7375,5.3717,0.0000,6.2796,5.6449,4.9021,11.5239,3.9042,9.8529,8.9945,4.9471,0.0000,5.7124,4.6339,3.4348,0.478426,0.539179,0.500090,0.592226,0.575642,0.552431,0.521712,0.560192,0.540084,50.000000,50.000000,50.000000,50.000000,50.000000,50.000839,50.000000,50.000000,50.000000,12.0770,12.8527,-8.2986,1.8634,6.5987,7.9261,-9.2905,0.9008,1.0759,11.210,6.291,9.906,10.537,5.689,12.830,9.174,4.193,10.802,6.165262
0.500000,0.0000,0.0000,0.0000,0.0000,0.0000,0.0000,0.0000,0.0000,0.0000,8.3689,16.6497,7.6734,33.1940,30.9236,53.4253,20.9891,15.6837,10.7203,81.7967,74.7612,79.6401,80.6436,75.7666,71.3891,75.6398,74.6566,73.2556,55.9005,48.8763,53.7484,54.7463,49.8604,46.1932,49.7272,48.7469,47.3429,161.6232,141.4203,151.5217,181.8261,161.6232,171.7246,151.5217,141.4203,131.3188,7.1882,0.0000,4.3193,5.8157,2.0528,0.0000,2.2951,0.8761,0.0000,8.3689,1.1331,6.1406,7.4264,3.0198,0.0000,2.8706,1.4571,0.0000,0.463235,0.524000,0.484716,0.580325,0.563598,0.541970,0.508842,0.546945,0.528116,50.000000,50.000000,50.000000,50.000000,50.000000,50.000181,50.000000,50.000000,50.000000,10.6240,12.1435,-7.0351,-1.7489,6.7629,4.6903,-4.6814,1.6913,1.8405,12.249,7.929,0.486,17.834,10.939,17.159,13.842,15.200,2.633,5.306399
0.600000,4.2181,3.5763,3.9990,1.4266,1.0707,1.2893,1.7953,1.4225,1.5608,7.8982,15.7134,7.2419,31.3273,29.1846,50.4209,19.8087,14.8017,10.1174,79.3415,73.6933,78.1504,80.5253,76.2400,72.4906,75.2573,74.2351,72.8398,53.0015,47.3384,51.8133,54.1850,49.8952,46.7287,48.9068,47.8861,46.4950,162.4116,142.1101,152.2609,182.7130,162.4116,172.5623,152.2609,142.1101,131.9594,5.8360,0.0000,3.3125,5.3579,1.7586,0.0000,1.4795,0.5696,0.0000,12.1163,1.7887,7.7439,9.8910,4.2625,1.0457,5.0133,3.1952,0.9464,0.448833,0.509299,0.469895,0.568545,0.551546,0.531389,0.496185,0.533933,0.516363,50.000000,50.000000,50.000000,50.000000,50.000000,49.999895,50.000000,50.000000,50.000000,8.5737,9.4221,-6.1222,-3.3961,6.0872,4.0437,-2.9186,1.4764,1.6780,14.254,6.917,12.312,12.801,16.450,8.171,14.009,8.833,7.483,4.582470
0.700000,2.1404,1.7432,1.9096,0.6985,0.5340,0.6445,0.8908,0.7110,0.7719,6.7302,13.3896,6.1709,26.6943,24.8685,42.9642,16.8792,12.6127,8.6212,80.6567,74.4523,78.4805,81.3395,76.8714,74.3357,75.9896,74.6535,73.2162,57.6096,51.4082,55.4364,58.2923,53.8196,51.8087,52.9322,51.5978,50.1645,163.6174,143.1652,153.3913,184.0696,163.6174,173.8435,153.3913,143.1652,132.9391,7.6098,1.4085,5.4364,8.2925,3.8199,1.8089,2.9324,1.5981,0.1655,8.8706,0.7634,5.9576,8.7523,3.7041,1.7526,3.7670,1.9921,0.0000,0.433178,0.493333,0.454038,0.555873,0.538546,0.519657,0.482486,0.519912,0.503683,50.000000,50.000000,50.000000,50.000000,50.000000,49.999771,50.000000,50.000000,50.000000,9.3036,11.1650,-6.0421,-4.2856,6.7068,3.0143,-1.6861,2.0024,2.1517,14.190,5.816,15.617,6.976,8.663,9.742,7.160,9.502,10.942,4.701283
0.800000,0.0000,0.0000,0.0000,0.0000,0.0000,0.0000,0.0000,0.0000,0.0000,11.2620,22.4055,10.3260,44.6691,41.6138,71.8943,28.2450,21.1055,14.4263,77.4206,69.5223,74.9693,73.8479,69.5740,64.0492,70.4474,69.7858,69.0240,46.7820,38.8864,44.3325,43.2068,38.9272,33.8996,39.7954,39.1368,38.3802,160.3246,140.2841,150.3043,180.3652,160.3246,170.3449,150.3043,140.2841,130.2638,13.5981,5.7022,11.0882,9.8456,5.3997,0.0000,6.2680,5.7754,5.1357,11.2620,3.7677,9.5882,8.7957,4.8099,0.0000,5.5485,4.4805,3.2976,0.420466,0.481257,0.441357,0.546480,0.529144,0.511980,0.472187,0.509277,0.493981,50.000000,50.000000,50.000000,50.000000,50.000000,49.999718,50.000000,50.000000,50.000000,11.8449,12.6304,-8.1396,1.7449,6.4997,7.7252,-9.0302,0.9065,1.0791,7.085,10.678,5.090,13.284,9.371,17.796,7.034,10.061,13.669,6.041337
0.900000,1.5454,1.2544,1.3924,0.5147,0.3721,0.4647,0.6365,0.5078,0.5642,13.1809,26.2232,12.0855,52.2804,48.7045,84.1446,33.0577,24.7018,16.8844,74.1006,66.2328,71.8761,69.8241,65.9361,59.2975,67.2419,66.8191,66.3110,39.3088,31.4340,37.1029,35.0445,31.1649,25.0134,32.4662,32.0401,31.5266,159.4435,139.5130,149.4783,179.3739,159.4435,169.4087,149.4783,139.5130,129.5478,16.5816,8.7054,14.0637,11.4909,6.9032,0.0000,8.2014,8.4798,8.4902,14.7263,5.6633,12.9576,10.2194,6.3627,0.0000,7.8747,6.9644,5.7713,0.409784,0.471495,0.430744,0.538862,0.521616,0.506316,0.463785,0.500570,0.486012,50.000000,50.000000,50.000000,50.000000,50.000000,49.999696,50.000000,50.000000,50.000000,11.8094,11.8315,-8.3353,3.3416,6.1776,9.6024,-11.5550,0.2852,0.5056,13.874,9.107,10.710,10.107,10.722,11.543,7.825,14.318,10.279,6.372314
1.000000,0.0000,0.0000,0.0000,0.0000,0.0000,0.0000,0.0000,0.0000,0.0000,12.1963,24.2643,11.1827,48.3750,45.0662,77.8589,30.5882,22.8565,15.6232,76.9455,68.7212,74.4913,72.8404,68.6165,62.6044,69.7142,69.0809,68.3646,46.1772,37.9554,43.7251,42.0711,37.8427,32.3078,38.9355,38.3042,37.5920,163.0609,142.6783,152.8696,183.4435,163.0609,173.2522,152.8696,142.6783,132.4870,15.5456,7.3238,12.9150,10.9216,6.2236,0.0000,7.3161,7.1543,6.7819,12.1963,4.4136,10.5555,9.2354,5.3118,0.0000,6.3155,5.2822,4.1253,0.397236,0.459707,0.418237,0.529716,0.512475,0.499000,0.453709,0.490161,0.476509,50.000000,50.000000,50.000000,50.000000,50.000000,49.999688,50.000000,50.000000,50.000000,12.3340,12.9649,-8.5655,2.6491,6.5751,8.6448,-10.2863,0.7131,0.9005,8.390,10.193,11.496,5.807,9.324,12.964,1.353,10.321,9.008,6.393163
1.100000,0.0000,0.0000,0.0000,0.0000,0.0000,0.0000,0.0000,0.0000,0.0000,15.3862,30.6106,14.1075,61.0273,56.8532,98.2227,38.5885,28.8346,19.7094,73.8435,64.9299,71.3430,66.7493,62.4994,53.7885,64.6075,64.9206,65.0432,35.7182,26.8062,33.2188,28.6230,24.3700,16.1328,26.4752,26.7898,26.9151,158.7014,138.8638,148.7826,178.5391,158.7014,168.6203,148.7826,138.8638,128.9449,18.3674,9.4554,16.0057,11.6685,7.7697,0.0000,9.8744,9.8347,9.7015,15.3862,7.0617,14.1075,10.4710,7.2092,0.0000,9.2369,8.4841,7.5758,0.387530,0.451382,0.408735,0.523493,0.506589,0.495346,0.446857,0.482881,0.469705,50.000000,50.000000,50.000000,50.000000,50.000000,49.999685,50.000000,50.000000,50.000000,13.3688,13.1346,-9.6880,6.7634,6.2008,12.1208,-15.2798,-0.2940,-0.0574,8.061,4.808,4.316,15.320,8.606,7.908,7.809,9.363,17.250,7.581146
1.200000,0.7305,0.6111,0.6316,0.2400,0.1785,0.2136,0.2910,0.2332,0.2635,13.7666,27.3885,12.6226,54.6036,50.8688,87.8838,34.5267,25.7995,17.6348,75.0551,66.5676,72.5788,70.0527,66.0773,59.1585,67.6177,67.1654,66.6600,41.7769,33.2805,39.2981,36.7896,32.8108,26.3614,34.3467,33.8934,33.3831,163.8493,143.3681,153.6087,184.3304,163.8493,174.0899,153.6087,143.3681,133.1275,18.0230,9.5060,15.2234,12.1307,7.3472,0.0000,8.8832,9.2311,9.2967,14.4971,6.0144,13.2542,10.5138,6.5666,0.0000,7.9434,7.0456,5.8895,0.376177,0.441047,0.397494,0.515496,0.498663,0.489377,0.437968,0.473671,0.461267,50.000000,50.000000,50.000000,50.000000,50.000000,49.999685,50.000000,50.000000,50.000000,12.7505,12.7576,-8.8731,4.0636,6.3688,10.1215,-12.4276,0.2789,0.4750,6.217,12.701,6.457,10.054,11.206,5.570,11.907,12.839,15.304,6.814749
1.300000,0.0000,0.0000,0.0000,0.0000,0.0000,0.0000,0.0000,0.0000,0.0000,10.4383,20.7667,9.5708,41.4020,38.5701,66.6359,26.1791,19.5619,13.3712,77.0530,69.5210,74.7051,74.0277,69.8385,64.8351,70.5181,69.7736,68.9354,45.6323,38.1030,43.2863,42.6046,38.4099,33.8712,39.0843,38.3426,37.5096,156.0580,136.5507,146.3043,175.5652,156.0580,165.8116,146.3043,136.5507,126.7971,12.4962,4.9676,10.0880,9.2853,4.9179,0.0000,5.5923,5.0231,4.3115,10.4383,3.1924,8.6542,8.2457,4.3215,0.0000,4.9306,3.8496,2.6695,0.363777,0.429214,0.385113,0.506234,0.489386,0.481707,0.427853,0.463252,0.451785,50.000000,50.000000,50.000000,50.000000,50.000000,49.999686,50.000000,50.000000,50.000000,11.2949,12.2125,-7.7439,1.0809,6.3756,6.9953,-8.0095,1.0277,1.1914,13.260,6.032,10.170,16.892,10.421,16.471,5.863,2.896,5.988,5.716224
1.400000,0.0000,0.0000,0.0000,0.0000,0.0000,0.0000,0.0000,0.0000,0.0000,13.8411,27.5366,12.6908,54.8988,51.1438,88.3589,34.7133,25.9389,17.7301,75.9156,67.1039,73.3281,70.6578,66.5726,59.6176,68.1555,67.6537,67.0839,43.9486,35.1395,41.3639,38.6915,34.6026,28.1107,36.1809,35.6802,35.1134,166.1681,145.3971,155.7826,186.9391,166.1681,176.5536,155.7826,145.3971,135.0116,18.6219,9.8134,15.7089,12.4184,7.4858,0.0000,9.0640,9.4072,9.4584,13.8411,5.8038,12.6908,10.2727,6.3633,0.0000,7.6688,6.7171,5.6258,0.351835,0.418301,0.373281,0.497823,0.481028,0.475341,0.418489,0.453556,0.442909,50.000000,50.000000,50.000000,50.000000,50.000000,49.999688,50.000000,50.000000,50.000000,13.2146,13.4151,-9.1721,4.3167,6.5533,10.2331,-12.6028,0.3297,0.5427,5.102,12.826,6.725,14.399,5.910,13.584,8.446,13.657,9.694,7.028817
1.500000,0.0000,0.0000,0.0000,0.0000,0.0000,0.0000,0.0000,0.0000,0.0000,13.8411,27.5366,12.6908,54.8988,51.1438,88.3589,34.7133,25.9389,17.7301,75.4299,66.6730,72.8808,70.0868,66.0483,59.0301,67.6584,67.2012,66.6730,42.4577,33.7204,39.9110,37.1326,33.0907,26.5329,34.6963,34.2400,33.7147,164.1275,143.6116,153.8696,184.6435,164.1275,174.3855,153.8696,143.6116,133.3536,18.5579,9.8298,15.6961,12.3270,7.4709,0.0000,9.0768,9.4347,9.5065,13.8411,5.8519,12.6908,10.1983,6.3739,0.0000,7.7247,6.7968,5.7294,0.340297,0.407828,0.361865,0.489750,0.473035,0.469333,0.409510,0.444252,0.434387,50.000000,50.000000,50.000000,50.000000,50.000000,49.999689,50.000000,50.000000,50.000000,13.1111,13.2756,-9.1324,4.4708,6.4683,10.2916,-12.7024,0.2778,0.4909,10.712,12.772,16.965,6.159,13.826,9.663,5.082,6.579,7.151,7.006936
1.600000,0.0000,0.0000,0.0000,0.0000,0.0000,0.0000,0.0000,0.0000,0.0000,9.9519,19.7991,9.1248,39.4729,36.7730,63.5311,24.9593,18.6504,12.7481,81.3160,73.6997,78.6920,78.3676,73.4245,68.2669,73.8208,73.3654,72.7286,53.8652,46.2536,51.2640,50.9372,45.9900,41.2890,46.3801,45.9236,45.2957,163.3391,142.9217,153.1304,183.7565,163.3391,173.5478,153.1304,142.9217,132.7130,8.2542,0.6205,6.1340,6.8141,3.2210,0.0000,3.6728,1.8824,0.1042,9.9519,2.5488,7.9156,8.1648,3.9306,0.0000,4.2975,3.0999,1.8363,0.325660,0.393464,0.347201,0.478677,0.461926,0.459983,0.397507,0.431773,0.422937,50.000000,50.000000,50.000000,50.000000,50.000000,49.999691,50.000000,50.000000,50.000000,11.4308,12.6534,-7.7581,-0.0144,6.7417,6.3094,-6.9284,1.3511,1.5214,5.817,11.602,11.349,6.865,12.560,7.920,16.436,10.577,11.536,5.710150
1.700000,1.0286,0.8804,0.9339,0.3357,0.2582,0.3036,0.4218,0.3507,0.3771,9.3081,18.5184,8.5346,36.9196,34.3943,59.4216,23.3448,17.4440,11.9235,81.9374,74.7524,79.5883,80.2963,75.4090,70.7213,75.4011,74.6864,73.6138,56.2808,49.0988,53.9317,54.6327,49.7370,45.5012,49.7233,49.0143,47.9499,166.0290,145.2754,155.6522,186.7826,166.0290,176.4058,155.6522,145.2754,134.8986,7.1374,0.0000,4.7024,6.2104,2.5928,0.0000,2.7157,1.0927,0.0000,10.3367,2.0253,7.9612,8.3880,3.6376,0.0000,4.0454,2.6873,1.0343,0.310366,0.378216,0.331774,0.466800,0.449912,0.449679,0.384639,0.418454,0.410816,50.000000,50.000000,50.000000,50.000000,50.000000,49.999693,50.000000,50.000000,50.000000,10.7522,11.8959,-7.1856,-1.4584,6.7002,5.5291,-5.5798,1.5234,1.6148,9.088,3.173,13.477,13.216,8.299,11.514,11.965,6.317,1.641,5.390640
1.800000,0.0000,0.0000,0.0000,0.0000,0.0000,0.0000,0.0000,0.0000,0.0000,7.5446,15.0099,6.9176,29.9248,27.8780,48.1636,18.9219,14.1391,9.6645,82.0115,74.8709,79.5260,81.6800,76.9318,74.0494,76.4464,74.9058,73.2865,60.7395,53.6018,58.2567,60.4076,55.6548,53.2237,55.1638,53.6249,52.0098,168.5797,147.5072,158.0435,189.6522,168.5797,179.1159,158.0435,147.5072,136.9710,10.7394,3.6018,8.2566,10.4078,5.6549,3.2238,5.1639,3.6251,2.0102,7.5446,0.4229,5.0865,7.2319,2.4602,0.0000,2.3474,1.2124,0.0000,0.293861,0.361569,0.315111,0.453668,0.436469,0.437627,0.370362,0.403882,0.397669,50.000000,50.000000,50.000000,50.000000,50.000000,49.999695,50.000000,50.000000,50.000000,10.7080,13.0920,-6.9824,-3.2281,7.1270,3.6446,-2.9109,2.3092,2.4246,9.282,5.144,14.786,16.546,8.189,7.473,6.860,10.818,7.291,5.317780
1.900000,0.0000,0.0000,0.0000,0.0000,0.0000,0.0000,0.0000,0.0000,0.0000,5.6834,11.3069,5.2110,22.5423,21.0004,36.2815,14.2538,10.6509,7.2802,81.1360,74.2305,78.2636,81.6393,76.7553,75.0054,75.7013,73.9358,72.1154,61.8322,54.9294,58.9626,62.3356,57.4475,56.1467,56.3883,54.6243,52.8075,166.1681,145.3971,155.7826,186.9391,166.1681,176.5536,155.7826,145.3971,135.0116,11.8333,4.9302,8.9637,12.3365,7.4485,6.1476,6.3893,4.6252,2.8084,5.6834,0.0000,4.3817,8.0855,3.5164,2.5196,3.0498,1.5609,0.0000,0.277059,0.344511,0.298245,0.440117,0.422593,0.424912,0.355769,0.389038,0.384320,50.000000,50.000000,50.000000,50.000000,50.000000,49.999696,50.000000,50.000000,50.000000,10.3556,13.5350,-6.0498,-5.0608,7.3300,1.9494,-0.3632,2.6468,2.7270,11.421,8.101,7.307,11.445,6.824,5.484,10.195,14.030,12.297,5.100677
2.000000,5.2619,4.5107,4.8063,1.7459,1.3956,1.6004,2.1448,1.7540,1.9933,8.1575,16.2291,7.4795,32.3555,30.1424,52.0757,20.4589,15.2875,10.4495,76.7276,71.4466,75.3812,77.2084,73.3156,69.8959,72.7258,71.9476,70.9674,46.5579,41.2826,45.2182,47.0503,43.1588,40.1860,42.5596,41.7720,40.8127,155.6406,136.1855,145.9130,175.0957,155.6406,165.3681,145.9130,136.1855,126.4580,5.5164,0.0000,4.6013,6.8558,3.0680,0.0000,2.2432,1.2387,0.0000,13.4193,2.7165,8.4264,9.8798,4.5602,1.1600,5.7808,4.1858,2.2351,0.264407,0.331690,0.285311,0.429889,0.412168,0.415812,0.344755,0.377687,0.374004,50.000000,50.000000,50.000000,50.000000,50.000000,49.999698,50.000000,50.000000,50.000000,8.0364,8.5109,-6.2358,-2.9568,5.7860,4.5052,-3.4983,1.2852,1.5891,13.733,13.569,11.041,10.047,14.626,2.042,8.679,15.000,10.034,4.403382
2.100000,0.0000,0.0000,0.0000,0.0000,0.0000,0.0000,0.0000,0.0000,0.0000,12.6120,25.0914,11.5639,50.0240,46.6024,80.5130,31.6309,23.6357,16.1557,74.8161,66.5726,72.3716,70.2285,66.3347,60.0953,67.6895,67.1103,66.4727,40.7919,32.5681,38.3676,36.2224,32.3251,26.5299,33.6753,33.0970,32.4623,157.7275,138.0116,147.8696,177.4435,157.7275,167.5855,147.8696,138.0116,128.1536,16.8954,8.6808,14.1626,11.4200,6.7083,0.0000,8.0589,8.2949,8.2574,12.6120,5.0986,11.4038,9.5486,5.7569,0.0000,6.8150,5.8737,4.8055,0.253322,0.321576,0.274336,0.422014,0.404360,0.409805,0.336040,0.368693,0.365798,50.000000,50.000000,50.000000,50.000000,50.000000,49.999700,50.000000,50.000000,50.000000,12.3409,12.6555,-8.5401,3.5155,6.2514,9.1478,-11.1755,0.4607,0.6549,10.361,11.951,8.807,6.000,9.145,13.276,16.861,9.817,10.217,6.475339
2.200000,0.2387,0.2015,0.2279,0.0823,0.0621,0.0720,0.1013,0.0811,0.0876,8.3689,16.6497,7.6734,33.1940,30.9236,53.4253,20.9891,15.6837,10.7203,81.1870,74.3695,79.1469,80.1771,75.3403,71.2385,75.1072,74.1680,72.9962,54.5245,47.7292,52.5043,53.5302,48.6948,45.0165,48.4557,47.5099,46.3466,160.1855,140.1623,150.1739,180.2087,160.1855,170.1971,150.1739,140.1623,130.1507,7.2588,0.0000,4.3537,5.7553,2.1085,0.0000,2.5987,1.2195,0.0000,8.6076,1.2124,6.2678,7.4698,3.0563,0.0000,2.9219,1.5002,0.0000,0.238506,0.306753,0.259317,0.410377,0.392598,0.399611,0.323499,0.355783,0.354082,50.000000,50.000000,50.000000,50.000000,50.000000,49.999702,50.000000,50.000000,50.000000,10.4358,11.8137,-6.9531,-1.7289,6.6595,4.7219,-4.7310,1.6321,1.7773,9.682,14.461,5.384,10.567,12.490,14.011,13.675,19.280,13.694,5.215181
2.300000,0.0000,0.0000,0.0000,0.0000,0.0000,0.0000,0.0000,0.0000,0.0000,9.5972,19.0935,8.7996,38.0660,35.4624,61.2668,24.0697,17.9857,12.2938,81.3860,73.9682,78.9052,78.8340,73.8819,68.9575,74.1162,73.5559,72.8467,54.1217,46.7239,51.6603,51.5858,46.6289,42.1422,46.8580,46.2999,45.5782,162.6435,142.3130,152.4783,182.9739,162.6435,172.8087,152.4783,142.3130,132.1478,7.9414,0.2600,5.5936,6.5013,2.9452,0.0000,3.4907,1.7916,0.0000,9.5972,2.2675,7.5195,7.9868,3.7251,0.0000,3.9437,2.6799,1.4292,0.223799,0.292242,0.244540,0.399163,0.381335,0.390068,0.311372,0.343201,0.342561,50.000000,50.000000,50.000000,50.000000,50.000000,49.999704,50.000000,50.000000,50.000000,11.2485,12.5121,-7.6035,-0.3810,6.7325,5.9570,-6.4615,1.4087,1.6113,5.246,11.069,10.042,8.626,13.177,19.446,12.611,10.098,14.020,5.603482
2.400000,0.0000,0.0000,0.0000,0.0000,0.0000,0.0000,0.0000,0.0000,0.0000,8.0531,16.0215,7.3839,31.9415,29.7568,51.4095,20.1971,15.0920,10.3158,82.1881,75.0358,79.7507,81.3098,76.7052,73.2974,76.5152,75.2197,73.7192,58.1023,50.9528,55.6676,57.2236,52.6142,49.6333,52.4187,51.1251,49.6200,164.4986,143.9362,154.2174,185.0609,164.4986,174.7797,154.2174,143.9362,133.6551,8.1019,0.9539,5.6677,7.2235,2.6144,0.0000,2.4189,1.1244,0.0000,8.0531,0.9722,5.7476,7.3624,2.8080,0.0000,2.6674,1.3751,0.0000,0.208010,0.276418,0.228617,0.386723,0.368626,0.378828,0.297806,0.329309,0.330018,50.000000,50.000000,50.000000,50.000000,50.000000,49.999705,50.000000,50.000000,50.000000,10.7249,12.5266,-7.0717,-2.3355,6.9116,4.2818,-3.9913,1.9418,2.0650,14.835,10.057,5.844,10.186,7.274,10.026,12.724,5.033,2.827,5.299348
2.500000,0.4169,0.3497,0.3930,0.1450,0.1065,0.1266,0.1752,0.1382,0.1531,7.2986,14.5205,6.6921,28.9491,26.9690,46.5932,18.3049,13.6780,9.3494,81.3220,74.8256,79.2680,81.3527,76.9111,73.7610,76.3732,74.7736,72.8172,56.1561,49.6674,54.1151,56.1976,51.7513,49.0331,51.2039,49.5988,47.6426,159.9536,139.9594,149.9565,179.9478,159.9536,169.9507,149.9565,139.9594,129.9623,7.0445,0.0000,4.1668,6.2027,1.7573,0.0000,1.4746,0.4880,0.0000,7.7155,0.5962,5.3215,7.1009,2.4585,0.0000,2.4247,1.2827,0.0000,0.192750,0.260994,0.213138,0.374506,0.356126,0.367725,0.284555,0.315831,0.317975,50.000000,50.000000,50.000000,50.000000,50.000000,49.999707,50.000000,50.000000,50.000000,10.0148,12.0314,-6.5284,-3.1015,6.6666,3.5944,-2.9104,2.0956,2.2003,16.813,9.117,15.895,6.941,11.400,14.046,16.052,7.955,11.700,4.988435
2.600000,0.0000,0.0000,0.0000,0.0000,0.0000,0.0000,0.0000,0.0000,0.0000,6.6384,13.2070,6.0867,26.3303,24.5294,42.3784,16.6491,12.4407,8.5036,81.5355,74.7493,78.9492,81.4320,76.6865,74.2810,76.0062,74.4899,72.9180,59.2864,52.5031,56.7028,59.1827,54.4327,52.4576,53.7470,52.2324,50.6644,163.3855,142.9623,153.1739,183.8087,163.3855,173.5971,153.1739,142.9623,132.7507,9.2868,2.5030,6.7033,9.1831,4.4331,2.4580,3.7473,2.2324,0.6646,6.6384,0.0000,4.7318,7.6806,3.3038,1.5877,3.0243,1.5669,0.0000,0.176640,0.244688,0.196919,0.361640,0.342978,0.355846,0.270645,0.301637,0.305168,50.000000,50.000000,50.000000,50.000000,50.000000,49.999709,50.000000,50.000000,50.000000,10.1767,12.9308,-6.3000,-3.7212,7.1227,2.9607,-1.9348,2.2729,2.3538,6.233,18.455,3.937,9.188,8.140,6.339,10.010,5.755,11.327,5.073363
2.700000,1.4611,1.2281,1.3884,0.4704,0.3694,0.4359,0.6067,0.4839,0.5220,5.7661,11.4716,5.2869,22.8706,21.3063,36.8099,14.4614,10.8060,7.3863,80.4585,74.3769,78.1990,81.4861,76.9665,75.0820,75.8429,74.2839,72.5023,57.5204,51.4416,55.2637,58.5481,54.0242,52.5677,52.8954,51.3378,49.5518,159.9536,139.9594,149.9565,179.9478,159.9536,169.9507,149.9565,139.9594,129.9623,7.5202,1.4413,5.2638,8.5485,4.0246,2.5681,2.8957,1.3378,0.0000,7.2272,0.0000,4.5547,8.0241,3.2627,2.0553,3.2544,1.7099,0.0000,0.161010,0.228713,0.181111,0.348913,0.329929,0.343942,0.256956,0.287687,0.292642,50.000000,50.000000,50.000000,50.000000,50.000000,49.999710,50.000000,50.000000,50.000000,9.1197,11.7225,-5.7334,-4.9281,6.7838,2.1828,-0.4922,2.3373,2.4527,7.608,10.899,16.646,15.242,13.588,8.862,12.898,11.055,8.636,4.647199
2.800000,0.0000,0.0000,0.0000,0.0000,0.0000,0.0000,0.0000,0.0000,0.0000,6.5928,13.1163,6.0449,26.1496,24.3610,42.0874,16.5348,12.3553,8.4453,81.4902,74.8213,78.9849,81.3881,76.7374,74.3234,76.0792,74.5859,72.7892,57.9408,51.2748,55.4383,57.8385,53.1834,51.1946,52.5198,51.0281,49.2178,160.5565,140.4870,150.5217,180.6261,160.5565,170.5913,150.5217,140.4870,130.4522,7.9399,1.2746,5.4377,7.8384,3.1833,1.1945,2.5194,1.0278,0.0000,6.5928,0.0000,4.6160,7.4115,3.0914,1.3622,2.8685,1.4899,0.0000,0.145265,0.212789,0.165253,0.336339,0.317082,0.332349,0.243364,0.273820,0.280201,50.000000,50.000000,50.000000,50.000000,50.000000,49.999712,50.000000,50.000000,50.000000,10.0001,12.6820,-6.2451,-3.6021,6.9804,2.9812,-1.9884,2.2384,2.3174,8.192,10.322,11.175,16.157,15.430,8.556,8.850,7.061,7.559,4.995340
2.900000,0.0000,0.0000,0.0000,0.0000,0.0000,0.0000,0.0000,0.0000,0.0000,5.8078,11.5545,5.3252,23.0359,21.4603,37.0760,14.5660,10.8842,7.4397,81.0351,74.5581,78.5624,81.4878,76.9042,74.9715,75.9965,74.2812,72.1774,57.3657,50.8991,54.9054,57.8281,53.2403,51.7305,52.3255,50.6038,48.4989,157.6812,137.9710,147.8261,177.3913,157.6812,167.5362,147.8261,137.9710,128.1159,7.6648,0.9593,4.9056,7.8282,3.2404,1.7308,2.3856,0.9028,0.0000,5.8078,0.0000,4.1276,7.2113,2.8360,1.6008,2.5525,1.2990,0.0000,0.129676,0.196982,0.149548,0.323768,0.304222,0.320634,0.229822,0.260069,0.267941,50.000000,50.000000,50.000000,50.000000,50.000000,49.999714,50.000000,50.000000,50.000000,9.8245,12.6946,-5.9784,-4.3853,6.8796,2.2627,-0.9241,2.4599,2.5558,8.824,4.114,8.101,10.449,8.161,3.571,11.702,10.147,10.424,4.861736
3.000000,0.0000,0.0000,0.0000,0.0000,0.0000,0.0000,0.0000,0.0000,0.0000,7.0106,13.9474,6.4280,27.8065,25.9046,44.7542,17.5825,13.1382,8.9804,81.4669,74.8958,79.3133,81.4588,76.9578,74.3237,76.3976,74.7470,72.7085,56.7396,50.1789,54.5987,56.7415,52.2358,50.0216,51.6675,50.0111,47.9720,159.5826,139.6348,149.6087,179.5304,159.5826,169.5565,149.6087,139.6348,129.6609,7.3550,0.3220,4.6097,6.7425,2.2371,0.0330,1.8108,0.6273,0.0000,7.0106,0.2907,4.6590,6.7812,2.2474,0.0000,2.1504,1.1112,0.0000,0.114258,0.181398,0.133931,0.311433,0.291605,0.309307,0.216451,0.246479,0.255815,50.000000,50.000000,50.000000,50.000000,50.000000,49.999716,50.000000,50.000000,50.000000,10.0824,12.4405,-6.5625,-3.2106,6.7561,3.3142,-2.5368,2.2452,2.3524,8.606,12.519,12.627,10.152,14.240,10.465,10.805,11.962,8.564,5.024758
3.100000,8.0216,6.7343,7.3225,2.6384,2.1179,2.4685,3.3514,2.6522,2.9299,7.3474,14.6175,6.7368,29.1425,27.1492,46.9045,18.4272,13.7694,9.4118,76.8496,71.9320,75.9776,78.9510,75.2602,72.5157,74.2242,73.0586,71.6325,48.2817,43.3701,47.4225,50.4010,46.7074,44.3802,45.6635,44.4919,43.0837,158.0986,138.3362,148.2174,177.8609,158.0986,167.9797,148.2174,138.3362,128.4551,5.1650,0.0000,3.8186,6.5157,2.6315,0.0000,1.9834,1.2092,0.0000,12.4333,1.6822,6.9394,10.2124,4.2323,1.2892,4.5676,3.1549,1.3971,0.101138,0.167929,0.120366,0.300476,0.280323,0.299257,0.204633,0.234389,0.244924,50.000000,50.000000,50.000000,50.000000,50.000000,49.999717,50.000000,50.000000,50.000000,7.4970,7.7900,-5.9583,-4.3244,5.6342,3.6408,-2.2768,1.5557,2.0217,4.268,14.236,7.406,12.021,8.111,0.808,8.193,8.165,8.295,4.199272
3.200000,0.0000,0.0000,0.0000,0.0000,0.0000,0.0000,0.0000,0.0000,0.0000,7.2501,14.4239,6.6476,28.7565,26.7896,46.2832,18.1832,13.5871,9.2872,106.8496,99.9320,100.9776,106.8553,102.3661,99.5733,101.9439,100.5110,99.0043,-1.3610,-8.1529,-3.7295,-1.7880,-6.2915,-8.6672,-6.7040,-8.1172,-9.6052,159.6290,139.6754,149.6522,179.5826,159.6290,169.6058,149.6522,139.6754,129.6986,39.2500,32.4646,36.9044,38.8646,34.3730,31.9973,33.9483,32.5167,31.0123,7.2501,0.4866,4.9364,6.8943,2.3918,0.0000,2.2808,1.1777,0.0000,0.101451,0.170072,0.121269,0.300805,0.281609,0.300918,0.206101,0.236256,0.246979,50.000000,50.000000,50.000000,50.000000,50.000000,49.999719,50.000000,50.000000,50.000000,10.1820,12.3587,-6.6517,-2.9318,6.7421,3.5625,-2.9328,2.1388,2.2496,14.108,17.193,8.134,8.411,8.760,11.723,12.403,10.863,9.365,5.050269
3.300000,0.0000,0.0000,0.0000,0.0000,0.0000,0.0000,0.0000,0.0000,0.0000,6.1052,12.1462,5.5979,24.2156,22.5593,38.9746,15.3119,11.4415,7.8206,109.8217,102.8747,107.0975,110.2523,105.3900,103.4115,104.4211,102.6615,100.8337,-2.5124,-9.4657,-5.2609,-2.1281,-7.0059,-8.5696,-7.9639,-9.7022,-11.5100,167.2812,146.3710,156.8261,188.1913,167.2812,177.7362,156.8261,146.3710,135.9159,47.7614,40.8159,45.0386,48.1921,43.3275,41.7639,42.3562,40.5974,38.7715,6.1052,0.0000,4.3530,7.6594,3.0103,1.7391,2.7007,1.3728,0.0000,0.102029,0.172561,0.122543,0.301196,0.283042,0.302561,0.207846,0.238488,0.249442,50.000000,50.000000,50.000000,50.000000,50.000000,49.999721,50.000000,50.000000,50.000000,10.4230,13.4877,-6.3252,-4.7206,7.3024,2.3446,-0.8955,2.6284,2.7307,12.302,3.288,4.779,7.986,15.554,2.732,7.854,11.840,7.774,5.148339
3.400000,3.5913,2.9765,3.2621,1.2146,0.8634,1.0280,1.4746,1.1235,1.2790,5.8497,11.6379,5.3636,23.2020,21.6150,37.3434,14.6710,10.9626,7.4933,101.7934,96.4209,100.2449,103.7021,99.4798,97.5604,98.1896,96.7546,95.1639,3.8510,-1.5262,2.2822,5.7202,1.4841,-0.0231,0.2027,-1.2138,-2.7869,160.0464,140.0406,150.0435,180.0522,160.0464,170.0493,150.0435,140.0406,130.0377,35.5200,30.1492,33.9730,37.4286,33.2038,31.6967,31.9110,30.4770,28.8884,9.4410,0.3823,4.9176,8.7846,3.4003,2.0298,3.5945,1.9366,0.0000,0.100982,0.172962,0.121890,0.299953,0.282683,0.302565,0.207793,0.238767,0.250038,50.000000,50.000000,50.000000,50.000000,50.000000,49.999722,50.000000,50.000000,50.000000,8.0602,9.9495,-5.7281,-5.1754,6.3417,2.2597,-0.3276,2.1428,2.3763,11.063,8.829,17.773,6.975,12.894,11.918,10.502,12.511,2.446,4.357116
3.500000,0.0000,0.0000,0.0000,0.0000,0.0000,0.0000,0.0000,0.0000,0.0000,7.9496,15.8156,7.2890,31.5312,29.3745,50.7490,19.9376,14.8981,10.1833,113.0919,105.6959,110.5408,112.6204,107.7425,104.7023,107.3104,105.7730,104.1547,-5.2585,-12.6608,-7.8346,-5.7778,-10.6716,-13.3018,-11.0921,-12.6075,-14.2052,173.5420,151.8493,162.6957,195.2348,173.5420,184.3884,162.6957,151.8493,141.0029,49.8094,42.4148,47.2593,49.3374,44.4573,41.8272,44.0231,42.4865,40.8701,7.9496,0.5837,5.4412,7.5236,2.6393,0.0000,2.5166,1.2992,0.0000,0.102192,0.176290,0.123787,0.301016,0.284865,0.305115,0.210223,0.241667,0.253077,50.000000,50.000000,50.000000,50.000000,50.000000,49.999724,50.000000,50.000000,50.000000,11.0964,13.4116,-7.2578,-3.1073,7.3259,3.9444,-3.3010,2.2947,2.4162,1.426,10.004,4.491,11.968,7.513,9.612,9.788,7.883,10.633,5.500271
3.600000,0.8616,0.7590,0.8380,0.2984,0.2223,0.2616,0.3718,0.2979,0.3115,9.1375,18.1790,8.3782,36.2428,33.7639,58.3324,22.9169,17.1243,11.7050,105.1621,97.9488,102.7526,103.8213,99.3444,95.3617,99.3337,98.2546,97.0845,4.6268,-2.5907,2.1972,3.2470,-1.2437,-4.8190,-1.2456,-2.3063,-3.4590,165.7971,145.0725,155.4348,186.5217,165.7971,176.1594,155.4348,145.0725,134.7101,36.0099,28.7974,33.6011,34.6679,30.1886,26.6133,30.1755,29.0976,27.9298,9.9992,1.9790,7.6676,8.2443,3.5215,0.0000,3.8825,2.6043,1.1384,0.100934,0.176971,0.123158,0.300310,0.285119,0.306038,0.210496,0.242197,0.253817,50.000000,50.000000,50.000000,50.000000,50.000000,49.999725,50.000000,50.000000,50.000000,10.8216,12.1217,-7.1977,-1.5926,6.7234,5.3620,-5.3491,1.6088,1.7453,0.280,12.598,8.250,11.818,10.084,10.289,11.744,2.795,17.963,5.363992
3.700000,0.0000,0.0000,0.0000,0.0000,0.0000,0.0000,0.0000,0.0000,0.0000,7.1536,14.2320,6.5591,28.3739,26.4332,45.6675,17.9413,13.4063,9.1636,109.9708,103.0526,107.5590,109.8503,105.1962,102.5687,104.6179,103.0363,101.3819,-3.9365,-10.8599,-6.3715,-4.1018,-8.7713,-10.9938,-9.3389,-10.8994,-12.5340,164.9159,144.3014,154.6087,185.5304,164.9159,175.2232,154.6087,144.3014,133.9942,44.5744,37.6568,42.1631,44.4527,39.7964,37.5739,39.2158,37.6352,35.9827,7.1536,0.2199,4.6990,6.9553,2.2614,0.0000,2.1726,1.1230,0.0000,0.101840,0.179825,0.124701,0.301065,0.286912,0.308146,0.212542,0.244704,0.256499,50.000000,50.000000,50.000000,50.000000,50.000000,49.999727,50.000000,50.000000,50.000000,10.3796,12.8891,-6.7505,-3.4253,6.9899,3.3328,-2.4695,2.3613,2.4708,13.251,12.730,10.278,3.947,8.367,12.204,10.231,8.654,8.408,5.172793
3.800000,0.0000,0.0000,0.0000,0.0000,0.0000,0.0000,0.0000,0.0000,0.0000,7.7961,15.5102,7.1482,30.9222,28.8072,49.7689,19.5526,14.6103,9.9866,105.8253,98.8412,103.4455,105.0603,100.5419,97.4102,100.3071,98.9999,97.6132,2.5366,-4.4517,0.1366,1.7319,-2.8004,-5.5294,-3.0261,-4.3145,-5.6833,161.3449,141.1768,151.2609,181.5130,161.3449,171.4290,151.2609,141.1768,131.0928,37.3908,30.4078,35.0118,36.6248,32.1039,29.3748,31.8668,30.5607,29.1762,7.7961,0.8693,5.5187,7.1738,2.6924,0.0000,2.5605,1.3204,0.0000,0.101151,0.180995,0.124662,0.300688,0.287485,0.309205,0.213204,0.245696,0.257715,50.000000,50.000000,50.000000,50.000000,50.000000,49.999729,50.000000,50.000000,50.000000,10.4777,12.3233,-6.8983,-2.4116,6.7858,4.0926,-3.7438,1.9508,2.0700,10.104,9.090,8.271,6.204,10.272,13.238,2.856,7.011,8.515,5.178496
3.900000,0.8474,0.7086,0.7975,0.2827,0.2186,0.2572,0.3734,0.2901,0.3177,9.5972,19.0935,8.7996,38.0660,35.4624,61.2668,24.0697,17.9857,12.2938,108.4453,101.0677,106.0209,106.7939,102.2795,98.0079,102.3776,101.3589,100.2404,-1.3039,-8.6884,-3.7517,-2.9990,-7.5280,-11.3993,-7.4201,-8.4190,-9.5191,167.4203,146.4928,156.9565,188.3478,167.4203,177.8841,156.9565,146.4928,136.0290,39.3895,32.0136,36.9662,37.7373,33.2207,29.3493,33.3164,32.2990,31.1829,10.4446,2.2979,8.1241,8.4669,3.7671,0.0000,4.2395,2.9781,1.5132,0.101450,0.183279,0.125570,0.301240,0.289024,0.311390,0.214830,0.247633,0.259752,50.000000,50.000000,50.000000,50.000000,50.000000,49.999730,50.000000,50.000000,50.000000,11.0691,12.3134,-7.4213,-1.1485,6.7800,5.8061,-5.9570,1.5175,1.6673,5.665,11.726,13.408,10.341,9.966,12.604,12.849,11.772,16.262,5.505553
4.000000,3.3134,2.7797,3.0296,1.0978,0.8462,1.0112,1.3205,1.0850,1.2312,6.3238,12.5810,5.7982,25.0824,23.3668,40.3698,15.8600,11.8511,8.1006,104.7449,99.0975,103.0956,106.3772,102.0488,99.8765,100.8440,99.4282,97.8713,0.1154,-5.5372,-1.5555,1.7061,-2.6367,-4.4112,-3.8319,-5.2283,-6.7670,163.0609,142.6783,152.8696,183.4435,163.0609,173.2522,152.8696,142.6783,132.4870,38.9261,33.2807,37.2786,40.5583,36.2276,34.4531,35.0203,33.6056,32.0509,9.6372,0.4766,5.2231,8.6217,3.2082,1.5530,3.6567,1.9366,0.0000,0.101419,0.184735,0.125946,0.300869,0.289563,0.312236,0.215669,0.248835,0.261200,50.000000,50.000000,50.000000,50.000000,50.000000,49.999732,50.000000,50.000000,50.000000,8.4728,10.3157,-5.9889,-4.9115,6.5009,2.6608,-0.8572,2.1135,2.3252,11.229,7.852,8.741,13.364,12.365,12.923,15.114,9.036,8.671,4.506557
4.100000,0.7450,0.6175,0.6929,0.2577,0.1867,0.2370,0.3106,0.2538,0.2737,8.0531,16.0215,7.3839,31.9415,29.7568,51.4095,20.1971,15.0920,10.3158,108.0816,101.1230,105.6974,107.5759,103.0302,99.8154,102.7127,101.4173,100.0411,-0.5147,-7.4779,-2.9210,-1.0630,-5.6235,-8.4428,-5.9311,-7.2064,-8.5635,166.0754,145.3159,155.6957,186.8348,166.0754,176.4551,155.6957,145.3159,134.9362,40.9123,33.9545,38.5290,40.4058,35.8578,33.0386,35.5379,34.2436,32.8692,8.7981,1.0773,6.3135,7.7169,2.8673,0.0000,2.8684,1.5156,0.0000,0.101537,0.186700,0.126654,0.301065,0.290713,0.313854,0.216968,0.250493,0.263032,50.000000,50.000000,50.000000,50.000000,50.000000,49.999734,50.000000,50.000000,50.000000,10.4397,12.0662,-6.8529,-2.8066,6.8271,4.2280,-3.7555,1.9325,2.0539,12.749,10.827,7.828,11.092,7.275,12.176,10.889,9.729,10.824,5.177515
4.200000,0.0000,0.0000,0.0000,0.0000,0.0000,0.0000,0.0000,0.0000,0.0000,7.1536,14.2320,6.5591,28.3739,26.4332,45.6675,17.9413,13.4063,9.1636,112.6780,105.3888,109.9322,112.6089,107.5213,104.9907,106.7759,105.1271,103.4225,-3.3106,-10.6067,-6.0820,-3.4279,-8.5317,-10.6689,-9.2653,-10.8920,-12.5762,175.5826,153.6348,164.6087,197.5304,175.5826,186.5565,164.6087,153.6348,142.6609,51.9080,44.6207,49.1637,51.8388,46.7492,44.6120,46.0016,44.3536,42.6510,7.1536,0.0000,5.0356,8.1367,3.4106,1.5602,3.1552,1.6398,0.0000,0.102299,0.189488,0.128126,0.301696,0.292457,0.315899,0.218998,0.252998,0.265722,50.000000,50.000000,50.000000,50.000000,50.000000,49.999735,50.000000,50.000000,50.000000,10.9363,13.8891,-6.8056,-4.0029,7.6405,3.2050,-2.0917,2.4618,2.5457,10.386,13.132,9.391,9.703,7.102,9.669,2.126,6.716,6.251,5.454106
4.300000,0.0000,0.0000,0.0000,0.0000,0.0000,0.0000,0.0000,0.0000,0.0000,8.8026,17.5126,8.0711,34.9143,32.5262,56.1942,22.0769,16.4966,11.2759,87.4026,87.4273,88.5872,82.9213,84.5423,78.0491,74.7759,75.1271,75.4225,-24.3748,-24.3486,-23.1838,-28.8486,-27.2474,-33.3335,-42.8362,-47.1568,-45.0174,166.2145,145.4377,155.8261,186.9913,166.2145,176.6029,155.8261,145.4377,135.0493,24.6307,25.2861,26.7974,21.1363,22.4028,15.6629,5.2767,0.0000,3.0838,35.8082,34.8826,33.8849,37.2073,40.4542,43.6033,46.7017,49.7893,47.6466,0.107905,0.195889,0.133739,0.307004,0.298028,0.322288,0.228381,0.263844,0.275354,50.000000,50.000000,50.000000,50.000000,50.000000,49.999737,50.000000,50.000000,50.000000,-0.3532,31.4163,-1.9180,8.4959,-2.2443,9.4632,14.6953,6.9519,-3.6745,4.677,13.712,13.188,14.116,6.492,9.857,9.963,11.200,6.579,7.374911
4.400000,0.0000,0.0000,0.0000,0.0000,0.0000,0.0000,0.0000,0.0000,0.0000,7.4950,14.9112,6.8721,29.7279,27.6946,47.8467,18.7974,14.0460,9.6009,95.9863,88.6508,93.2058,95.4346,90.5444,87.8063,90.0271,88.5071,86.9465,29.0906,22.1322,27.0949,29.6187,24.8827,22.5325,24.2048,22.3889,20.4234,171.4087,149.9826,160.6957,192.8348,171.4087,182.1217,160.6957,149.9826,139.2696,31.3418,24.0075,28.5627,30.7894,25.8961,23.5459,25.3755,23.8567,22.2988,7.4950,0.2809,4.9602,7.2642,2.3910,0.0000,2.2908,1.1839,0.0000,0.100000,0.189015,0.125989,0.300565,0.292017,0.317185,0.222117,0.257760,0.270191,50.000000,50.000000,50.000000,50.000000,50.000000,49.999738,50.000000,50.000000,50.000000,10.8141,13.3750,-7.0364,-3.4897,7.2598,3.5241,-2.6662,2.4274,2.5420,7.645,11.246,7.824,10.757,14.622,6.338,7.575,12.882,7.495,5.384392
4.500000,0.0000,0.0000,0.0000,0.0000,0.0000,0.0000,0.0000,0.0000,0.0000,5.1261,10.1982,4.7001,20.3319,18.9412,32.7239,12.8561,9.6065,6.5664,113.1982,106.3349,110.1787,113.9124,109.0074,107.6763,107.8016,105.9758,104.1061,-10.8878,-17.7576,-13.9337,-10.2241,-15.1458,-16.0905,-16.3391,-18.1415,-19.9896,165.1942,144.5449,154.8696,185.8435,165.1942,175.5188,154.8696,144.5449,134.2203,52.6317,45.7695,49.6133,53.3457,48.4388,47.4940,47.2306,45.4055,43.5375,5.1261,0.0000,4.3112,8.4777,3.9525,3.3271,3.3203,1.6986,0.0000,0.102504,0.193683,0.129362,0.302446,0.295114,0.320269,0.225696,0.261932,0.274468,50.000000,50.000000,50.000000,50.000000,50.000000,49.999740,50.000000,50.000000,50.000000,10.2977,13.6441,-5.7558,-5.5878,7.3667,1.4163,0.3874,2.7266,2.7929,2.684,4.105,3.793,5.452,10.313,7.886,14.240,1.089,5.136,5.070328
4.600000,0.0000,0.0000,0.0000,0.0000,0.0000,0.0000,0.0000,0.0000,0.0000,4.0242,8.0061,3.6898,15.9616,14.8698,25.6900,10.0928,7.5416,5.1549,107.9596,100.9609,104.6828,109.4243,104.3462,103.7837,102.6922,100.5731,98.4065,1.3679,-5.6361,-1.9324,2.7873,-2.3063,-2.4849,-3.9496,-6.0476,-8.1943,168.3478,147.3043,157.8261,189.3913,168.3478,178.8696,157.8261,147.3043,136.7826,50.9719,43.9735,47.6960,52.4362,47.3561,47.1773,45.6992,43.5806,41.4155,4.0242,0.0000,3.6898,8.7819,4.0820,4.3177,3.2916,1.6567,0.0000,0.102132,0.195164,0.129830,0.301840,0.295585,0.320745,0.226561,0.263323,0.276221,50.000000,50.000000,50.000000,50.000000,50.000000,49.999741,50.000000,50.000000,50.000000,10.5006,14.3358,-5.5741,-7.1007,7.6259,0.2671,2.2100,3.1679,3.2392,13.507,4.891,13.264,6.586,10.526,11.298,15.416,8.598,9.652,5.247343
4.700000,4.9549,4.0743,4.7004,1.6685,1.2321,1.5327,2.0206,1.6334,1.8138,5.4799,10.9022,5.0245,21.7354,20.2487,34.9828,13.7436,10.2697,7.0196,86.1408,87.1047,87.4997,85.1766,86.4515,81.5999,70.6922,70.5731,70.4065,-20.2071,-19.2442,-18.8463,-21.1690,-19.8955,-24.3807,-36.9258,-41.8855,-40.3220,175.8609,153.8783,164.8696,197.8435,175.8609,186.8522,164.8696,153.8783,142.8870,23.5017,25.0884,25.8273,23.5057,24.4383,19.3280,5.8932,0.0000,2.4917,35.5051,33.7522,32.5611,33.2586,37.3786,41.2732,43.2460,46.7456,45.1837,0.106780,0.200223,0.134393,0.305735,0.299653,0.325418,0.234650,0.272957,0.284849,50.000000,50.000000,50.000000,50.000000,50.000000,49.999743,50.000000,50.000000,50.000000,-1.7568,30.6209,-0.7659,3.4837,-1.7405,7.0318,19.2712,7.9078,-2.8104,10.871,6.652,14.424,8.253,4.760,12.802,12.919,7.458,9.811,7.100845
4.800000,1.5559,1.3259,1.4627,0.5238,0.3951,0.4672,0.6701,0.5313,0.5699,7.0580,14.0418,6.4715,27.9948,26.0800,45.0572,17.7015,13.2272,9.0412,87.2421,87.7293,88.4288,84.2387,85.6834,80.0504,69.3821,64.7672,66.6522,-23.2453,-22.7574,-22.0536,-26.2432,-24.8006,-30.0548,-41.1045,-45.7330,-43.8340,167.7913,146.8174,157.3043,188.7652,167.7913,178.2783,157.3043,146.8174,136.3304,24.3066,25.4147,26.4592,22.2726,23.3776,17.4852,5.5656,0.0000,2.8249,35.4587,34.3748,33.5867,35.7049,39.5967,43.0893,45.9826,49.3340,47.4316,0.112127,0.206205,0.139732,0.310564,0.304723,0.331179,0.243653,0.283476,0.294227,50.000000,50.000000,50.000000,50.000000,50.000000,49.999744,50.000000,50.000000,50.000000,-1.0416,31.3302,-1.2239,6.2832,-1.9962,8.1992,17.0094,7.4045,-3.3044,13.770,13.572,9.586,8.472,15.538,9.136,8.078,9.680,8.474,7.200821
4.900000,0.0000,0.0000,0.0000,0.0000,0.0000,0.0000,0.0000,0.0000,0.0000,6.3238,12.5810,5.7982,25.0824,23.3668,40.3698,15.8600,11.8511,8.1006,97.3011,101.0231,100.2446,92.5479,96.5333,89.3061,70.6745,63.6533,67.2903,-42.0775,-38.3769,-39.1694,-46.8708,-42.8676,-49.7061,-68.6951,-75.6691,-72.0737,177.8087,155.5826,166.6957,200.0348,177.8087,188.9217,166.6957,155.5826,144.4696,36.1589,40.7354,40.4244,32.7179,36.2446,28.5178,8.2803,0.0000,4.9091,71.2605,69.5738,67.7947,74.1361,80.3578,86.5041,92.5410,98.5642,94.9490,0.121804,0.216293,0.149215,0.319188,0.313487,0.340706,0.258701,0.300880,0.309647,50.000000,50.000000,50.000000,50.000000,50.000000,49.999746,50.000000,50.000000,50.000000,-5.9995,45.6284,0.9410,11.5523,-5.7577,10.7068,29.1185,11.1377,-6.0707,11.692,11.946,11.416,7.034,8.044,9.897,4.154,6.550,13.028,10.647661
5.000000,1.5027,1.2094,1.3527,0.4860,0.3654,0.4459,0.6070,0.4886,0.5516,8.5298,16.9699,7.8209,33.8323,31.5183,54.4527,21.3927,15.9853,10.9265,91.6418,92.6108,93.3420,87.5395,89.6714,82.8210,71.3179,66.2838,68.8079,-32.1809,-31.2003,-30.4587,-36.2601,-34.1326,-40.6132,-52.5019,-57.5422,-54.9975,174.7478,152.9043,163.8261,196.5913,174.7478,185.6696,163.8261,152.9043,141.9826,27.1630,28.7327,29.8058,24.0038,25.8054,18.7139,5.9909,0.0000,3.4536,43.9617,42.4809,41.3740,44.0045,48.2756,52.1938,55.5317,59.2896,56.7398,0.129206,0.224494,0.156589,0.325860,0.320465,0.348490,0.270201,0.314114,0.321414,50.000000,50.000000,50.000000,50.000000,50.000000,49.999747,50.000000,50.000000,50.000000,-1.7596,34.6799,-1.2730,8.7030,-3.0305,10.0229,18.2458,8.0326,-4.2612,12.358,12.895,13.700,14.983,3.869,10.894,6.684,6.608,12.466,8.038305
5.100000,0.0000,0.0000,0.0000,0.0000,0.0000,0.0000,0.0000,0.0000,0.0000,6.1052,12.1462,5.5979,24.2156,22.5593,38.9746,15.3119,11.4415,7.8206,99.2850,103.3926,102.4436,94.4723,98.7322,91.4062,72.4304,65.3664,69.1621,-42.6590,-38.5819,-39.5406,-47.5117,-43.2536,-50.1749,-69.4851,-76.5521,-72.7386,171.1768,149.7797,160.4783,192.5739,171.1768,181.8754,160.4783,149.7797,139.0812,36.1476,41.0087,40.4750,32.4911,36.3085,28.6163,8.2064,0.0000,4.9477,80.6142,78.8229,76.9449,83.3972,89.7716,96.0467,102.2451,108.4294,104.6136,0.139018,0.234635,0.166162,0.334602,0.329308,0.358107,0.285422,0.331721,0.336977,50.000000,50.000000,50.000000,50.000000,50.000000,49.999749,50.000000,50.000000,50.000000,-6.5229,45.7012,1.2206,11.9632,-6.1676,10.7824,29.5353,11.1687,-6.2784,9.311,13.829,9.074,7.046,12.133,10.309,14.324,12.602,5.649,10.715416
5.200000,0.0000,0.0000,0.0000,0.0000,0.0000,0.0000,0.0000,0.0000,0.0000,7.1536,14.2320,6.5591,28.3739,26.4332,45.6675,17.9413,13.4063,9.1636,93.1727,94.3590,94.7935,89.2394,91.3318,85.1229,72.0785,66.6599,69.0456,-30.0102,-28.8135,-28.3694,-33.9225,-31.8340,-37.6766,-51.1011,-56.5254,-54.1192,176.8348,154.7304,165.7826,198.9391,176.8348,187.8870,165.7826,154.7304,143.6783,28.3069,30.0897,30.8642,25.3107,27.0755,20.6263,6.3732,0.0000,3.3164,40.0702,38.9806,37.8286,42.2760,46.6473,50.9518,55.2060,59.4305,57.0193,0.145920,0.242209,0.173031,0.340844,0.335817,0.365328,0.296616,0.344722,0.348556,50.000000,50.000000,50.000000,50.000000,50.000000,49.999750,50.000000,50.000000,50.000000,-2.0829,36.6133,-0.8265,8.3303,-2.9729,9.0642,20.5472,8.6080,-4.0542,6.845,11.320,11.357,6.366,7.050,10.467,8.924,15.097,13.916,8.421724
5.300000,2.8062,2.2398,2.5634,0.9314,0.6997,0.7895,1.1413,0.9593,1.0370,6.0621,12.0605,5.5583,24.0446,22.4000,38.6995,15.2038,11.3608,7.7654,99.4057,107.2667,105.2708,95.0188,100.8814,91.1213,65.1911,56.2902,61.9898,-39.1122,-31.7902,-34.1111,-44.3660,-38.1833,-47.0339,-72.7762,-82.0000,-75.9705,179.4783,157.0435,168.2609,201.9130,179.4783,190.6957,168.2609,157.0435,145.8261,44.5625,52.5287,50.5509,40.2953,46.1336,36.6377,10.0218,0.0000,6.8259,135.7444,133.2367,130.9495,136.1385,144.2835,151.6886,158.3714,166.4630,162.0907,0.154916,0.250565,0.181289,0.349007,0.343623,0.374343,0.312557,0.363582,0.364810,50.000000,50.000000,50.000000,50.000000,50.000000,49.999752,50.000000,50.000000,50.000000,-11.5746,56.0055,3.1473,15.3812,-8.9418,13.8683,39.3293,14.0732,-9.2775,4.971,12.013,8.305,4.805,12.835,5.869,16.178,12.998,5.255,13.312006
5.400000,4.8882,4.0172,4.2646,1.5852,1.1737,1.4285,1.9508,1.6172,1.7645,6.2796,12.4932,5.7578,24.9074,23.2038,40.0881,15.7493,11.7684,8.0441,96.2211,99.9927,99.2818,93.4607,97.0898,90.0366,72.1393,65.4177,68.7920,-46.2626,-42.5038,-43.2170,-49.0409,-45.4236,-52.0909,-70.3276,-77.0612,-73.6666,179.6638,157.2058,168.4348,202.1217,179.6638,190.8928,168.4348,157.2058,145.9768,33.1486,37.7165,37.4487,31.6181,34.7840,27.3083,7.9284,0.0000,4.5965,71.4079,68.7875,67.1968,68.7227,75.6010,81.4509,85.5398,91.0480,87.6553,0.165556,0.261738,0.191752,0.358031,0.352910,0.384327,0.327962,0.381306,0.380571,50.000000,50.000000,50.000000,50.000000,50.000000,49.999753,50.000000,50.000000,50.000000,-6.0491,41.6926,0.8459,8.7378,-5.2061,10.4141,27.9409,10.6918,-5.6827,8.807,10.787,9.338,17.537,8.485,12.141,8.902,5.582,12.154,9.769456
5.500000,4.1868,3.4507,4.0088,1.4341,1.0519,1.2950,1.8326,1.4581,1.6193,7.6446,15.2087,7.0093,30.3211,28.2472,48.8015,19.1725,14.3263,9.7925,96.3395,103.4823,101.7085,91.1404,97.8650,87.7723,63.7642,55.0000,60.7945,-41.4989,-34.7400,-36.7228,-47.2961,-40.3705,-49.7165,-73.5757,-82.0000,-76.5338,173.1246,151.4841,162.3043,194.7652,173.1246,183.9449,162.3043,151.4841,140.6638,41.6663,48.8776,47.1327,36.5538,43.2340,33.4342,8.9622,0.0000,6.0137,142.9477,137.9190,136.2612,140.7383,150.2941,159.0554,166.2828,174.7648,167.8084,0.175101,0.270869,0.200643,0.366733,0.361163,0.393856,0.344079,0.400166,0.396946,50.000000,50.000000,50.000000,50.000000,50.000000,49.999755,50.000000,50.000000,50.000000,-10.5566,53.1162,2.7508,15.8601,-10.1652,14.4364,36.3525,13.0754,-8.6372,6.467,10.774,14.381,10.228,9.239,6.144,15.738,11.017,11.629,12.988719
5.600000,0.0000,0.0000,0.0000,0.0000,0.0000,0.0000,0.0000,0.0000,0.0000,7.1057,14.1367,6.5152,28.1839,26.2562,45.3617,17.8211,13.3165,9.1023,100.1051,107.1682,105.1512,92.1949,101.8531,92.0205,63.9663,55.0000,59.5460,-36.5614,-29.4518,-31.4496,-44.4132,-34.7835,-44.3011,-72.7853,-82.0000,-77.1933,177.9478,155.7043,166.8261,200.1913,177.9478,189.0696,166.8261,155.7043,144.5826,45.3543,52.4686,50.4740,37.5110,47.1376,37.6150,9.1264,0.0000,4.7163,169.1849,155.9944,157.6598,171.3388,185.2319,199.3830,213.7636,228.2943,213.1179,0.183510,0.278611,0.208257,0.374905,0.368274,0.402347,0.360022,0.419026,0.413462,50.000000,50.000000,50.000000,50.000000,50.000000,49.999756,50.000000,50.000000,50.000000,-10.6435,60.9145,3.0047,19.4414,-14.4572,14.2546,42.6953,13.6537,-7.0345,9.695,10.882,9.098,8.176,7.243,12.132,13.421,10.975,8.771,15.965664
5.700000,0.0000,0.0000,0.0000,0.0000,0.0000,0.0000,0.0000,0.0000,0.0000,7.5945,15.1091,6.9634,30.1225,28.0622,48.4818,19.0469,14.2325,9.7284,100.7124,107.6855,105.7794,92.3631,102.6825,92.5881,63.9989,55.0000,59.3283,-35.7307,-28.6245,-30.4600,-43.8756,-33.6239,-43.4896,-72.6270,-82.0000,-77.3000,181.6116,158.9101,170.2609,204.3130,181.6116,192.9623,170.2609,158.9101,147.5594,45.9539,52.9793,51.0983,37.6788,47.9691,38.1837,9.1607,0.0000,4.4983,176.7240,161.5052,164.2275,179.0554,194.0460,209.2326,224.5897,240.1195,223.0566,0.191728,0.286135,0.215632,0.382979,0.375149,0.410683,0.375931,0.437886,0.430000,50.000000,50.000000,50.000000,50.000000,50.000000,49.999758,50.000000,50.000000,50.000000,-10.5524,62.2044,2.8112,20.1257,-15.4307,14.6921,43.5555,13.7663,-6.7633,7.208,4.923,17.299,11.958,17.158,8.018,6.482,13.872,6.844,16.540638
5.800000,1.4385,1.2228,1.3313,0.4890,0.3622,0.4203,0.6148,0.4957,0.5270,10.9402,21.7654,10.0310,43.3929,40.4249,69.8403,27.4380,20.5026,14.0141,98.7900,104.4523,103.7526,89.2188,100.9574,89.5856,63.2389,55.0000,58.6694,-37.0040,-30.9726,-31.4792,-46.0167,-34.4769,-45.8598,-73.0710,-82.0000,-77.6332,184.2551,161.2232,172.7391,207.2870,184.2551,195.7710,172.7391,161.2232,149.7072,44.1191,49.8590,49.1972,34.6586,46.3513,35.2586,8.4448,0.0000,3.8848,191.1019,169.7735,176.4149,192.3107,209.6795,226.4536,242.4797,258.6872,236.9477,0.200239,0.294277,0.223253,0.391446,0.382197,0.419473,0.391937,0.456746,0.446610,50.000000,50.000000,50.000000,50.000000,50.000000,49.999759,50.000000,50.000000,50.000000,-8.7168,60.4920,0.9340,21.8050,-17.4855,16.7441,40.3655,12.8064,-5.9605,10.100,5.310,9.059,3.447,3.739,11.438,3.471,9.191,2.082,16.952891
5.900000,4.3344,3.6655,4.0552,1.4589,1.1082,1.2834,1.8463,1.4563,1.6280,10.0118,19.9184,9.1798,39.7107,36.9945,63.9138,25.1097,18.7628,12.8249,98.6659,105.0946,103.7441,90.6757,101.1657,90.0600,63.4464,55.0000,59.2564,-37.6122,-30.9936,-32.2464,-45.3194,-34.9318,-45.8722,-73.1049,-82.0000,-77.2877,188.9855,165.3623,177.1739,212.6087,188.9855,200.7971,177.1739,165.3623,153.5507,43.9743,50.4756,49.1591,36.0849,46.5332,35.7111,8.6412,0.0000,4.4638,184.8461,167.7118,171.3252,181.8709,197.7099,212.7896,226.5597,241.7589,223.6094,0.208890,0.302424,0.231060,0.399784,0.389339,0.428265,0.407950,0.475606,0.463146,50.000000,50.000000,50.000000,50.000000,50.000000,49.999760,50.000000,50.000000,50.000000,-9.7743,59.2977,1.9599,19.6078,-15.6630,16.2555,40.6367,12.9914,-6.7162,10.642,16.220,7.189,4.690,11.125,15.390,8.566,7.161,9.108,16.027297
6.000000,0.0000,0.0000,0.0000,0.0000,0.0000,0.0000,0.0000,0.0000,0.0000,12.7527,25.3712,11.6929,50.5819,47.1222,81.4109,31.9837,23.8993,16.3359,99.9130,105.1062,104.6792,88.5211,100.4643,88.2317,62.9375,55.0000,58.8955,-35.7686,-30.1656,-30.3776,-46.5392,-34.8162,-47.1048,-73.3148,-82.0000,-77.3501,189.6348,165.9304,177.7826,213.3391,189.6348,201.4870,177.7826,165.9304,154.0783,45.2723,50.5536,50.1700,34.0073,45.8999,33.9321,8.1609,0.0000,4.1274,193.1803,171.8252,177.7179,194.5460,211.4197,228.3262,245.2511,262.0595,239.8310,0.217117,0.310353,0.238415,0.408348,0.396457,0.437293,0.424010,0.494466,0.479696,50.000000,50.000000,50.000000,50.000000,50.000000,49.999762,50.000000,50.000000,50.000000,-8.0388,61.8719,0.5113,24.2412,-17.7794,18.0670,38.8153,12.3918,-6.3364,13.576,7.941,10.743,10.454,13.012,7.927,12.704,11.971,7.613,17.386796
6.100000,0.2915,0.2514,0.2678,0.0914,0.0701,0.0816,0.1179,0.0985,0.1036,10.0720,20.0381,9.2350,39.9494,37.2169,64.2980,25.2606,18.8756,12.9020,100.5337,105.9670,104.6041,88.5061,104.1111,93.6940,62.8478,55.0000,56.4467,-34.1814,-27.9753,-28.9378,-45.0762,-29.8772,-40.7227,-72.9393,-82.0000,-79.3261,186.4812,163.1710,174.8261,209.7913,186.4812,198.1362,174.8261,163.1710,151.5159,45.9474,51.5144,50.2174,34.1034,49.6310,39.4350,8.0675,0.0000,1.6754,231.6013,196.5035,208.4761,231.1920,254.2393,280.3410,306.3489,332.4054,298.1061,0.224978,0.317706,0.245421,0.416642,0.402565,0.445098,0.439987,0.513326,0.496668,50.000000,50.000000,50.000000,50.000000,50.000000,49.999763,50.000000,50.000000,50.000000,-8.6032,66.7518,1.8112,24.1752,-23.1658,15.5529,47.3916,12.4880,-2.8980,14.606,7.620,7.140,11.010,4.082,10.273,16.979,10.460,12.300,20.733852
6.200000,0.0000,0.0000,0.0000,0.0000,0.0000,0.0000,0.0000,0.0000,0.0000,12.1963,24.2643,11.1827,48.3750,45.0662,77.8589,30.5882,22.8565,15.6232,101.7094,106.9009,106.1770,89.1203,104.4971,92.7236,63.0994,55.0000,57.1327,-33.0333,-27.0806,-27.4107,-44.5106,-29.5362,-41.7268,-72.7007,-82.0000,-78.6507,195.4319,171.0029,183.2174,219.8609,195.4319,207.6464,183.2174,171.0029,158.7884,46.9526,52.2055,51.5072,34.4248,49.7527,38.2829,8.2491,0.0000,2.2931,229.9564,196.8267,208.2466,230.7662,253.2944,277.2988,301.3032,325.6666,292.8944,0.232576,0.324825,0.252057,0.424832,0.408604,0.453096,0.455912,0.532186,0.513495,50.000000,50.000000,50.000000,50.000000,50.000000,49.999765,50.000000,50.000000,50.000000,-8.1985,67.4268,0.8761,25.6195,-22.8395,17.5415,45.4914,12.8239,-3.8875,5.030,7.785,8.440,11.794,11.640,9.891,10.210,14.429,13.098,20.538211
6.300000,0.4950,0.4174,0.4751,0.1698,0.1284,0.1531,0.2073,0.1733,0.1821,16.6176,33.0605,15.2366,65.9116,61.4034,106.0840,41.6770,31.1424,21.2868,99.7285,104.0589,104.7809,87.2507,98.8983,84.7710,62.6579,55.0000,59.5160,-35.9335,-31.1885,-30.2475,-47.7816,-36.3537,-50.5479,-73.5780,-82.0000,-76.7163,199.0493,174.1681,186.6087,223.9304,199.0493,211.4899,186.6087,174.1681,161.7275,45.1991,49.6564,50.4418,32.9054,44.4837,30.5771,7.9426,0.0000,4.8098,191.8586,171.8808,177.6485,192.9525,208.5552,223.6939,238.3203,252.8701,231.6441,0.240841,0.333023,0.259380,0.433623,0.416036,0.462784,0.472029,0.551046,0.529909,50.000000,50.000000,50.000000,50.000000,50.000000,49.999766,50.000000,50.000000,50.000000,-6.7663,60.6923,-1.2242,26.3004,-17.3269,20.9397,34.0633,12.0112,-7.3048,4.163,12.709,7.439,12.043,13.871,10.667,15.959,13.257,13.140,17.162284
6.400000,13.3263,11.2840,12.2734,4.4664,3.2711,4.1101,5.6477,4.4164,4.8933,9.5389,18.9775,8.7462,37.8349,35.2470,60.8948,23.9236,17.8765,12.2191,96.9440,103.9613,103.0193,92.2827,104.9368,93.8537,63.8858,55.0000,58.0164,-38.7303,-31.2984,-32.0229,-42.7634,-30.3322,-41.4844,-72.3662,-82.0000,-78.2287,201.7391,176.5217,189.1304,226.9565,201.7391,214.3478,189.1304,176.5217,163.9130,42.1320,49.1840,48.2557,37.5135,50.1461,39.3751,9.0146,0.0000,3.1576,220.5654,193.3221,200.8535,209.6571,231.9052,251.2957,265.3413,283.2703,258.4166,0.249749,0.341250,0.267133,0.441492,0.422237,0.470736,0.487881,0.569906,0.546646,50.000000,50.000000,50.000000,50.000000,50.000000,49.999767,50.000000,50.000000,50.000000,-10.7506,58.7002,1.2974,16.1096,-18.8589,16.3298,45.7785,13.7671,-4.9726,8.632,13.203,14.194,16.026,5.562,6.840,11.819,9.072,9.605,17.396683
6.500000,20.0219,16.7673,18.7600,6.9411,5.1535,6.0827,8.2421,6.8757,7.4730,9.0811,18.0668,8.3265,36.0191,33.5555,57.9723,22.7754,17.0186,11.6327,94.8242,101.6563,100.7395,90.2486,106.9686,96.8426,63.0854,55.0000,55.4820,-39.9653,-32.3792,-32.9048,-43.4291,-27.1023,-37.6721,-72.7480,-82.0000,-80.3378,206.7478,180.9043,193.8261,232.5913,206.7478,219.6696,193.8261,180.9043,167.9826,40.0080,47.3544,46.7673,36.3863,53.0370,42.9856,8.5517,0.0000,0.0000,272.5343,227.5095,238.6630,251.4753,282.7241,311.4018,332.9827,360.6845,321.4443,0.258941,0.349761,0.275099,0.449483,0.427778,0.477956,0.503816,0.588766,0.563835,50.000000,50.000000,50.000000,50.000000,50.000000,49.999769,50.000000,50.000000,50.000000,-10.8823,59.8614,1.0148,15.6981,-24.8488,15.2012,51.8059,12.9445,-1.0721,10.164,17.539,11.871,0.540,8.079,11.273,8.063,6.180,7.802,20.861119
6.600000,17.2868,14.1479,16.2222,5.7379,4.3742,4.9791,7.1220,5.7464,6.6366,11.9243,23.7231,10.9333,47.2960,44.0611,76.1224,29.9060,22.3467,15.2747,95.4183,101.2736,100.2214,87.5816,104.6991,93.7184,62.1825,55.0000,55.3687,-39.1998,-32.5311,-33.1609,-45.8364,-29.1412,-40.6059,-73.5605,-82.0000,-80.3604,209.0667,182.9333,196.0000,235.2000,209.0667,222.1333,196.0000,182.9333,169.8667,40.7796,47.1953,46.4948,33.9577,50.9749,40.0390,7.7322,0.0000,0.0000,275.5648,229.1245,242.5491,254.6448,284.0987,314.1968,338.6987,368.1598,327.0529,0.267957,0.358312,0.283128,0.457917,0.433736,0.485739,0.519929,0.607626,0.581028,50.000000,50.000000,50.000000,50.000000,50.000000,49.999770,50.000000,50.000000,50.000000,-9.4699,60.9949,1.1913,18.9262,-25.4149,16.5193,48.5699,11.6771,-1.0041,12.948,10.442,13.356,13.911,17.947,11.733,4.710,6.948,12.780,21.277952
6.700000,28.3746,23.3200,26.0222,9.7112,7.2504,8.1307,12.0680,9.8045,10.6542,12.2649,24.4009,11.2457,48.6473,45.3199,78.2971,30.7604,22.9852,15.7111,89.6833,95.3604,95.6819,85.3703,102.5823,91.8977,61.4104,55.0000,54.4125,-44.9098,-38.4139,-37.6668,-48.0158,-31.2311,-42.4036,-74.3117,-82.0000,-81.2985,211.0609,184.6783,197.8696,237.4435,211.0609,224.2522,197.8696,184.6783,171.4870,35.9626,42.1500,42.7497,32.4350,49.4135,38.6074,7.1667,0.0000,0.0000,287.9209,237.8610,246.8602,255.1192,287.7259,318.8217,340.9008,371.1115,327.9923,0.278286,0.368409,0.292247,0.466752,0.440121,0.493866,0.536207,0.626486,0.598422,50.000000,50.000000,50.000000,50.000000,50.000000,49.999772,50.000000,50.000000,50.000000,-9.1802,53.8111,-0.8342,15.4877,-25.4876,16.1613,47.0883,10.6327,-0.0570,5.773,9.345,6.781,5.961,10.059,13.729,8.757,11.592,14.806,20.848764
6.800000,31.2887,24.6805,27.0218,9.7424,7.4350,9.1377,12.1092,10.1667,11.0243,14.0659,27.9839,12.8970,55.7906,51.9746,89.7943,35.2773,26.3603,18.0181,88.3568,93.5273,94.4321,83.6566,100.9734,89.3559,60.9413,55.0000,54.3272,-46.5998,-40.7472,-39.4958,-50.3176,-33.3695,-45.3367,-74.9816,-82.0000,-81.5679,212.5913,186.0174,199.3043,239.1652,212.5913,225.8783,199.3043,186.0174,172.7304,34.6076,40.1855,41.2958,30.4789,47.5646,35.8844,6.6111,0.0000,0.0000,290.9420,240.3874,249.2220,255.7601,288.0133,320.7159,342.5468,373.5097,329.0713,0.289004,0.379120,0.301809,0.476010,0.446943,0.502556,0.552631,0.645346,0.615874,50.000000,50.000000,50.000000,50.000000,50.000000,49.999773,50.000000,50.000000,50.000000,-8.3006,51.8026,-1.6332,16.2071,-25.6753,17.4632,43.8357,9.7854,0.1203,6.588,13.962,13.395,13.173,6.080,8.284,5.642,6.662,7.503,20.762734
6.900000,30.9489,25.7414,26.9831,10.1844,7.3449,9.3530,12.7120,10.2745,11.0560,12.9656,25.7949,11.8881,51.4264,47.9090,82.7702,32.5177,24.2983,16.6087,88.3584,93.5253,94.4707,84.1615,101.6111,90.3626,61.0347,55.0000,54.1748,-46.5642,-40.7029,-39.4043,-49.7596,-32.6843,-44.2971,-74.8696,-82.0000,-81.7024,210.3652,184.0696,197.2174,236.6609,210.3652,223.5130,197.2174,184.0696,170.9217,34.7671,40.3444,41.4908,31.1276,48.3230,36.9747,6.7490,0.0000,0.0000,289.9412,239.3665,248.2007,255.3046,287.8615,320.8652,342.5117,373.5032,329.2154,0.299714,0.389819,0.311349,0.485166,0.453625,0.511046,0.569031,0.664206,0.633355,50.000000,50.000000,50.000000,50.000000,50.000000,49.999774,50.000000,50.000000,50.000000,-8.3027,52.0445,-1.6952,15.5139,-25.8602,16.9365,45.2313,9.9570,0.2638,15.182,5.468,17.314,7.261,7.459,15.787,8.459,8.137,3.927,20.829784
7.000000,42.5642,36.9974,40.8143,14.4994,11.5413,12.4866,17.4938,13.9940,15.3455,14.0659,27.9839,12.8970,55.7906,51.9746,89.7943,35.2773,26.3603,18.0181,87.4214,92.2782,93.0282,84.1340,101.0788,89.6420,61.0024,55.0000,54.3193,-47.5848,-42.0623,-40.9736,-49.9130,-33.3274,-45.1006,-74.9451,-82.0000,-81.6018,221.9130,194.1739,208.0435,249.6522,221.9130,235.7826,208.0435,194.1739,180.3043,33.6678,38.9261,39.8780,30.9427,47.6587,36.1577,6.6660,0.0000,0.0000,289.1705,240.0506,249.6965,258.5136,292.9870,323.1778,339.9380,369.1804,325.7767,0.310658,0.400875,0.321269,0.494350,0.460439,0.519690,0.585448,0.683066,0.650814,50.000000,50.000000,50.000000,50.000000,50.000000,49.999776,50.000000,50.000000,50.000000,-7.8188,50.3935,-1.3953,13.3845,-25.1232,17.1882,44.1552,9.8616,0.1413,5.508,13.292,12.999,13.737,11.188,13.813,6.131,9.690,6.195,20.231616
7.100000,59.6291,49.6270,54.1346,19.4137,14.6305,18.2305,25.1748,19.5160,20.9811,14.3695,28.5878,13.1753,56.9947,53.0963,91.7322,36.0386,26.9292,18.4070,84.1156,89.2090,89.9594,82.4729,99.6708,87.9133,60.0000,55.0000,53.6747,-51.3496,-45.7192,-44.6747,-52.1287,-35.1437,-47.0512,-75.9040,-82.0000,-82.5201,225.0667,196.9333,211.0000,253.2000,225.0667,239.1333,211.0000,196.9333,182.8667,30.7360,36.0146,36.8220,29.2548,46.2472,34.4900,5.8613,0.0000,0.0000,289.8050,239.2140,250.1591,261.0544,296.5656,327.8544,342.2990,372.5119,327.6759,0.322468,0.412893,0.332085,0.503941,0.467624,0.528708,0.602075,0.701926,0.668469,50.000000,50.000000,50.000000,50.000000,50.000000,49.999777,50.000000,50.000000,50.000000,-8.0012,46.1737,-1.3011,11.2539,-25.5876,17.5448,42.8637,8.4787,0.9227,6.797,9.709,4.480,7.098,14.904,12.754,14.045,16.703,10.377,19.936187
7.200000,56.4322,45.7399,51.6129,18.5188,14.6092,15.8539,22.9235,18.0884,19.9872,18.7217,37.2466,17.1659,74.2573,69.1782,119.5162,46.9540,35.0856,23.9821,84.0062,88.1177,89.2893,79.4979,96.6923,84.3211,60.0000,55.0000,53.9143,-51.8387,-47.3613,-46.0511,-55.9534,-39.1067,-51.7616,-77.1570,-82.0000,-82.4765,229.3333,200.6667,215.0000,258.0000,229.3333,243.6667,215.0000,200.6667,186.3333,30.1976,34.3107,35.3730,25.3526,42.2112,29.7273,4.5854,0.0000,0.0000,294.8233,242.6131,254.1020,261.4602,295.7490,326.1887,344.0258,375.5073,329.0738,0.334391,0.425342,0.343234,0.514237,0.475619,0.538629,0.618976,0.720786,0.686115,50.000000,50.000000,50.000000,50.000000,50.000000,49.999778,50.000000,50.000000,50.000000,-6.3510,45.4636,-1.7721,14.8571,-25.4499,18.5897,37.5945,7.2142,0.7811,12.539,8.088,13.543,5.337,5.597,16.177,13.193,15.626,14.134,20.150837
7.300000,76.6324,59.4819,65.8432,26.2586,18.8849,22.4906,32.2882,25.9851,28.3830,19.1813,38.1609,17.5873,76.0802,70.8765,122.4502,48.1067,35.9469,24.5708,78.9811,83.3101,84.5762,75.8832,93.9748,82.7249,60.0000,55.0000,52.3618,-57.7169,-53.3861,-52.2777,-61.3060,-43.7217,-55.3457,-79.1987,-82.0000,-84.4615,227.7565,199.2870,213.5217,256.2261,227.7565,241.9913,213.5217,199.2870,185.0522,26.0454,29.7496,30.3457,20.9387,38.2804,26.5823,2.7512,0.0000,0.0000,298.0933,241.9704,255.2201,263.9757,299.4617,331.0264,350.4257,385.6451,335.8020,0.347666,0.439375,0.355891,0.525517,0.484558,0.549237,0.636324,0.739646,0.704186,50.000000,50.000000,50.000000,50.000000,50.000000,49.999780,50.000000,50.000000,50.000000,-6.1821,39.7046,-1.4852,13.5641,-26.5088,17.1216,35.3689,5.2762,2.5498,6.928,6.942,13.925,10.729,1.830,5.875,15.336,9.061,5.466,20.314201
7.400000,49.6819,42.8409,46.7561,18.5827,13.3179,16.2939,22.0567,17.5995,19.4338,19.9322,39.6548,18.2758,79.0586,73.6511,127.2438,49.9900,37.3541,25.5327,85.7502,89.0726,90.8018,79.6573,97.0559,83.6410,60.0000,55.0000,54.3143,-49.9387,-46.1955,-44.2955,-55.5427,-38.5053,-52.2419,-76.9965,-82.0000,-81.9939,232.7652,203.6696,218.2174,261.8609,232.7652,247.3130,218.2174,203.6696,189.1217,31.6362,35.0442,36.7364,25.4242,42.5399,29.0564,4.6473,0.0000,0.0000,295.6531,243.2525,254.8838,260.5795,294.7056,324.4519,343.2975,374.2840,328.1651,0.359152,0.451518,0.366615,0.535737,0.492430,0.559250,0.653190,0.758506,0.721729,50.000000,50.000000,50.000000,50.000000,50.000000,49.999781,50.000000,50.000000,50.000000,-5.2368,47.5637,-2.6607,16.8519,-25.7758,20.1542,36.5657,7.3254,0.3398,6.213,3.753,6.053,11.170,13.267,10.812,13.259,12.897,7.757,20.534334
7.500000,85.3463,71.0945,72.8090,28.7924,21.5821,27.4735,34.6623,29.0295,31.8689,18.1800,36.1687,16.6692,72.1085,67.1764,116.0577,45.5953,34.0703,23.2881,80.3383,84.7138,86.7427,79.5968,97.0560,84.6735,60.0000,55.0000,53.2043,-55.4620,-50.6908,-48.4852,-55.6949,-38.5284,-51.1359,-76.8003,-82.0000,-83.1653,245.0087,214.3826,229.6957,275.6348,245.0087,260.3217,229.6957,214.3826,199.0696,27.2244,31.5923,33.4962,26.0964,43.1814,30.6221,5.0761,0.0000,0.0000,292.6655,241.5041,255.7484,267.8787,304.5412,329.8047,342.1079,371.7172,326.1265,0.371908,0.464842,0.378354,0.545985,0.500307,0.569051,0.670013,0.777366,0.739522,50.000000,50.000000,50.000000,50.000000,50.000000,49.999782,50.000000,50.000000,50.000000,-6.7573,41.0309,-3.0692,10.8777,-25.8554,18.6122,38.1044,7.6379,1.4805,17.005,14.567,12.654,10.688,7.878,12.054,9.823,10.448,11.426,19.381930
7.600000,84.4302,74.5656,80.6667,29.0810,22.2829,27.3548,37.4254,29.3674,31.9979,16.8715,33.5656,15.4695,66.9188,62.3416,107.7049,42.3138,31.6182,21.6120,81.0122,84.8763,85.8627,80.7067,98.0883,86.2180,60.0000,55.0000,53.2905,-54.7839,-50.5355,-49.3888,-54.6285,-37.5605,-49.6726,-76.8976,-82.0000,-83.0682,245.3797,214.7072,230.0435,276.0522,245.3797,260.7159,230.0435,214.7072,199.3710,27.8335,31.7076,32.5768,27.1655,44.1629,32.0965,4.9817,0.0000,0.0000,290.5312,240.5276,254.7937,269.2047,306.0646,330.9225,340.7680,369.2784,324.4612,0.384509,0.478126,0.390311,0.556037,0.507986,0.578572,0.686857,0.796226,0.757295,50.000000,50.000000,50.000000,50.000000,50.000000,49.999783,50.000000,50.000000,50.000000,-5.9933,41.9197,-1.5011,7.9034,-25.7234,17.8629,40.4403,7.5421,1.3889,11.211,8.401,8.529,10.305,10.260,14.395,10.951,13.024,11.145,19.260512
7.700000,98.8464,80.4065,88.2594,32.4612,24.1249,29.4404,40.6653,30.3880,35.7649,16.3663,32.5604,15.0062,64.9147,60.4746,104.4794,41.0466,30.6713,20.9648,79.1698,84.8824,85.7676,81.8330,99.3303,87.3076,60.0000,55.0000,52.8180,-56.6254,-50.5178,-49.4495,-53.4309,-36.1955,-48.3951,-76.6304,-82.0000,-83.5407,252.5681,220.9971,236.7826,284.1391,252.5681,268.3536,236.7826,220.9971,205.2116,26.4358,32.1379,32.8897,28.6857,45.7863,33.5511,5.3343,0.0000,0.0000,288.4475,241.5276,255.2857,271.4916,309.0476,330.9975,336.9977,363.0622,320.7954,0.397533,0.491405,0.402283,0.565868,0.515386,0.587848,0.703643,0.815086,0.775169,50.000000,50.000000,50.000000,50.000000,50.000000,49.999785,50.000000,50.000000,50.000000,-8.7612,39.8514,-1.3527,6.0600,-25.9166,18.0682,42.0404,7.8520,1.8613,10.900,9.126,5.116,9.557,8.948,5.061,11.119,4.867,10.453,18.709673
7.800000,104.5317,88.0077,94.4853,35.0511,26.3895,30.8121,44.3823,35.1501,38.5955,18.7217,37.2466,17.1659,74.2573,69.1782,119.5162,46.9540,35.0856,23.9821,77.4395,81.6374,83.0385,78.6980,96.4325,84.8724,60.0000,55.0000,52.7566,-58.6696,-54.2371,-52.8127,-57.3609,-40.0508,-51.9512,-77.9185,-82.0000,-83.7554,254.6551,222.8232,238.7391,286.4870,254.6551,270.5710,238.7391,222.8232,206.9072,24.5458,28.5132,29.5696,24.7605,41.9127,29.9727,4.0310,0.0000,0.0000,292.1885,241.6554,257.4656,273.1382,310.7929,333.2516,341.7310,370.4125,324.6716,0.411027,0.505662,0.415069,0.576422,0.523574,0.597805,0.720711,0.833946,0.793089,50.000000,50.000000,50.000000,50.000000,50.000000,49.999786,50.000000,50.000000,50.000000,-6.2989,37.1572,-1.9410,6.8489,-26.0984,17.5407,38.5503,6.5562,1.9994,17.667,16.463,7.469,14.091,8.866,16.077,10.989,10.261,10.137,18.922893
7.900000,98.1746,80.9706,90.2824,31.7331,25.3125,30.1736,40.1797,31.6042,34.7610,17.9131,35.6377,16.4244,71.0498,66.1901,114.3538,44.9259,33.5701,22.9462,80.2169,85.2540,85.9945,81.7764,98.7151,86.1999,60.0000,55.0000,53.9269,-55.4070,-49.9015,-48.9181,-53.1358,-36.4244,-49.0980,-76.2070,-82.0000,-82.3456,259.2000,226.8000,243.0000,291.6000,259.2000,275.4000,243.0000,226.8000,210.6000,26.5406,31.7333,32.5136,28.2103,44.9496,32.4324,5.5500,0.0000,0.0000,289.1176,243.1058,257.3269,273.3389,310.4571,330.3581,335.9386,361.3743,318.6886,0.423770,0.518779,0.426913,0.586199,0.531021,0.607216,0.737404,0.852806,0.810707,50.000000,50.000000,50.000000,50.000000,50.000000,49.999787,50.000000,50.000000,50.000000,-7.8677,39.8845,-1.2521,6.3697,-25.1948,18.6944,40.2543,8.1715,0.7093,6.135,6.963,6.655,13.540,13.298,8.290,10.954,8.359,4.558,18.457699
8.000000,111.4936,97.7688,107.8500,38.8175,28.7449,33.1981,46.5737,37.5398,42.3805,19.8373,39.4660,18.1888,78.6821,73.3004,126.6379,49.7519,37.1762,25.4111,77.5531,80.9889,81.9950,79.0812,96.8271,84.6456,60.0000,55.0000,52.9006,-58.5474,-54.8468,-53.7640,-56.8054,-39.3788,-51.7750,-77.3632,-82.0000,-83.6145,267.1304,233.7391,250.4348,300.5217,267.1304,283.8261,250.4348,233.7391,217.0435,24.5919,27.8847,28.6430,25.3671,42.6451,30.2003,4.6150,0.0000,0.0000,290.9512,242.4776,259.2219,276.8031,314.9917,333.0730,338.0470,363.9769,320.0343,0.437236,0.533195,0.439929,0.596651,0.539071,0.617139,0.754350,0.871666,0.828596,50.000000,50.000000,50.000000,50.000000,50.000000,49.999789,50.000000,50.000000,50.000000,-5.2146,37.1557,-1.4236,4.6156,-26.2253,18.3536,38.0672,7.1259,1.8569,9.781,10.167,11.287,11.416,12.785,4.828,7.919,6.729,7.922,18.524934
8.100000,120.6860,103.7682,111.0896,41.5150,30.4742,37.6659,51.2230,41.3198,45.0013,28.5458,56.7914,26.1736,113.2233,105.4790,182.2314,71.5928,53.4965,36.5665,74.2598,74.9532,77.4853,70.4727,89.0089,75.7625,60.0000,55.0000,52.4419,-64.0913,-64.0610,-62.2219,-69.9473,-52.1467,-65.8540,-82.6930,-82.0000,-85.2522,266.2493,232.9681,249.6087,299.5304,266.2493,282.8899,249.6087,232.9681,216.3275,20.9547,20.7413,22.2720,14.1773,31.5496,17.3601,0.0000,0.0000,0.0000,297.1765,240.7749,262.3687,274.3741,311.8843,332.7794,350.5142,384.8481,332.4300,0.451977,0.550034,0.454993,0.609522,0.549732,0.629761,0.772463,0.890526,0.846836,50.000000,50.000000,50.000000,50.000000,50.000000,49.999790,50.000000,50.000000,50.000000,-0.2552,31.9668,-2.9509,11.4163,-26.8546,20.4148,25.1375,2.1535,2.9051,5.788,7.536,11.851,6.933,7.428,12.345,6.398,7.780,15.777,19.886387
8.200000,132.7676,112.4497,123.3683,44.8645,33.4606,40.4963,55.8015,44.4590,48.4517,30.5223,60.7237,27.9858,121.0629,112.7824,194.8492,76.5499,57.2006,39.0984,68.3461,66.7178,69.6823,63.8790,82.8374,69.3058,60.0000,55.0000,50.0000,-38.2755,-42.8474,-42.4922,-50.5203,-33.4068,-48.1500,-58.9694,-41.1907,-53.3523,273.0203,238.8928,255.9565,307.1478,273.0203,290.0841,255.9565,238.8928,221.8290,16.9661,13.9607,15.5242,8.2917,25.7931,11.0933,0.0000,0.0000,0.0000,305.1488,227.8882,250.1149,263.5054,301.5537,322.1778,377.4256,426.5762,362.3687,0.460780,0.561297,0.465281,0.618817,0.556562,0.638990,0.785381,0.900000,0.858251,50.000000,50.000000,50.000000,50.000000,50.000000,49.999791,50.000000,50.000000,50.000000,4.6027,25.1945,-2.4416,10.5319,-26.7866,21.3315,15.7651,-6.3894,8.5808,7.987,18.375,10.196,13.078,13.805,8.834,6.087,14.657,10.028,22.666747
8.300000,129.0878,106.9091,119.8791,42.6457,32.3795,39.1692,54.7870,41.2220,46.4368,26.7721,53.2626,24.5472,106.1880,98.9249,170.9082,67.1443,50.1724,34.2944,66.1328,63.0294,65.0263,61.0442,79.6814,68.3435,60.0000,55.0000,50.0000,-6.5882,-12.0101,-12.3657,-18.7154,-2.4665,-15.9382,-27.0122,0.0000,-20.3644,275.4319,241.0029,258.2174,309.8609,275.4319,292.6464,258.2174,241.0029,223.7884,14.5611,9.9148,10.4277,5.0183,22.2813,9.9388,0.0000,0.0000,0.0000,312.8493,219.8971,241.1730,256.5570,294.6313,319.9151,396.7017,455.3915,386.5785,0.462296,0.564454,0.468275,0.622261,0.557067,0.642045,0.791298,0.900000,0.862608,50.000000,50.000000,50.000000,50.000000,50.000000,49.999792,50.000000,50.000000,50.000000,6.5858,22.2350,-1.0771,7.8706,-26.0745,18.4212,14.8331,-11.0061,12.6822,10.553,9.311,8.736,8.930,6.616,12.246,11.961,3.269,6.523,24.922884
8.400000,133.6671,110.5434,121.1849,44.0510,33.1432,39.7649,57.1902,43.5039,48.6641,31.0303,61.7343,28.4516,123.0778,114.6595,198.0921,77.8240,58.1526,39.7491,65.6752,61.5568,64.8157,58.8779,77.8291,64.4677,60.0000,55.0000,50.0000,-7.3106,-14.0882,-13.6376,-22.5849,-6.8445,-23.2814,-31.6230,0.0000,-20.4987,279.9304,244.9391,262.4348,314.9217,279.9304,297.4261,262.4348,244.9391,227.4435,14.0586,8.3829,10.1373,2.7715,20.3658,6.0169,0.0000,0.0000,0.0000,313.4828,216.8099,239.1848,252.4732,290.7774,312.0578,400.9564,461.7174,390.4710,0.463977,0.568157,0.471576,0.626417,0.558466,0.646507,0.798224,0.900000,0.866994,50.000000,50.000000,50.000000,50.000000,50.000000,49.999793,50.000000,50.000000,50.000000,8.2859,21.4610,-2.7320,11.1254,-26.1429,21.9196,9.5671,-13.3115,12.7493,11.746,13.274,8.505,3.367,6.318,14.345,3.450,11.499,8.257,25.993496
8.500000,142.6339,114.1054,128.5264,44.7515,34.5574,41.8999,57.4582,47.7814,50.4338,27.2377,54.1889,24.9741,108.0347,100.6453,173.8805,68.3120,51.0450,34.8908,64.9923,62.8004,64.7898,61.9804,80.4288,68.7394,60.0000,55.0000,50.0000,-6.4685,-11.0212,-11.3333,-16.3421,0.0153,-13.2945,-24.1230,0.0000,-18.9898,284.7072,249.1188,266.9130,320.2957,284.7072,302.5014,266.9130,249.1188,231.3246,13.4277,9.6972,10.2017,5.9606,23.0362,10.3326,0.0000,0.0000,0.0000,310.7748,219.3482,240.9407,257.8172,296.0243,320.6374,394.7342,454.7075,385.0103,0.465465,0.571054,0.474320,0.629424,0.558462,0.649055,0.803509,0.900000,0.871057,50.000000,50.000000,50.000000,50.000000,50.000000,49.999795,50.000000,50.000000,50.000000,5.2375,20.4706,-1.0909,6.0297,-25.9407,18.6983,15.1033,-9.5615,11.9949,8.730,13.167,4.852,7.336,13.408,11.035,4.896,15.914,14.729,24.487169
8.600000,147.8852,122.8275,139.4464,49.0490,36.3127,44.4967,61.0258,50.0427,56.0513,19.0888,37.9769,17.5025,75.7133,70.5346,121.8596,47.8747,35.7735,24.4523,66.0396,65.5531,65.8126,68.3288,86.4503,78.4570,60.0000,55.0000,50.0000,-6.7617,-9.2575,-10.2859,-8.2036,10.3273,3.7545,-13.2355,0.0000,-20.1324,290.8754,254.5159,272.6957,327.2348,290.8754,309.0551,272.6957,254.5159,236.3362,14.4608,12.4312,11.1991,12.2864,29.0427,20.0395,0.0000,0.0000,0.0000,307.8097,224.9847,246.0855,269.3948,308.2077,340.1435,382.9693,436.3003,374.0350,0.467020,0.573488,0.476811,0.630933,0.555968,0.648205,0.806408,0.900000,0.875364,50.000000,50.000000,50.000000,50.000000,50.000000,49.999796,50.000000,50.000000,50.000000,2.5059,21.9355,1.0006,-2.8429,-26.7044,11.6325,27.8954,-4.1178,12.5662,3.343,8.721,5.795,11.586,5.492,6.431,15.500,5.902,11.160,22.645428
8.700000,142.8367,125.7355,142.3145,51.1278,36.8215,45.4879,63.1779,49.0887,55.6284,17.6488,35.1119,16.1821,70.0016,65.2136,112.6667,44.2631,33.0748,22.6077,67.1045,65.8060,65.8861,69.3490,87.6567,80.3074,60.0000,55.0000,50.0000,-5.4761,-8.7284,-9.8626,-6.7462,12.0764,6.2746,-12.4289,0.0000,-19.9618,292.3130,255.7739,274.0435,328.8522,292.3130,310.5826,274.0435,255.7739,237.5043,15.4747,12.5932,11.1600,13.1941,30.1581,21.8370,0.0000,0.0000,0.0000,307.2373,225.2556,246.4591,271.0332,310.3868,343.7065,380.9685,431.3896,370.7699,0.468280,0.575782,0.479198,0.632174,0.553051,0.646784,0.809130,0.900000,0.879635,50.000000,50.000000,50.000000,50.000000,50.000000,49.999797,50.000000,50.000000,50.000000,3.7161,23.5324,1.2437,-4.3068,-27.0471,10.5848,30.5753,-3.7145,12.4809,15.404,10.084,2.894,11.990,8.076,11.495,16.147,7.208,11.199,22.504280
8.800000,152.3117,121.5569,134.1916,48.1431,36.6998,43.3984,61.1890,48.9387,55.0583,14.2932,28.4360,13.1054,56.6921,52.8144,91.2451,35.8473,26.7862,18.3092,66.7275,69.0909,69.2114,73.6610,90.9053,85.6042,60.0000,55.0000,50.0000,-2.1829,-0.8726,-0.9987,4.0811,22.8543,20.1410,-2.7773,0.0000,-17.1795,302.7014,264.8638,283.7826,340.5391,302.7014,321.6203,283.7826,264.8638,245.9449,15.2663,16.1873,14.8716,17.8920,33.7150,27.3004,0.0000,0.0000,0.0000,302.3390,230.4652,251.4372,277.1260,315.7127,353.6305,370.4763,415.8612,360.2431,0.468782,0.576011,0.479440,0.631287,0.547530,0.642223,0.809739,0.900000,0.883311,50.000000,50.000000,50.000000,50.000000,50.000000,49.999798,50.000000,50.000000,50.000000,-2.2973,23.4952,0.6607,-6.2749,-25.9203,7.0641,38.0618,1.1114,11.0897,10.256,7.977,7.786,14.850,6.405,4.637,9.987,7.735,14.450,21.184152
8.900000,160.6310,129.8190,149.8604,52.2213,38.5642,45.8805,67.5553,51.1651,57.5373,16.6176,33.0605,15.2366,65.9116,61.4034,106.0840,41.6770,31.1424,21.2868,64.9126,66.2523,65.6547,70.9389,88.9984,82.5450,60.0000,55.0000,50.0000,-6.7357,-7.1658,-8.8143,-3.7443,14.9340,10.1006,-10.7776,0.0000,-19.2302,298.5275,261.2116,279.8696,335.8435,298.5275,317.1855,279.8696,261.2116,242.5536,13.3025,13.0759,10.9751,14.8305,31.5370,24.0909,0.0000,0.0000,0.0000,303.4155,226.1697,246.9886,273.6821,313.0905,348.1855,378.5851,426.0958,367.0402,0.470331,0.577895,0.481574,0.631976,0.543923,0.639936,0.812099,0.900000,0.887425,50.000000,50.000000,50.000000,50.000000,50.000000,49.999799,50.000000,50.000000,50.000000,-0.3415,20.3548,2.1735,-7.1048,-26.7222,9.2170,33.9065,-2.8888,12.1151,7.224,10.081,10.092,14.844,6.679,11.851,13.568,9.846,8.185,21.914041
9.000000,159.6905,131.0127,145.9154,52.8030,37.8926,46.9505,66.0258,53.8589,58.1028,19.7427,39.2778,18.1020,78.3068,72.9508,126.0339,49.5146,36.9989,25.2899,65.3687,65.5837,66.4525,69.6025,87.9209,79.6084,60.0000,55.0000,50.0000,-5.1854,-6.9528,-7.3479,-4.6242,14.0985,7.1894,-10.9589,0.0000,-17.9193,304.7884,266.6899,285.7391,342.8870,304.7884,323.8377,285.7391,266.6899,247.6406,13.8735,12.6150,12.0320,13.7531,30.6668,21.2670,0.0000,0.0000,0.0000,304.1088,225.1535,247.3575,271.7817,311.2588,342.4913,378.8424,429.1680,367.8329,0.471524,0.579722,0.483353,0.632827,0.540518,0.638308,0.814500,0.900000,0.891259,50.000000,50.000000,50.000000,50.000000,50.000000,49.999801,50.000000,50.000000,50.000000,1.4054,20.9880,0.0547,-3.7974,-26.9774,12.1621,29.6605,-2.9794,11.4597,17.414,13.411,6.506,16.211,11.742,10.543,15.088,9.509,10.143,21.959233
9.100000,168.6427,135.9312,151.8577,55.7582,42.1284,49.0336,70.4784,55.9595,61.8427,29.0317,57.7581,26.6191,115.1504,107.2743,185.3332,72.8114,54.4071,37.1889,63.8944,62.1273,64.6128,63.7759,82.4705,70.0629,60.0000,55.0000,50.0000,-9.5139,-14.2243,-14.2831,-17.1713,-0.0480,-13.2999,-24.4056,0.0000,-20.0617,307.2928,268.8812,288.0870,345.7043,307.2928,326.4986,288.0870,268.8812,249.6754,12.3561,9.0766,10.0879,7.8232,25.1365,11.6793,0.0000,0.0000,0.0000,306.6136,218.2123,241.3016,261.0713,300.3310,323.3940,390.7973,446.4854,379.2946,0.473712,0.583461,0.486811,0.635987,0.540527,0.640857,0.819846,0.900000,0.895552,50.000000,50.000000,50.000000,50.000000,50.000000,49.999802,50.000000,50.000000,50.000000,4.8785,18.3991,-1.7190,2.9949,-26.5656,19.4106,16.5717,-9.7028,12.5308,11.032,6.682,13.441,5.075,6.972,10.253,6.575,8.477,7.624,23.739252
9.200000,161.2422,140.3256,147.6932,56.0845,40.0759,49.6394,65.0161,53.0776,59.2493,30.7756,61.2276,28.2181,122.0676,113.7183,196.4662,77.1852,57.6753,39.4229,65.6775,61.9725,66.3737,64.2155,83.1270,69.2643,60.0000,55.0000,50.0000,-5.9794,-12.3836,-10.5741,-14.4804,3.3182,-10.8520,-20.5670,0.0000,-18.2992,317.5884,277.8899,297.7391,357.2870,317.5884,337.4377,297.7391,277.8899,258.0406,14.1152,8.8825,11.7915,8.2061,25.7470,10.8544,0.0000,0.0000,0.0000,304.8296,217.8652,243.1955,261.8959,301.6020,321.7717,383.8951,437.8630,372.3324,0.475087,0.586717,0.489371,0.638651,0.539726,0.642937,0.824351,0.900000,0.899467,50.000000,50.000000,50.000000,50.000000,50.000000,49.999803,50.000000,50.000000,50.000000,7.6710,21.0563,-4.5599,4.8249,-27.1255,21.3159,15.0637,-7.7835,11.6496,11.758,5.609,13.210,5.203,11.118,10.733,9.361,11.845,12.046,23.334086
9.300000,166.1469,139.3159,157.0466,54.8004,41.7130,49.1077,69.4395,54.5672,58.5975,29.7708,59.2285,27.2967,118.0820,110.0054,190.0515,74.6651,55.7922,38.1357,63.5466,60.0021,62.8643,63.4064,82.3070,69.9267,60.0000,55.0000,50.0000,5.6369,-3.0619,-4.8392,-8.4471,6.8709,-8.3377,-21.3285,0.0000,-2.4925,316.0580,276.5507,296.3043,355.5652,316.0580,335.8116,296.3043,276.5507,256.7971,12.0441,7.0040,8.4105,7.5281,25.0370,11.5809,0.0000,0.0000,0.0000,309.3209,214.0622,238.2439,260.0437,300.1248,323.1905,386.4718,438.8087,387.4436,0.473555,0.587521,0.490543,0.640205,0.538066,0.644535,0.829023,0.900000,0.900000,50.000000,50.000000,50.000000,50.000000,50.000000,49.999804,50.000000,50.000000,50.000000,8.6417,16.8600,-1.2457,1.9741,-25.8637,20.3765,17.3952,-8.1642,3.7463,12.648,12.183,7.687,8.329,6.323,8.123,9.367,15.424,6.890,22.526610
9.400000,165.6678,138.3710,152.1509,54.8534,40.2102,51.2246,69.0337,53.9535,60.9007,34.1971,68.0345,31.3552,135.6382,126.3608,218.3079,85.7661,64.0872,43.8056,63.8549,59.0091,63.4143,61.1628,80.5732,65.4602,60.0000,55.0000,50.0000,8.6462,-1.3205,-1.9574,-9.1619,5.3822,-14.2304,-24.7004,0.0000,0.0000,322.0406,281.7855,301.9130,362.2957,322.0406,342.1681,301.9130,281.7855,261.6580,12.2815,5.8845,8.8016,5.1201,23.1588,7.0318,0.0000,0.0000,0.0000,311.7713,211.8069,237.1470,255.8927,296.3555,314.0837,388.1864,441.2552,393.0484,0.471206,0.587868,0.491017,0.641891,0.536766,0.647262,0.834434,0.900000,0.900000,50.000000,50.000000,50.000000,50.000000,50.000000,49.999805,50.000000,50.000000,50.000000,10.6047,17.3913,-3.3427,6.5688,-25.9966,25.2812,11.6261,-9.8502,2.5000,12.443,9.425,11.367,8.751,7.962,15.501,7.197,8.757,4.393,23.434402
9.500000,160.3032,132.8352,149.9391,56.2340,42.7414,48.8002,68.8610,57.4376,61.3191,23.9818,47.7114,21.9888,95.1208,88.6147,153.0957,60.1463,44.9433,30.7201,65.1462,63.0756,64.9727,66.8749,85.3507,75.9840,60.0000,55.0000,50.0000,9.4660,2.2588,-0.1548,-1.5602,14.6455,4.1838,-12.8335,0.0000,0.0000,315.4551,276.0232,295.7391,354.8870,315.4551,335.1710,295.7391,276.0232,256.3072,13.6161,10.0347,10.4571,10.9295,28.0220,17.5981,0.0000,0.0000,0.0000,311.5747,220.1074,243.3846,266.5226,306.0809,335.2207,380.4346,431.3577,385.7320,0.468633,0.587167,0.491054,0.642178,0.533229,0.646315,0.837245,0.900000,0.900000,50.000000,50.000000,50.000000,50.000000,50.000000,49.999806,50.000000,50.000000,50.000000,6.4295,19.1141,0.0471,-0.4847,-25.8870,14.9818,25.4440,-3.9168,2.5000,13.329,9.739,5.986,5.155,19.289,5.274,13.255,10.951,10.354,21.747795
9.600000,171.1478,144.8058,160.7342,57.7628,44.0065,50.6240,71.4485,56.9808,63.4103,27.5904,54.8906,25.2975,109.4337,101.9486,176.1322,69.1966,51.7060,35.3426,64.0136,60.8848,63.8463,65.9116,84.5898,73.4219,60.0000,55.0000,50.0000,8.2489,-0.2628,-1.9604,-3.7505,12.0620,-0.8802,-16.0836,0.0000,0.0000,324.4522,283.8957,304.1739,365.0087,324.4522,344.7304,304.1739,283.8957,263.6174,12.4933,7.8542,9.3471,9.9832,27.2753,15.0445,0.0000,0.0000,0.0000,309.0335,215.7231,240.5173,264.3075,304.5699,330.1012,380.3876,429.7911,385.1355,0.466392,0.587236,0.491529,0.642868,0.530315,0.646484,0.840768,0.900000,0.900000,50.000000,50.000000,50.000000,50.000000,50.000000,49.999808,50.000000,50.000000,50.000000,8.1398,17.3779,-1.3785,-0.4556,-25.8915,18.0271,21.9783,-5.5418,2.5000,9.429,12.479,10.288,8.866,12.935,11.336,13.996,3.853,7.032,21.652173
9.700000,166.5247,145.2864,157.9028,57.8538,42.4454,53.2298,74.3446,58.8354,61.5738,32.9855,65.6240,30.2443,130.8326,121.8838,210.5734,82.7274,61.8166,42.2536,64.6426,59.4743,64.0099,63.0835,82.3808,67.8984,60.0000,55.0000,50.0000,8.8797,-1.8269,-2.3956,-8.0132,7.0825,-10.9252,-22.6122,0.0000,0.0000,329.1362,287.9942,308.5652,370.2783,329.1362,349.7072,308.5652,287.9942,267.4232,13.1391,6.4744,9.5539,7.2047,25.1107,9.5467,0.0000,0.0000,0.0000,309.6058,212.9619,238.9957,259.5301,300.2330,319.0991,385.8946,437.6578,386.4042,0.463979,0.587716,0.492109,0.644343,0.528604,0.648578,0.845721,0.900000,0.900000,50.000000,50.000000,50.000000,50.000000,50.000000,49.999809,50.000000,50.000000,50.000000,11.2698,18.3307,-3.5232,4.4466,-26.1495,23.8845,14.7086,-8.8061,2.5000,8.251,5.990,12.907,9.793,15.597,8.025,6.025,12.141,13.070,22.942038
9.800000,175.2367,142.2059,155.1298,57.6801,43.0192,52.3710,74.0055,58.8411,64.8352,27.0042,53.7244,24.7601,107.1087,99.7826,172.3901,67.7265,50.6074,34.5918,64.0278,62.3703,65.7543,67.2714,85.9424,74.5283,60.0000,55.0000,50.0000,8.0048,0.8236,-0.4176,-2.5325,13.5519,0.7458,-15.0773,0.0000,0.0000,328.3014,287.2638,307.7826,369.3391,328.3014,348.8203,307.7826,287.2638,266.7449,12.5128,9.3588,11.2776,11.3664,28.6450,16.1528,0.0000,0.0000,0.0000,308.6192,218.7806,243.9982,267.1877,307.3602,332.3489,378.8721,427.1848,382.6820,0.461804,0.587460,0.492210,0.644809,0.525331,0.648409,0.849024,0.900000,0.900000,50.000000,50.000000,50.000000,50.000000,50.000000,49.999810,50.000000,50.000000,50.000000,5.9963,17.2727,-2.0308,0.2546,-26.0171,18.2145,23.3938,-5.0387,2.5000,13.368,15.064,15.578,11.103,9.961,8.501,11.835,10.640,13.576,21.422119
9.900000,172.8788,145.1936,156.9825,57.4347,45.3338,52.5243,71.6475,57.8507,63.2102,34.8828,69.3987,31.9839,138.3581,128.8947,222.6856,87.4860,65.3724,44.6841,64.0326,59.4626,64.4229,62.5127,81.1829,66.4796,60.0000,55.0000,50.0000,8.6068,-1.1797,-1.1059,-7.5866,6.8620,-11.4840,-21.9289,0.0000,0.0000,333.9594,292.2145,313.0870,375.7043,333.9594,354.8319,313.0870,292.2145,271.3420,12.5124,6.4313,9.9292,6.5960,23.8823,8.1078,0.0000,0.0000,0.0000,309.0440,212.9080,238.9424,258.0936,297.8038,316.2368,384.1177,436.0086,386.5522,0.459465,0.587771,0.492478,0.646205,0.523673,0.650610,0.853827,0.900000,0.900000,50.000000,50.000000,50.000000,50.000000,50.000000,49.999811,50.000000,50.000000,50.000000,10.2188,17.5759,-4.2660,5.8620,-25.2025,24.2710,12.6570,-8.4644,2.5000,5.529,5.271,11.459,10.178,7.881,8.623,11.497,17.374,10.033,22.682167
10.000000,171.8996,142.8900,153.6093,56.0566,44.2369,51.6205,70.5353,57.0641,61.5603,37.2828,74.1736,34.1845,147.8775,137.7629,238.0070,93.5052,69.8702,47.7584,63.3378,58.1440,63.6405,60.0991,79.0392,63.2155,60.0000,55.0000,50.0000,8.4901,-1.5719,-1.0764,-9.7230,4.0096,-16.8795,-25.7599,0.0000,0.0000,329.9710,288.7246,309.3478,371.2174,329.9710,350.5942,309.3478,288.7246,268.1014,11.7551,5.0042,9.0145,4.0448,21.6150,4.7694,0.0000,0.0000,0.0000,309.9002,210.0847,236.2645,253.4991,293.3074,309.5812,388.9328,443.2096,391.2173,0.457158,0.588184,0.492738,0.647994,0.522705,0.653845,0.859470,0.900000,0.900000,50.000000,50.000000,50.000000,50.000000,50.000000,49.999812,50.000000,50.000000,50.000000,11.0034,16.7915,-5.0011,8.5788,-25.1215,26.6391,8.5727,-10.3799,2.5000,11.557,5.649,14.573,8.137,2.058,7.561,4.901,15.077,14.342,23.664764
10.100000,177.2567,147.6161,157.3037,58.2876,43.5809,53.3097,71.2484,57.3487,62.7494,35.4380,70.5032,32.4929,140.5601,130.9460,226.2296,88.8783,66.4128,45.3952,63.7305,59.6120,65.0983,62.9814,82.0093,66.5092,60.0000,55.0000,50.0000,8.2662,-1.0643,-0.3916,-6.9296,8.0985,-10.7621,-20.8994,0.0000,0.0000,338.8290,296.4754,317.6522,381.1826,338.8290,360.0058,317.6522,296.4754,275.2986,12.2173,6.5941,10.6228,7.0851,24.7247,8.1437,0.0000,0.0000,0.0000,306.9732,213.2143,240.0196,259.1928,299.4696,316.2971,381.5751,432.2861,382.8460,0.454912,0.588464,0.492833,0.649269,0.520749,0.655908,0.864048,0.900000,0.900000,50.000000,50.000000,50.000000,50.000000,50.000000,49.999813,50.000000,50.000000,50.000000,9.5361,17.1070,-5.0939,6.0963,-25.8478,25.3316,12.5344,-7.9497,2.5000,9.087,8.145,12.540,9.799,2.744,10.063,14.785,9.915,14.684,22.479912
10.200000,172.6094,148.2654,156.6053,58.4374,44.5727,52.0087,73.6231,58.8422,63.4953,39.7905,79.1625,36.4838,157.8238,147.0289,254.0155,99.7944,74.5697,50.9707,64.6780,58.5780,65.1077,60.8431,79.9472,62.8843,60.0000,55.0000,50.0000,9.5372,-1.6419,-0.1951,-9.5194,4.5356,-17.3136,-25.5059,0.0000,0.0000,343.7449,300.7768,322.2609,386.7130,343.7449,365.2290,322.2609,300.7768,279.2928,13.1050,5.4573,10.5002,4.8082,22.5396,4.4444,0.0000,0.0000,0.0000,308.4462,210.9556,238.3487,255.0154,295.1209,308.9129,385.6508,437.6350,385.1732,0.452320,0.588895,0.492880,0.651020,0.519653,0.659226,0.869635,0.900000,0.900000,50.000000,50.000000,50.000000,50.000000,50.000000,49.999814,50.000000,50.000000,50.000000,12.4635,18.6601,-6.5097,9.6404,-25.4452,28.3652,7.8989,-10.2530,2.5000,8.728,7.900,9.104,15.164,13.452,17.235,9.296,11.856,14.486,23.672174
10.300000,174.1515,143.1218,161.3969,59.5325,42.6451,54.2225,73.3247,58.8192,65.5278,53.4734,106.3845,49.0296,212.0954,197.5885,341.3649,134.1112,100.2123,68.4982,64.0119,55.8413,64.4498,55.0000,72.5111,45.0000,60.0000,55.0000,50.0000,-0.7287,-23.6637,-29.9681,-54.4337,-46.8229,-84.5524,-54.9448,0.0000,0.0000,335.3507,293.4319,314.3913,377.2696,335.3507,356.3101,314.3913,293.4319,272.4725,13.0344,3.9094,11.6019,1.2709,23.1344,0.0000,0.0000,0.0000,0.0000,320.7749,207.8386,238.5767,251.3168,296.2946,300.0000,398.0998,470.5996,411.5536,0.452487,0.595115,0.500136,0.661036,0.529226,0.675432,0.881670,0.900000,0.900000,50.000000,50.000000,50.000000,50.000000,50.000000,49.999815,50.000000,50.000000,50.000000,20.1153,13.1588,-4.9984,22.1232,-23.4927,44.0499,-22.1662,-24.9724,2.5000,15.746,12.029,2.400,13.398,5.836,15.610,5.191,14.535,4.008,30.076872
10.400000,179.2421,147.6906,158.8165,58.4941,44.9262,54.7885,74.2271,60.1428,65.0854,50.7672,101.0005,46.5483,201.3615,187.5887,324.0889,127.3240,95.1406,65.0316,62.8296,55.0064,63.8158,55.0000,71.2935,45.0000,60.0000,55.0000,50.0000,1.0844,-18.5467,-21.6685,-42.5194,-33.1511,-66.7075,-48.2064,0.0000,0.0000,336.4174,294.3652,315.3913,378.4696,336.4174,357.4435,315.3913,294.3652,273.3391,11.8816,3.1271,11.0279,1.3157,21.9470,0.0000,0.0000,0.0000,0.0000,316.7372,206.0873,236.8949,250.1499,293.8130,300.0000,397.9534,465.9182,406.7779,0.452193,0.599990,0.505382,0.668860,0.536003,0.688218,0.892230,0.900000,0.900000,50.000000,50.000000,50.000000,50.000000,50.000000,49.999817,50.000000,50.000000,50.000000,18.1044,12.8978,-6.7941,19.6894,-23.1466,40.7617,-16.6138,-21.6032,2.5000,8.766,12.363,10.108,13.867,13.337,4.623,15.568,11.289,14.754,28.664574
10.500000,173.4558,150.9358,162.4247,59.7842,46.4321,53.8650,73.6258,59.6917,64.8809,49.5362,98.5514,45.4196,196.4788,183.0400,316.2302,124.2366,92.8336,63.4547,64.1614,55.0651,63.1108,55.0000,70.5636,45.0000,60.0000,55.0000,50.0000,5.4137,-12.5080,-13.4076,-30.5702,-19.0773,-49.0541,-35.4729,0.0000,0.0000,344.7652,301.6696,323.2174,387.8609,344.7652,366.3130,323.2174,301.6696,280.1217,13.2459,3.2472,10.4276,1.4641,21.2879,0.0000,0.0000,0.0000,0.0000,313.9013,206.3780,236.2031,249.9422,292.5189,300.0000,399.1721,455.8558,398.2138,0.450722,0.603278,0.508628,0.674484,0.539904,0.697620,0.900000,0.900000,0.900000,50.000000,50.000000,50.000000,50.000000,50.000000,49.999818,50.000000,50.000000,50.000000,18.5084,16.4105,-7.1632,17.1184,-23.4401,38.2782,-14.1546,-15.2365,2.5000,7.534,4.966,7.826,7.343,12.252,13.583,13.319,9.372,11.921,27.283353
10.600000,179.8928,154.3883,176.0043,62.0538,46.5832,54.6870,76.6002,58.9857,69.7098,44.8111,89.1509,41.0871,177.7373,165.5804,286.0660,112.3861,83.9785,57.4019,63.2178,54.8488,59.5774,55.0000,69.5423,45.0000,60.0000,55.0000,50.0000,9.6531,-2.2688,-1.0731,-9.1703,6.1469,-17.8871,0.0000,0.0000,0.0000,346.4812,303.1710,324.8261,389.7913,346.4812,368.1362,324.8261,303.1710,281.5159,11.9696,2.3518,5.8299,0.0000,19.5432,0.0000,0.0000,0.0000,0.0000,310.9452,204.7001,229.9215,245.8295,289.0852,300.0000,424.1602,444.7932,395.5958,0.448099,0.603875,0.508888,0.676172,0.538419,0.701048,0.900000,0.900000,0.900000,50.000000,50.000000,50.000000,50.000000,50.000000,49.999819,50.000000,50.000000,50.000000,14.9544,17.4203,-4.7012,9.2523,-24.7014,33.9246,-16.3084,2.5000,2.5000,7.572,9.157,11.839,11.830,8.082,3.538,2.666,8.664,4.027,26.987442
10.700000,176.6858,152.9962,164.2741,58.6682,45.3055,54.2796,74.9961,61.2016,66.7035,39.7905,79.1625,36.4838,157.8238,147.0289,254.0155,99.7944,74.5697,50.9707,62.5153,54.5018,59.2950,55.0000,73.4836,55.3904,60.0000,55.0000,50.0000,10.8697,1.2888,4.8286,-0.5963,16.3729,-2.8643,0.0000,0.0000,0.0000,339.8493,297.3681,318.6087,382.3304,339.8493,361.0899,318.6087,297.3681,276.1275,11.8989,3.2426,7.3575,2.2810,19.2773,0.0000,0.0000,0.0000,0.0000,309.1298,206.1762,232.3621,249.3603,288.3810,300.0000,416.1818,443.4031,391.5467,0.445145,0.603474,0.507506,0.676282,0.534464,0.701597,0.900000,0.900000,0.900000,50.000000,50.000000,50.000000,50.000000,50.000000,49.999820,50.000000,50.000000,50.000000,13.1254,17.6419,-6.2240,7.3983,-26.2246,28.1695,-3.6026,2.5000,2.5000,7.053,14.263,3.438,12.025,6.259,12.282,12.578,10.191,4.766,25.009431
10.800000,173.1489,150.8928,167.2945,60.2334,44.7509,52.4501,74.5713,60.2366,66.6424,46.2955,92.1041,42.4482,183.6251,171.0654,295.5423,116.1090,86.7604,59.3035,63.8836,54.9785,61.2137,55.0000,69.9712,45.0000,60.0000,55.0000,50.0000,8.0312,-6.7164,-6.2955,-18.3073,-4.3176,-30.5436,0.0000,0.0000,0.0000,341.3797,298.7072,320.0435,384.0522,341.3797,362.7159,320.0435,298.7072,277.3710,12.6368,2.4859,7.4672,0.0000,19.9707,0.0000,0.0000,0.0000,0.0000,313.1688,204.9623,231.9583,246.4990,289.9391,300.0000,430.6368,453.2898,398.5749,0.442962,0.605240,0.509031,0.679650,0.535347,0.707451,0.900000,0.900000,0.900000,50.000000,50.000000,50.000000,50.000000,50.000000,49.999821,50.000000,50.000000,50.000000,16.9018,17.2758,-5.8187,12.8464,-24.4658,35.4504,-22.6382,2.5000,2.5000,8.636,7.422,10.302,16.128,7.056,10.267,10.248,13.817,7.036,28.512827
10.900000,182.3684,144.2891,158.7964,56.7626,44.0213,52.1934,75.4589,58.3558,63.0962,41.3168,82.1991,37.8832,163.8778,152.6688,263.7593,103.6225,77.4301,52.9259,61.5873,56.1292,60.6304,55.0000,72.5242,53.1436,60.0000,55.0000,50.0000,10.4613,3.7499,6.8320,-0.3995,15.7326,-4.9212,0.0000,0.0000,0.0000,343.0029,300.1275,321.5652,385.8783,343.0029,364.4406,321.5652,300.1275,278.6899,10.8207,4.6212,8.4258,2.1201,19.3698,0.0000,0.0000,0.0000,0.0000,306.7242,209.1391,234.4762,249.7754,288.6861,300.0000,417.5161,440.6584,387.3322,0.440120,0.604075,0.507076,0.679724,0.531547,0.708395,0.900000,0.900000,0.900000,50.000000,50.000000,50.000000,50.000000,50.000000,49.999822,50.000000,50.000000,50.000000,9.1845,16.4346,-5.6939,9.5838,-25.4530,29.5693,-5.7560,2.5000,2.5000,17.566,9.701,11.961,15.038,17.881,6.249,10.584,8.279,11.664,24.987714
11.000000,173.1715,135.7515,154.5382,58.4246,41.9704,50.1500,69.4504,57.7951,62.4036,43.5185,86.5794,39.9020,172.6106,160.8043,277.8146,109.1444,81.5562,55.7462,63.3386,57.7672,62.3853,55.0000,70.3316,46.7777,60.0000,55.0000,50.0000,10.2996,1.7432,3.4845,-6.7038,9.1491,-13.5714,0.0000,0.0000,0.0000,340.1739,297.6522,318.9130,382.6957,340.1739,361.4348,318.9130,297.6522,276.3913,12.0907,5.2695,8.6372,0.0000,19.3067,0.0000,0.0000,0.0000,0.0000,310.6101,210.5414,234.5855,246.6358,288.6119,300.0000,419.6818,446.6991,391.7585,0.437321,0.603534,0.506080,0.680957,0.529337,0.710996,0.900000,0.900000,0.900000,50.000000,50.000000,50.000000,50.000000,50.000000,49.999823,50.000000,50.000000,50.000000,10.4745,17.8645,-4.8635,13.1054,-25.2456,32.6586,-13.2649,2.5000,2.5000,15.097,9.216,2.921,13.399,6.687,7.551,8.282,8.058,8.123,26.284918
11.100000,175.7179,148.1452,154.0266,57.0306,43.5072,52.4668,73.9962,58.7105,66.6321,42.2511,84.0578,38.7399,167.5834,156.1210,269.7234,105.9656,79.1809,54.1227,63.0591,55.4092,61.7442,55.0000,71.7375,50.7063,60.0000,55.0000,50.0000,10.4749,0.3047,4.3627,-4.5014,12.0030,-8.9155,0.0000,0.0000,0.0000,342.8174,299.9652,321.3913,385.6696,342.8174,364.2435,321.3913,299.9652,278.5391,12.3965,4.0779,9.7008,2.1838,19.8492,0.0000,0.0000,0.0000,0.0000,310.4508,207.9705,235.5820,250.0174,289.5995,300.0000,418.5705,442.9262,392.2156,0.434474,0.603439,0.504832,0.681785,0.526438,0.712705,0.900000,0.900000,0.900000,50.000000,50.000000,50.000000,50.000000,50.000000,49.999824,50.000000,50.000000,50.000000,13.0694,17.9653,-8.0079,11.5627,-25.4537,30.7682,-8.9734,2.5000,2.5000,15.132,15.225,9.974,13.886,7.906,9.116,12.577,20.365,6.335,25.896966
11.200000,179.3984,140.0201,158.3916,58.1079,42.3718,54.9345,72.8456,59.0765,65.5300,47.3031,94.1087,43.3721,187.6216,174.7886,301.9746,118.6361,88.6487,60.5942,62.9931,56.9546,62.9241,55.0000,70.6301,45.0000,60.0000,55.0000,50.0000,6.3895,-6.3101,-7.1932,-22.1156,-8.8468,-37.1381,0.0000,0.0000,0.0000,343.5594,300.6145,322.0870,386.5043,343.5594,365.0319,322.0870,300.6145,279.1420,12.1356,5.2581,10.4552,1.7993,21.5246,0.0000,0.0000,0.0000,0.0000,313.2865,210.5831,237.8275,251.2616,293.0911,300.0000,429.3947,452.1107,396.9821,0.432738,0.605098,0.506573,0.685855,0.528246,0.719823,0.900000,0.900000,0.900000,50.000000,50.000000,50.000000,50.000000,50.000000,49.999825,50.000000,50.000000,50.000000,12.8078,15.7591,-5.1418,15.7512,-24.3121,37.5925,-25.9386,2.5000,2.5000,10.551,8.770,13.218,7.766,14.783,9.701,16.327,13.226,11.541,28.751309
11.300000,185.7948,153.9448,166.4037,59.6089,47.0141,55.7859,76.2101,62.1414,65.2684,50.4134,100.2967,46.2239,199.9583,186.2815,321.8304,126.4367,94.4776,64.5784,62.2197,54.5047,62.6982,55.0000,70.8874,45.0000,60.0000,55.0000,50.0000,2.2914,-15.3553,-17.1593,-34.9029,-24.3485,-55.8235,0.0000,0.0000,0.0000,345.4609,302.2783,323.8696,388.6435,345.4609,367.0522,323.8696,302.2783,280.6870,11.4193,2.9078,10.3491,1.9174,21.8480,0.0000,0.0000,0.0000,0.0000,312.5449,205.9796,236.3907,250.9160,293.7783,300.0000,438.7773,459.3408,399.1598,0.432116,0.609134,0.510728,0.692277,0.533224,0.730522,0.900000,0.900000,0.900000,50.000000,50.000000,50.000000,50.000000,50.000000,49.999826,50.000000,50.000000,50.000000,16.9366,12.9652,-6.9154,16.9368,-23.1862,39.4755,-35.2821,2.5000,2.5000,5.063,9.344,7.619,12.889,11.247,9.484,7.004,8.729,11.082,30.902467
11.400000,172.3382,151.6241,159.6906,59.5511,43.2894,53.7863,74.3209,59.7123,63.4645,57.8071,115.0062,53.0031,229.2843,213.6017,369.0302,144.9800,108.3338,74.0495,65.1227,54.7494,66.2436,55.0000,51.0524,45.0000,60.0000,55.0000,50.0000,-1.9757,-29.4324,-34.9660,-63.1940,-53.0462,-90.0000,0.0000,0.0000,0.0000,349.1710,305.5246,327.3478,392.8174,349.1710,370.9942,327.3478,305.5246,283.7014,14.9653,4.4370,15.7795,4.3881,31.3350,11.1826,0.0000,0.0000,0.0000,319.2316,209.1403,246.1708,260.4098,312.9388,322.5403,451.9531,467.5215,403.8126,0.432570,0.616871,0.519193,0.703904,0.544069,0.747772,0.900000,0.900000,0.900000,50.000000,50.000000,50.000000,50.000000,50.000000,50.013428,50.000000,50.000000,50.000000,24.1792,14.0562,-8.6515,25.4315,-16.5735,54.0793,-69.4087,2.5000,2.5000,12.565,17.566,7.903,12.940,3.071,7.873,6.092,14.215,4.561,36.489527
11.500000,184.2265,148.8788,158.5409,59.4698,43.0435,53.0421,74.2630,59.5503,64.9929,52.9247,105.2927,48.5265,209.9189,195.5608,337.8618,132.7349,99.1839,67.7953,63.0820,55.7684,65.0110,55.0000,71.9468,45.0000,60.0000,55.0000,50.0000,2.0003,-16.3807,-18.2227,-39.3242,-29.1416,-65.9526,0.0000,0.0000,0.0000,351.1188,307.2290,329.1739,395.0087,351.1188,373.0638,329.1739,307.2290,285.2841,12.4798,4.5564,13.1912,2.5733,23.2377,0.0000,0.0000,0.0000,0.0000,313.5123,209.1133,240.6423,252.9103,296.4717,300.0000,437.8240,456.5051,397.5041,0.432026,0.621176,0.523605,0.711140,0.550027,0.760413,0.900000,0.900000,0.900000,50.000000,50.000000,50.000000,50.000000,50.000000,50.005677,50.000000,50.000000,50.000000,16.8090,13.7811,-8.0177,20.8652,-23.8969,41.9415,-38.9201,2.5000,2.5000,2.298,11.703,4.801,8.982,5.826,3.930,13.909,12.425,8.389,31.910661
11.600000,175.6931,145.1430,156.9457,57.1154,44.6801,52.0152,74.8821,57.9970,65.4854,51.6589,102.7745,47.3658,204.8982,190.8836,329.7811,129.5603,96.8117,66.1738,64.7263,56.7221,64.7516,55.0000,70.8753,45.0000,60.0000,55.0000,50.0000,6.3797,-9.9713,-10.2991,-28.4204,-17.1477,-49.2414,0.0000,0.0000,0.0000,356.8696,312.2609,334.5652,401.4783,356.8696,379.1739,334.5652,312.2609,289.9565,14.3037,5.8722,13.4795,3.3047,22.5307,0.0000,0.0000,0.0000,0.0000,313.0795,211.7204,241.5455,253.5908,295.0476,300.0000,429.8772,447.5478,391.7027,0.430293,0.623798,0.526098,0.716369,0.553533,0.769851,0.900000,0.900000,0.900000,50.000000,50.000000,50.000000,50.000000,50.000000,50.002299,50.000000,50.000000,50.000000,16.3933,17.7049,-7.6544,19.0238,-23.1870,39.4404,-31.3112,2.5000,2.5000,7.442,12.448,9.238,8.586,16.722,11.151,9.236,12.348,9.907,29.819744
11.700000,173.8194,144.1702,157.4631,58.1711,44.0498,51.1330,69.4490,57.1085,63.2329,46.6298,92.7691,42.7547,184.9509,172.3006,297.6761,116.9473,87.3868,59.7316,63.9116,56.5144,62.9343,55.0000,69.6936,45.0000,60.0000,55.0000,50.0000,9.0404,-3.2349,-1.6234,-14.3470,0.6168,-24.8161,0.0000,0.0000,0.0000,348.1971,304.6725,326.4348,391.7217,348.1971,369.9594,326.4348,304.6725,282.9101,13.1061,4.9037,10.5037,1.7275,20.5570,0.0000,0.0000,0.0000,0.0000,310.4412,209.5499,237.0510,250.2028,290.9794,300.0000,419.9615,444.8229,390.0544,0.427836,0.624648,0.526491,0.719009,0.553384,0.774607,0.900000,0.900000,0.900000,50.000000,50.000000,50.000000,50.000000,50.000000,50.000827,50.000000,50.000000,50.000000,13.9374,18.0290,-6.8157,14.7170,-24.2434,34.8585,-19.4249,2.5000,2.5000,17.641,9.018,7.000,10.560,16.395,13.584,8.774,8.669,9.909,27.061903
11.800000,181.5051,147.8355,158.4925,57.8757,45.7656,54.9977,72.2092,61.0424,65.2307,46.7975,93.1028,42.9085,185.6162,172.9204,298.7469,117.3680,87.7012,59.9465,63.2190,56.3029,62.9083,55.0000,69.6832,45.0000,60.0000,55.0000,50.0000,9.3595,-1.4013,1.3253,-10.4825,4.2976,-20.9409,0.0000,0.0000,0.0000,356.2203,311.6928,333.9565,400.7478,356.2203,378.4841,333.9565,311.6928,289.4290,12.7106,5.2766,11.3844,2.9824,21.1812,0.0000,0.0000,0.0000,0.0000,308.2391,210.5763,238.6472,252.2067,292.3723,300.0000,415.6206,442.0508,385.7482,0.425293,0.625016,0.526112,0.720938,0.552346,0.778621,0.900000,0.900000,0.900000,50.000000,50.000000,50.000000,50.000000,50.000000,50.000187,50.000000,50.000000,50.000000,12.5555,17.6446,-7.7199,14.0590,-23.8310,35.2113,-17.6303,2.5000,2.5000,8.155,9.435,12.957,7.655,11.747,13.738,11.482,9.029,9.922,26.342021
11.900000,174.7007,148.9323,162.3788,60.4944,45.8500,51.8659,74.9947,58.8562,63.9058,52.3797,104.2085,48.0268,207.7572,193.5470,334.3827,131.3681,98.1625,67.0972,64.6526,55.9598,64.3573,55.0000,71.2085,45.0000,60.0000,55.0000,50.0000,4.5127,-14.3117,-16.1045,-35.6901,-25.0947,-57.4577,0.0000,0.0000,0.0000,352.3246,308.2841,330.3043,396.3652,352.3246,374.3449,330.3043,308.2841,286.2638,13.9060,4.4660,12.1451,2.0858,22.2553,0.0000,0.0000,0.0000,0.0000,313.5645,209.0291,239.2950,251.8158,294.5585,300.0000,436.0584,453.7346,394.7392,0.424066,0.628778,0.530011,0.727505,0.557476,0.789634,0.900000,0.900000,0.900000,50.000000,50.000000,50.000000,50.000000,50.000000,49.999909,50.000000,50.000000,50.000000,18.4786,16.5357,-7.1418,19.5011,-23.4867,40.1364,-35.9518,2.5000,2.5000,8.557,13.956,5.040,11.557,9.186,6.761,7.371,14.853,9.146,31.170887
12.000000,173.5100,151.7065,161.8901,57.8624,43.5253,54.2007,74.1861,58.4954,65.3139,59.5646,118.5028,54.6146,236.2553,220.0959,380.2500,149.3879,111.6275,76.3009,65.4255,54.8390,66.3490,55.0000,50.6879,45.0000,60.0000,55.0000,50.0000,-1.6995,-29.4014,-34.9412,-63.2912,-53.4644,-90.0000,0.0000,0.0000,0.0000,353.2986,309.1362,331.2174,397.4609,353.2986,375.3797,331.2174,309.1362,287.0551,15.2001,4.3904,15.6867,4.1305,30.7160,10.9300,0.0000,0.0000,0.0000,319.8439,209.0989,245.8984,259.7780,311.7378,322.0457,452.3566,465.9866,404.5597,0.424457,0.636506,0.538471,0.739151,0.568407,0.806884,0.900000,0.900000,0.900000,50.000000,50.000000,50.000000,50.000000,50.000000,50.015637,50.000000,50.000000,50.000000,24.5491,14.4630,-8.6333,25.6276,-16.0502,53.5048,-69.5350,2.5000,2.5000,6.067,7.207,9.630,13.446,8.315,12.491,9.508,8.188,11.061,36.428022
12.100000,167.3063,140.8187,157.8012,55.6578,42.3849,51.4812,69.8099,56.6409,63.6108,53.4734,106.3845,49.0296,212.0954,197.5885,341.3649,134.1112,100.2123,68.4982,66.0961,57.3492,65.0707,55.0000,71.6358,45.0000,60.0000,55.0000,50.0000,5.9485,-12.9664,-15.4362,-35.7238,-25.8945,-63.1616,0.0000,0.0000,0.0000,356.2203,311.6928,333.9565,400.7478,356.2203,378.4841,333.9565,311.6928,289.4290,15.7767,6.7121,14.1240,3.7457,23.5079,0.0000,0.0000,0.0000,0.0000,315.4543,213.3946,243.0668,254.9572,296.9977,300.0000,429.9646,450.1605,392.6801,0.422841,0.639915,0.542208,0.745724,0.573701,0.818990,0.900000,0.900000,0.900000,50.000000,50.000000,50.000000,50.000000,50.000000,50.006552,50.000000,50.000000,50.000000,18.3632,18.9106,-6.3317,20.3682,-23.1137,41.8056,-37.1810,2.5000,2.5000,6.888,5.296,4.514,14.999,8.492,7.205,12.589,13.512,3.409,31.002380
12.200000,178.7733,154.0150,161.8054,58.2038,45.4166,53.6458,73.2014,59.4654,65.3586,61.9629,123.2742,56.8136,245.7678,228.9577,395.5603,155.4028,116.1220,79.3730,64.5734,54.1829,67.1201,55.0000,50.0000,45.0000,60.0000,55.0000,50.0000,-2.8861,-30.7135,-35.1984,-64.7197,-55.0853,-90.0000,0.0000,0.0000,0.0000,349.4957,305.8087,327.6522,393.1826,349.4957,371.3391,327.6522,305.8087,283.9652,13.3263,1.6807,13.3736,0.0000,26.7356,8.9114,0.0000,0.0000,0.0000,319.5499,203.3694,239.7467,251.0693,303.4711,317.8232,460.9520,474.7787,410.7664,0.423505,0.647988,0.550730,0.757632,0.584962,0.836240,0.900000,0.900000,0.900000,50.000000,50.000000,50.000000,50.000000,50.000000,50.023143,50.000000,50.000000,50.000000,24.9317,12.5068,-10.0726,27.5075,-15.6850,51.3694,-70.5443,2.5000,2.5000,7.605,14.932,12.436,17.911,11.508,10.566,8.527,10.328,11.636,36.784567
12.300000,173.2622,144.3321,158.9320,56.6585,43.8783,51.7682,68.9555,57.0493,63.4281,72.6491,144.5340,66.6116,288.1530,268.4438,463.7786,182.2036,136.1484,93.0617,65.4520,54.7416,70.2475,55.0000,50.0000,45.0000,60.0000,55.0000,50.0000,-6.8557,-39.8662,-46.6612,-84.2042,-69.7958,-90.0000,0.0000,0.0000,0.0000,354.8290,310.4754,332.6522,399.1826,354.8290,377.0058,332.6522,310.4754,288.2986,14.2019,2.2466,16.4978,0.0000,20.7686,6.9228,0.0000,0.0000,0.0000,298.2802,189.5512,230.2956,240.2866,272.8640,291.4415,441.1668,446.6483,380.8511,0.425082,0.658467,0.562027,0.773126,0.599232,0.853490,0.900000,0.900000,0.900000,50.000000,50.000000,50.000000,50.000000,50.000000,50.049675,50.000000,50.000000,50.000000,27.8381,11.3991,-11.4811,34.6442,-15.0885,42.0250,-71.5386,2.5000,2.5000,1.225,4.431,6.612,9.043,11.829,6.285,18.310,10.716,8.002,36.367008
12.400000,172.6665,144.5916,162.6818,58.8618,42.4805,52.7397,75.2256,59.7932,65.6175,73.1003,145.4317,67.0254,289.9427,270.1111,466.6592,183.3353,136.9941,93.6397,66.6106,55.1871,70.5288,55.0000,50.0000,45.0000,60.0000,55.0000,50.0000,-7.9753,-43.9720,-53.1716,-93.2651,-73.6713,-90.0000,0.0000,0.0000,0.0000,353.4841,309.2986,331.3913,397.6696,353.4841,375.5768,331.3913,309.2986,287.2058,15.3581,2.6855,16.7737,0.0000,21.5225,7.1775,0.0000,0.0000,0.0000,327.7021,205.3746,249.5382,262.8698,293.0411,314.3550,487.1695,492.4888,422.0514,0.426916,0.670026,0.574900,0.790287,0.614293,0.870740,0.900000,0.900000,0.900000,50.000000,50.000000,50.000000,50.000000,50.000000,50.064956,50.000000,50.000000,50.000000,30.0464,11.9967,-10.1151,36.1980,-18.0582,40.3369,-71.4113,2.5000,2.5000,9.675,10.770,6.901,14.976,13.594,6.568,6.271,0.064,7.850,38.789228
12.500000,181.7802,148.8596,162.2960,59.3481,46.2511,55.9103,74.4968,58.9560,65.8543,86.7591,172.6058,79.5491,344.1187,320.5816,553.8548,217.5916,162.5915,111.1364,60.7527,45.0000,70.5329,55.0000,50.0000,45.0000,60.0000,55.0000,50.0000,-15.1477,-56.8016,-57.8676,-100.0000,-88.3714,-90.0000,0.0000,0.0000,0.0000,353.9014,309.6638,331.7826,398.1391,353.9014,376.0203,331.7826,309.6638,287.5449,13.2522,0.0000,20.5329,0.0000,8.4820,3.7108,2.6505,0.0000,0.0000,322.8519,197.5647,272.3482,306.0659,263.9139,303.7679,406.0645,510.1866,433.3575,0.430400,0.684956,0.588910,0.808687,0.632361,0.887990,0.900000,0.900000,0.900000,50.000000,50.000000,50.000000,50.000000,50.000000,50.099103,50.040468,50.000000,50.000000,35.3294,4.4286,-22.4998,39.0991,-7.5553,28.1999,-44.4699,-26.1747,2.5000,12.527,9.589,10.614,7.519,4.153,10.024,7.912,14.344,17.833,45.047561
12.600000,171.0597,140.3647,159.6689,58.5068,42.1705,53.3366,71.0244,55.7428,63.0666,73.5534,146.3332,67.4408,291.7399,271.7854,469.5517,184.4716,137.8432,94.2201,65.2037,54.6250,70.1218,55.0000,50.0000,45.0000,60.0000,55.0000,50.0000,-6.9669,-39.7093,-46.3655,-83.6322,-59.8468,-62.6619,0.0000,0.0000,0.0000,352.0000,308.0000,330.0000,396.0000,352.0000,374.0000,330.0000,308.0000,286.0000,13.9520,2.1282,16.3710,0.0000,15.9626,5.3214,0.0000,0.0000,0.0000,290.2808,184.0441,227.4434,240.2396,256.6606,280.3209,434.9605,434.9968,370.7511,0.432002,0.695394,0.600135,0.824075,0.644596,0.900000,0.900000,0.900000,0.900000,50.000000,50.000000,50.000000,50.000000,50.000000,50.089502,50.017401,50.000000,50.000000,27.5725,11.0944,-11.5417,34.3797,-17.3740,31.7282,-58.6703,2.5000,2.5000,3.703,13.163,11.493,8.619,2.787,8.963,6.408,15.716,4.948,34.355539
12.700000,169.8649,143.1759,162.4619,57.6560,42.4241,51.7865,71.3358,56.7980,62.9075,62.1656,123.6774,56.9994,246.5719,229.7068,396.8543,155.9112,116.5019,79.6327,65.0470,55.0712,66.1782,55.0000,50.0000,45.0000,60.0000,55.0000,50.0000,4.5520,-15.9020,-15.2377,-36.8350,-6.4945,0.0000,0.0000,0.0000,0.0000,358.5855,313.7623,336.1739,403.4087,358.5855,380.9971,336.1739,313.7623,291.3507,13.8049,2.5802,12.4359,0.0000,14.3158,4.7718,0.0000,0.0000,0.0000,290.2730,190.6368,228.2451,243.5694,260.4800,287.7599,414.7663,424.6002,364.8827,0.430765,0.699574,0.603824,0.830853,0.645924,0.900000,0.900000,0.900000,0.900000,50.000000,50.000000,50.000000,50.000000,50.000000,50.064770,50.007348,50.000000,50.000000,20.8272,16.7019,-10.8134,22.6057,-19.8282,26.5248,-27.6141,2.5000,2.5000,9.205,9.491,13.053,11.700,5.816,10.000,5.511,10.676,10.656,29.723864
12.800000,172.4443,147.5506,162.1500,58.5608,43.8901,51.0753,72.3992,58.8214,65.8068,51.6589,102.7745,47.3658,204.8982,190.8836,329.7811,129.5603,96.8117,66.1738,63.3856,54.2513,62.8057,55.0000,50.0000,45.0000,60.0000,55.0000,50.0000,7.4456,-7.6103,-4.9336,-18.5919,5.8867,0.0000,0.0000,0.0000,0.0000,345.3217,302.1565,323.7391,388.4870,345.3217,366.9043,323.7391,302.1565,280.5739,12.1237,1.7347,9.0435,0.0000,18.2206,6.0742,0.0000,0.0000,0.0000,289.4362,189.5952,221.5361,237.1242,269.1151,291.3575,403.5690,420.3600,366.7552,0.428742,0.701574,0.605019,0.834273,0.644502,0.900000,0.900000,0.900000,0.900000,50.000000,50.000000,50.000000,50.000000,50.000000,50.037242,50.002967,50.000000,50.000000,17.2896,16.4775,-9.2699,15.2538,-18.8496,34.0165,-26.9629,2.5000,2.5000,5.735,6.011,9.979,9.197,4.447,13.122,13.213,13.986,4.725,28.120146
12.900000,173.4266,141.1617,162.7343,58.0158,44.0634,52.6530,71.0435,59.4493,64.2480,67.5926,134.4743,61.9754,268.0973,249.7599,431.4992,169.5221,126.6724,86.5845,63.3081,53.2168,66.9118,55.0000,50.0000,45.0000,60.0000,55.0000,50.0000,-3.4916,-30.3810,-33.4819,-62.1873,-24.3852,0.0000,0.0000,0.0000,0.0000,343.6058,300.6551,322.1304,386.5565,343.6058,365.0812,322.1304,300.6551,279.1797,12.0649,0.7273,13.1687,0.0000,8.0545,2.6842,0.0000,0.0000,0.0000,283.5496,178.7577,223.5236,242.6472,237.7402,271.3213,421.6892,428.0461,364.9070,0.429545,0.709560,0.613125,0.845716,0.649487,0.900000,0.900000,0.900000,0.900000,50.000000,50.000000,50.000000,50.000000,50.000000,50.056839,50.001058,50.000000,50.000000,24.1592,10.9407,-11.5178,26.8930,-20.4283,15.4926,-28.6579,2.5000,2.5000,5.664,10.142,10.500,15.687,10.349,9.432,15.455,9.744,12.277,31.743317
13.000000,173.5567,141.0578,150.1515,56.6000,43.0225,52.3495,71.3278,56.0754,63.0158,74.0084,147.2383,67.8580,293.5444,273.4665,472.4561,185.6127,138.6959,94.8029,62.2561,50.9334,69.7835,55.0000,50.0000,45.0000,60.0000,55.0000,50.0000,-8.6969,-40.9687,-43.0534,-78.7649,-36.3935,0.0000,0.0000,0.0000,0.0000,340.8696,298.2609,319.5652,383.4783,340.8696,362.1739,319.5652,298.2609,276.9565,11.7882,0.0000,16.8165,0.0000,3.5931,1.1976,0.0000,0.0000,0.0000,271.0537,167.9050,219.1330,236.7350,217.0622,254.2509,417.1378,413.2492,350.6248,0.431545,0.720329,0.623548,0.860209,0.656928,0.900000,0.900000,0.900000,0.900000,50.000000,50.000000,50.000000,50.000000,50.000000,50.078174,50.000228,50.000000,50.000000,27.6913,7.6737,-16.7910,33.6558,-20.4823,8.0010,-29.4012,2.5000,2.5000,11.082,10.606,8.096,7.762,14.199,7.588,12.242,8.671,9.697,33.690102
13.100000,173.9621,149.7931,157.7015,58.6967,42.7906,51.8155,70.7692,59.3187,65.5849,72.8744,144.9824,66.8183,289.0469,269.2766,465.2174,182.7688,136.5708,93.3504,60.1754,46.0873,66.4671,55.0000,50.0000,45.0000,60.0000,55.0000,50.0000,-10.2650,-44.7933,-44.8751,-76.8047,-35.1926,0.0000,0.0000,0.0000,0.0000,338.3652,296.0696,317.2174,380.6609,338.3652,359.5130,317.2174,296.0696,274.9217,12.1325,0.0000,15.9253,0.0000,3.8348,1.2789,0.0000,0.0000,0.0000,258.4836,159.6260,208.0515,224.6236,207.1883,241.9954,395.3857,393.7916,333.0787,0.433906,0.732103,0.634413,0.874341,0.664123,0.900000,0.900000,0.900000,0.900000,50.000000,50.000000,50.000000,50.000000,50.000000,50.085537,49.999867,50.000000,50.000000,30.3744,6.0215,-18.1116,29.6610,-20.2235,8.6817,-29.3606,2.5000,2.5000,13.063,4.959,13.307,8.640,7.613,14.912,15.169,8.714,8.309,32.488352
13.200000,171.0172,139.0680,154.4958,56.3543,43.5655,51.6532,71.7696,58.9142,62.3716,75.3845,149.9762,69.1198,299.0028,278.5515,481.2412,189.0641,141.2748,96.5658,59.5921,47.5691,67.1351,55.0000,50.0000,45.0000,60.0000,55.0000,50.0000,-10.9277,-43.4654,-44.4119,-77.0551,-37.0909,0.0000,0.0000,0.0000,0.0000,335.0261,293.1478,314.0870,376.9043,335.0261,355.9652,314.0870,293.1478,272.2087,10.8071,0.0000,15.8497,0.0000,0.0000,0.0000,0.0000,0.0000,0.0000,223.4926,139.6118,186.0136,200.7183,174.5148,209.4177,272.0241,345.9738,285.7582,0.436420,0.743529,0.645165,0.888519,0.671706,0.900000,0.900000,0.900000,0.900000,50.000000,50.000000,50.000000,50.000000,50.000000,50.093633,50.007629,50.000000,50.000000,27.6839,4.7357,-17.2347,30.3140,-17.4821,6.4545,0.0000,-27.5000,2.5000,10.434,7.143,14.023,6.277,14.956,12.311,14.598,7.304,15.191,30.077628
13.300000,177.9352,148.7776,161.2504,57.7692,43.5565,53.4664,72.0208,59.5885,67.1372,66.1017,131.5081,60.6084,262.1836,244.2507,421.9812,165.7827,123.8783,84.6747,58.5646,46.8622,63.4390,55.0000,50.0000,45.0000,60.0000,55.0000,50.0000,-5.3418,-30.9566,-28.3043,-50.6751,-19.6743,0.0000,0.0000,0.0000,0.0000,338.5043,296.1913,317.3478,380.8174,338.5043,359.6609,317.3478,296.1913,275.0348,10.1348,0.0000,12.5099,0.0000,6.7913,2.2640,0.0000,0.0000,0.0000,224.8712,143.6269,181.7288,194.8074,193.1137,219.9682,339.5230,337.2494,285.8444,0.437648,0.751666,0.652018,0.897843,0.675728,0.900000,0.900000,0.900000,0.900000,50.000000,50.000000,50.000000,50.000000,50.000000,50.078713,50.003049,50.000000,50.000000,23.7260,6.6788,-15.8695,21.6599,-16.3961,17.4265,-28.8680,2.5000,2.5000,11.015,7.374,15.161,11.204,9.914,7.733,15.337,8.715,7.159,27.375476
13.400000,170.6066,140.8929,158.4208,57.6285,41.8803,51.9086,71.5079,58.6050,62.8926,89.8360,178.7272,82.3703,356.3228,331.9510,573.4971,225.3084,168.3578,115.0778,59.5259,45.0000,50.0000,55.0000,50.0000,45.0000,60.0000,55.0000,50.0000,-23.3438,-70.7419,-32.7277,-11.7223,-87.9704,0.0000,0.0000,0.0000,0.0000,335.8609,293.8783,314.8696,377.8435,335.8609,356.8522,314.8696,293.8783,272.8870,12.0262,0.0000,10.2690,3.5331,0.0000,0.6625,0.2208,0.0000,0.0000,208.8274,125.2892,151.1496,160.0052,156.6114,189.2588,254.7745,332.6297,268.3064,0.443017,0.770261,0.659941,0.900000,0.693713,0.900000,0.900000,0.900000,0.900000,50.000000,50.000000,50.000000,50.052101,50.000000,50.121306,50.014888,50.000000,50.000000,36.9751,-0.8959,-26.6416,17.8653,14.8906,-19.3164,0.2208,-27.3896,2.5000,17.412,6.447,4.571,14.018,16.400,7.574,6.375,8.395,10.840,38.909031
13.500000,184.9220,146.8230,164.7655,62.5530,45.7064,52.7774,77.4649,59.3958,65.1564,87.0128,173.1105,79.7817,345.1249,321.5190,555.4743,218.2278,163.0670,111.4614,40.0000,45.0000,50.0000,55.0000,50.0000,45.0000,60.0000,55.0000,50.0000,-28.8184,-75.0000,-32.0162,0.0000,-92.4950,0.0000,0.0000,0.0000,0.0000,324.7304,284.1391,304.4348,365.3217,324.7304,345.0261,304.4348,284.1391,263.8435,13.8705,10.3783,13.9686,6.5917,0.0000,1.2360,0.4120,0.0000,0.0000,225.0528,152.2965,192.3596,195.2642,164.4244,199.7812,273.6035,355.0573,291.6231,0.449646,0.789975,0.667693,0.900000,0.712623,0.900000,0.900000,0.900000,0.900000,50.000000,50.012310,50.000000,50.059152,50.000000,50.138156,50.022323,50.000000,50.000000,44.8369,-12.4739,-48.2870,12.6803,24.5433,-21.8655,0.4120,-27.2940,2.5000,5.989,9.787,8.651,12.627,11.526,11.635,11.084,10.206,13.278,45.228599
13.600000,175.1211,144.5981,156.9664,56.9277,44.7158,52.1614,72.3922,57.8660,63.7479,84.9972,169.1003,77.9336,337.1301,314.0710,542.6067,213.1726,159.2895,108.8793,40.0000,45.0000,50.0000,55.0000,50.0000,45.0000,60.0000,55.0000,50.0000,-27.5478,-75.0000,-31.4925,0.0000,-88.8795,0.0000,0.0000,0.0000,0.0000,319.9072,279.9188,299.9130,359.8957,319.9072,339.9014,299.9130,279.9188,259.9246,15.7795,11.6496,15.5018,7.3383,0.0000,1.3759,0.4586,0.0000,0.0000,214.7716,145.4423,183.6823,183.5526,152.6786,185.9662,253.0020,328.1296,268.0598,0.455982,0.809689,0.675317,0.900000,0.730794,0.900000,0.900000,0.900000,0.900000,50.000000,50.019064,50.000000,50.058945,50.000000,50.142351,50.022716,50.000000,50.000000,45.7910,-10.8842,-48.6799,13.3355,23.1089,-20.1277,0.4586,-27.2707,2.5000,11.135,15.118,5.893,9.699,14.816,12.408,12.604,9.611,9.761,43.735314
13.700000,170.4579,146.7897,160.1777,56.6081,43.7555,53.5855,72.5135,57.6415,64.3500,89.8360,178.7272,82.3703,356.3228,331.9510,573.4971,225.3084,168.3578,115.0778,40.0000,45.0000,50.0000,55.0000,50.0000,45.0000,60.0000,55.0000,50.0000,-27.5400,-75.0000,-34.9854,0.0000,-95.0000,0.0000,0.0000,0.0000,0.0000,320.7420,280.6493,300.6957,360.8348,320.7420,340.7884,300.6957,280.6493,260.6029,15.9940,12.0614,14.3706,11.6539,10.2641,8.6377,6.6904,6.3292,0.0000,257.2750,174.3262,216.4965,246.9352,208.2911,242.5834,292.3985,300.8986,344.2931,0.462316,0.829404,0.683787,0.900000,0.750216,0.900000,0.900000,0.900000,0.900000,50.000000,50.026555,50.000000,50.067080,50.013595,50.161440,50.047274,50.048047,50.000000,45.6963,-10.7730,-46.1619,8.8657,48.1949,-46.6868,0.9737,0.1806,-21.8354,4.873,11.408,7.548,10.300,10.709,10.409,11.145,11.051,10.260,44.437714
13.800000,175.7525,147.7670,158.5725,59.1266,44.6199,51.6139,72.5622,60.2110,63.6443,91.1392,181.3199,83.5652,361.4918,336.7664,581.8166,228.5769,170.8001,116.7472,40.0000,45.0000,50.0000,55.0000,50.0000,45.0000,60.0000,55.0000,50.0000,-30.2398,-75.0000,-35.0639,0.0000,-95.0000,0.0000,0.0000,0.0000,0.0000,312.9507,273.8319,293.3913,352.0696,312.9507,332.5101,293.3913,273.8319,254.2725,12.0975,9.6717,12.1004,9.6498,8.4917,7.0778,5.4364,5.0038,0.0000,166.6523,114.3254,142.9262,159.8734,135.7172,156.6293,185.0191,189.8331,213.5374,0.469271,0.849118,0.692276,0.900000,0.769638,0.900000,0.900000,0.900000,0.900000,50.000000,50.031372,50.000000,50.069332,50.023109,50.173112,50.048983,50.038510,50.000000,43.5930,-14.0712,-46.1825,8.6934,48.0791,-46.7931,0.8207,0.2163,-22.4981,9.174,11.137,6.250,15.939,9.429,9.071,9.213,13.495,8.047,38.594542
13.900000,169.3260,143.9870,155.0009,56.4041,43.3281,50.5027,70.6347,57.6934,63.6423,90.0957,179.2437,82.6084,357.3527,332.9103,575.1546,225.9596,168.8444,115.4104,40.0000,45.0000,50.0000,55.0000,50.0000,45.0000,60.0000,55.0000,50.0000,-28.8252,-75.0000,-34.8849,0.0000,-95.0000,0.0000,0.0000,0.0000,0.0000,313.3217,274.1565,293.7391,352.4870,313.3217,332.9043,293.7391,274.1565,254.5739,14.2397,11.1292,13.6660,10.9727,9.6611,8.0836,6.2294,5.7928,0.0000,175.2827,120.1356,149.6797,166.6212,141.6755,162.9853,191.4162,196.3629,219.1407,0.475901,0.868832,0.700722,0.900000,0.789061,0.900000,0.900000,0.900000,0.900000,50.000000,50.033178,50.000000,50.069294,50.027195,50.177231,50.049532,50.034444,50.000000,44.6427,-12.2928,-46.3260,8.9042,48.1558,-46.7112,0.9271,0.2183,-22.1036,8.715,8.288,8.192,4.828,3.637,15.410,8.403,9.847,6.787,38.859963
14.000000,169.1282,150.9574,162.8248,54.8959,43.9037,54.0184,73.2032,58.9273,66.6471,80.5762,160.3050,73.8801,319.5951,297.7354,514.3844,202.0850,151.0045,103.2163,40.0000,45.0000,50.0000,55.0000,50.0000,45.0000,60.0000,55.0000,50.0000,-27.9458,-75.0000,-33.7089,0.0000,-89.9607,0.0000,0.0000,0.0000,0.0000,307.7565,269.2870,288.5217,346.2261,307.7565,326.9913,288.5217,269.2870,250.0522,15.3337,10.2513,11.8421,5.8523,0.0000,1.1790,0.6109,0.0000,1.3093,152.4695,101.7061,125.1880,123.9625,101.5044,124.1632,168.8882,218.9544,179.3648,0.482328,0.888547,0.708883,0.900000,0.807453,0.900000,0.900000,0.900000,0.900000,50.000000,50.030832,50.000000,50.053998,50.011572,50.155265,50.028492,50.014522,50.000000,46.0683,-11.9607,-46.4410,11.1405,19.8674,-17.5308,0.2841,-27.1946,1.8453,7.110,8.278,1.195,6.750,10.322,10.269,9.526,8.736,11.183,39.497822
14.100000,173.9929,146.0677,168.5960,57.4128,43.5872,52.4158,75.9567,59.4580,64.5936,85.4981,170.0970,78.3929,339.1171,315.9221,545.8047,214.4290,160.2283,109.5211,40.0000,45.0000,50.0000,55.0000,50.0000,45.0000,60.0000,55.0000,50.0000,-17.5103,-43.5729,-18.0323,0.0000,-95.0000,0.0000,0.0000,0.0000,0.0000,297.5536,260.3594,278.9565,334.7478,297.5536,316.1507,278.9565,260.3594,241.7623,5.1929,1.8361,0.0000,0.6330,0.5964,0.7702,0.7730,1.2512,0.0000,221.1928,144.2148,175.6772,212.8419,176.8701,212.3533,268.9772,278.9805,333.7068,0.486356,0.900000,0.713249,0.900000,0.826875,0.900000,0.900000,0.900000,0.900000,50.000000,50.025854,50.000000,50.054651,50.012034,50.157426,50.043856,50.030206,50.000000,34.7097,-11.1587,-36.8522,15.6673,47.5183,-47.5869,-0.0014,-0.2391,-24.3744,10.179,18.827,6.204,7.495,17.188,5.834,6.230,9.003,13.114,43.167022
14.200000,169.8649,137.2779,153.7843,56.9934,41.7473,50.7904,70.4599,55.0353,63.2465,103.1551,205.2252,94.5825,409.1511,381.1658,650.0000,258.7125,193.3184,132.1392,40.0000,45.0000,50.0000,55.0000,50.0000,45.0000,60.0000,55.0000,50.0000,-7.8141,0.0000,-12.2364,0.0000,-95.0000,0.0000,0.0000,0.0000,0.0000,305.2058,267.0551,286.1304,343.3565,305.2058,324.2812,286.1304,267.0551,247.9797,0.0000,0.1730,0.0000,0.1732,0.2553,0.3561,0.4737,0.5054,0.8652,0.0000,0.3460,0.0000,0.3468,0.5111,0.7126,0.9480,1.0112,1.7288,0.488153,0.900000,0.716212,0.900000,0.846297,0.900000,0.900000,0.900000,0.900000,50.000000,50.035929,50.000000,50.063169,50.030508,50.189572,50.032632,50.013042,50.000000,16.0065,-9.3397,-18.7953,18.7952,47.4590,-47.5504,-0.0588,-9.3665,-15.8292,6.055,13.327,5.567,12.916,11.569,5.395,8.571,8.862,11.001,31.750125
14.300000,171.3853,145.2144,157.1802,57.6192,42.7912,51.4368,72.0415,57.3570,61.3104,111.3260,221.4810,102.0744,441.5599,411.3579,650.0000,279.2051,208.6312,142.6059,40.0000,45.0000,50.0000,55.0000,50.0000,45.0000,60.0000,55.0000,50.0000,-20.0562,0.0000,-25.5155,0.0000,-95.0000,0.0000,0.0000,0.0000,0.0000,302.6551,264.8232,283.7391,340.4870,302.6551,321.5710,283.7391,264.8232,245.9072,0.0000,0.0000,0.0000,0.0000,0.0000,0.0000,0.0000,0.0000,0.0000,125.4681,83.6454,104.5568,109.7537,104.5568,113.2247,115.3158,117.9311,119.4252,0.492766,0.900000,0.722389,0.900000,0.865719,0.900000,0.900000,0.900000,0.900000,50.000000,50.048809,50.000000,50.090654,50.050752,50.210489,50.066607,50.042809,50.032566,9.9719,9.9719,-12.2423,12.2423,47.5000,-47.5000,0.0000,0.0000,0.0000,13.408,10.537,9.332,8.479,10.118,11.857,2.265,11.871,11.767,34.336616
14.400000,168.9910,145.0413,150.5923,55.1328,41.8755,50.8270,72.0277,58.0898,62.1434,120.5474,239.8269,110.5294,478.1353,445.4317,650.0000,300.0000,225.9126,154.4183,40.0000,45.0000,50.0000,55.0000,50.0000,45.0000,60.0000,55.0000,50.0000,-38.9877,0.0000,-38.7304,0.0000,-95.0000,0.0000,0.0000,0.0000,0.0000,290.5507,254.2319,272.3913,326.8696,290.5507,308.7101,272.3913,254.2319,236.0725,0.0000,0.0000,0.0000,0.0000,0.0000,0.0000,0.0000,0.0000,0.0000,86.2263,57.4842,71.8552,75.4810,71.8552,77.9074,79.3445,81.1249,82.1277,0.501733,0.900000,0.731766,0.900000,0.885141,0.900000,0.900000,0.900000,0.900000,50.000000,50.063817,50.000000,50.114327,50.075962,50.223723,50.082006,50.053388,50.028027,0.5062,0.5062,-5.6348,5.6348,47.5000,-47.5000,0.0000,0.0000,0.0000,12.006,11.921,7.315,10.004,13.014,13.558,8.697,12.830,16.031,37.103910
14.500000,168.0462,147.0825,155.3492,55.9693,42.7077,52.0394,70.7290,58.2286,61.2913,104.2970,207.4970,95.6295,413.6804,385.3853,650.0000,261.5765,195.4585,133.6020,40.0000,45.0000,50.0000,55.0000,50.0000,45.0000,60.0000,55.0000,50.0000,-23.8795,0.0000,-30.5440,0.0000,-72.6778,0.0000,0.0000,0.0000,0.0000,288.4638,252.4058,270.4348,324.5217,288.4638,306.4928,270.4348,252.4058,234.3768,0.0000,0.0000,0.0000,0.0000,0.0000,0.0000,0.0000,0.0000,0.0000,133.3222,88.8815,111.1018,116.6424,111.1018,120.3446,122.5667,125.3399,126.9194,0.507225,0.900000,0.739161,0.900000,0.900000,0.900000,0.900000,0.900000,0.900000,50.000000,50.060619,50.000000,50.108375,50.069524,50.233036,50.087574,50.062340,50.030543,8.0603,8.0603,-9.7280,9.7280,36.3389,-36.3389,0.0000,0.0000,0.0000,8.078,6.359,13.873,11.893,14.714,9.428,7.777,8.997,9.785,30.598944
14.600000,164.5756,133.0514,146.9433,52.7899,40.0053,47.8754,64.7899,51.4786,60.4647,89.5769,178.2116,82.1327,355.2950,330.9934,571.8428,224.6585,167.8722,114.7459,40.0000,45.0000,50.0000,55.0000,50.0000,45.0000,60.0000,55.0000,50.0000,-5.7350,0.0000,-8.6847,0.0000,0.0000,0.0000,0.0000,0.0000,0.0000,288.4174,252.3652,270.3913,324.4696,288.4174,306.4435,270.3913,252.3652,234.3391,0.0000,0.0000,0.0000,0.0000,0.0000,0.0000,0.0000,0.0000,0.0000,84.0216,56.0144,70.0180,83.9079,70.0180,84.0216,105.4422,108.9702,130.9074,0.508544,0.900000,0.741263,0.900000,0.900000,0.900000,0.900000,0.900000,0.900000,50.000000,50.044607,50.000000,50.076670,50.056607,50.205943,50.053743,50.029908,50.012932,17.1325,-7.8675,-20.6577,20.6577,0.0000,0.0000,0.0000,0.0000,-25.0000,7.832,10.530,6.983,13.388,9.752,15.479,13.064,6.680,10.453,21.485859
14.700000,153.4976,129.7700,142.3401,52.7158,37.2496,47.0371,65.3655,51.6563,58.1445,88.0325,175.1391,80.7167,349.1693,325.2867,561.9837,220.7852,164.9779,112.7675,40.0000,45.0000,50.0000,55.0000,50.0000,45.0000,60.0000,55.0000,50.0000,1.0668,0.0000,-4.4915,0.0000,0.0000,0.0000,0.0000,0.0000,0.0000,286.4696,250.6609,268.5652,322.2783,286.4696,304.3739,268.5652,250.6609,232.7565,1.2910,0.4572,0.0000,0.1575,0.1481,0.1914,0.1922,0.3113,0.0000,122.8023,81.0623,100.1837,120.6162,100.4804,120.6039,151.9202,157.2514,188.5230,0.508254,0.900000,0.742351,0.900000,0.900000,0.900000,0.900000,0.900000,0.900000,50.000000,50.036427,50.000000,50.063443,50.048797,50.189712,50.043351,50.021964,50.005257,20.9503,-3.8211,-22.5256,22.6755,0.0047,-0.0216,-0.0004,-0.0596,-24.8444,10.441,16.076,9.104,15.865,9.494,5.550,10.713,5.771,10.801,24.065503
14.800000,158.4557,137.5644,145.8560,52.2842,40.1674,48.1628,71.1025,52.5714,58.4216,89.0601,177.1835,81.6589,353.2452,329.0838,568.5437,223.3624,166.9037,114.0839,40.0000,45.0000,50.0000,55.0000,50.0000,45.0000,60.0000,55.0000,50.0000,-1.6027,0.0000,-9.4714,0.0000,0.0000,0.0000,0.0000,0.0000,0.0000,285.9130,250.1739,268.0435,321.6522,285.9130,303.7826,268.0435,250.1739,232.3043,0.0000,0.0000,0.0000,0.0000,0.0000,0.0000,0.0000,0.0000,0.0000,102.7726,68.5151,85.6439,102.9074,85.6439,102.7726,129.7227,134.0881,161.4888,0.508623,0.900000,0.744644,0.900000,0.900000,0.900000,0.900000,0.900000,0.900000,50.000000,50.035745,50.000000,50.057779,50.047526,50.184164,50.039034,50.016097,50.001914,19.1986,-5.8014,-20.2643,20.2643,0.0000,0.0000,0.0000,0.0000,-25.0000,11.975,14.926,9.382,9.622,19.744,6.469,13.765,10.217,9.570,22.864279
14.900000,159.9391,131.4793,146.0243,52.3123,40.7297,48.1870,65.2152,53.7219,58.3776,100.0578,199.0633,91.7426,396.8662,369.7212,638.7512,250.9446,187.5140,128.1717,40.0000,45.0000,50.0000,55.0000,50.0000,45.0000,60.0000,55.0000,50.0000,-10.3737,0.0000,-16.2452,0.0000,0.0000,0.0000,0.0000,0.0000,0.0000,289.6232,253.4203,271.5217,325.8261,289.6232,307.7246,271.5217,253.4203,235.3188,0.0000,0.0000,0.0000,0.0000,0.0000,0.0000,0.0000,0.0000,0.0000,0.0000,0.0000,0.0000,0.0000,0.0000,0.0000,0.0000,0.0000,0.0000,0.511009,0.900000,0.748577,0.900000,0.900000,0.900000,0.900000,0.900000,0.900000,50.000000,50.039513,50.000000,50.062625,50.059313,50.203487,50.029251,50.005624,50.000458,14.8131,-9.5716,-16.8774,16.8774,0.0000,0.0000,0.0000,-6.0922,-18.2926,11.134,12.339,10.815,9.716,12.905,18.071,13.668,14.575,10.686,18.237939
15.000000,162.1111,134.7441,139.6602,53.4414,37.0665,46.0843,66.5553,54.3804,58.4227,81.5451,162.2325,74.7684,323.4379,301.3153,520.5693,204.5148,152.8201,104.4573,40.0000,45.0000,50.0000,55.0000,50.0000,45.0000,60.0000,55.0000,50.0000,-2.9837,0.0000,-1.2982,0.0000,0.0000,0.0000,0.0000,0.0000,0.4792,280.6725,245.5884,263.1304,315.7565,280.6725,298.2145,263.1304,245.5884,228.0464,0.0000,0.8988,0.0000,0.9004,1.3271,1.8506,2.4621,2.6266,4.4929,0.0000,1.7978,0.0000,1.8011,2.6546,3.7017,4.9247,5.2536,8.9856,0.511695,0.900000,0.748891,0.900000,0.900000,0.900000,0.900000,0.900000,0.899879,50.000000,50.033335,50.000000,50.044674,50.044511,50.178074,50.015143,50.003694,49.999826,18.0587,-9.5822,-23.9015,23.9007,-0.2133,-0.2618,-0.3058,-19.2762,-7.5832,14.847,8.946,9.063,15.121,9.485,6.331,4.524,16.847,10.445,17.400244
15.100000,150.6991,129.8002,138.3240,49.5372,38.6777,45.8070,63.2341,50.2669,54.0721,98.9471,196.8535,90.7242,392.4607,365.6171,631.6606,248.1590,185.4325,126.7489,40.0000,45.0000,50.0000,55.0000,50.0000,45.0000,60.0000,55.0000,50.0000,-11.7099,0.0000,-18.4830,0.0000,0.0000,0.0000,0.0000,0.0000,-0.5662,277.9362,243.1942,260.5652,312.6783,277.9362,295.3072,260.5652,243.1942,225.8232,0.0000,0.0000,0.0000,0.0000,0.0000,0.0000,0.0000,0.0000,0.0000,0.0000,0.0000,0.0000,0.0000,0.0000,0.0000,0.0000,0.0000,0.0000,0.514389,0.900000,0.753366,0.900000,0.900000,0.900000,0.900000,0.900000,0.900000,50.000000,50.040339,50.000000,50.058578,50.059504,50.201424,50.020813,50.000219,49.999553,14.1450,-8.3561,-15.7585,15.7585,0.0000,0.0000,0.0000,-3.7474,-18.7537,11.318,9.857,6.580,4.855,6.763,6.019,14.147,9.789,17.429,18.557271
15.200000,147.7150,121.9513,133.6652,49.4952,36.7476,45.2575,61.4194,49.0428,54.5594,95.3941,189.7849,87.4665,378.3682,352.4884,608.9788,239.2480,178.7739,122.1976,40.0000,45.0000,50.0000,55.0000,50.0000,45.0000,60.0000,55.0000,50.0000,-7.2599,0.0000,-12.5230,0.0000,0.0000,0.0000,0.0000,0.0000,0.0000,275.8493,241.3681,258.6087,310.3304,275.8493,293.0899,258.6087,241.3681,224.1275,0.0000,0.0000,0.0000,0.0000,0.0000,0.0000,0.0000,0.0000,0.0000,0.0000,0.0000,0.0000,0.0000,0.0000,0.0000,0.0000,0.0000,0.0000,0.516058,0.900000,0.756398,0.900000,0.900000,0.900000,0.900000,0.900000,0.900000,50.000000,50.038875,50.000000,50.060478,50.061479,50.206094,50.020278,49.998712,49.999436,16.3701,-7.3152,-18.7385,18.7385,0.0000,0.0000,0.0000,-6.7757,-16.9096,11.325,13.915,10.142,5.208,7.862,6.925,12.198,12.107,12.593,17.706356
15.300000,146.7925,123.1586,131.3351,47.3156,36.1769,42.5288,59.0481,49.1229,54.3705,90.6164,180.2798,83.0859,359.4183,334.8347,578.4792,227.2657,169.8204,116.0775,40.0000,45.0000,50.0000,55.0000,50.0000,45.0000,60.0000,55.0000,50.0000,-0.2204,0.0000,-3.1167,0.0000,0.0000,0.0000,0.0000,0.0000,0.0000,278.7246,243.8841,261.3043,313.5652,278.7246,296.1449,261.3043,243.8841,226.4638,0.5054,0.5232,0.0000,0.4044,0.5636,0.7810,1.0171,1.1284,1.7288,1.0307,1.0629,0.0000,0.8276,1.1526,1.5941,2.0685,2.2896,3.4851,0.516109,0.900000,0.757152,0.900000,0.900000,0.900000,0.900000,0.900000,0.900000,50.000000,50.035035,50.000000,50.053390,50.055669,50.197126,50.015324,49.999203,49.999387,19.8809,-6.1228,-23.1801,23.2394,-0.0796,-0.1087,-0.1181,-12.5260,-13.2307,8.790,10.679,8.561,8.009,4.130,8.362,11.752,11.603,7.660,17.009635
15.400000,140.0768,119.3796,127.7867,45.6083,35.7493,42.6217,58.8056,47.8401,51.9469,82.5217,164.1754,75.6638,327.3114,304.9239,526.8036,206.9641,154.6503,105.7083,40.0000,45.0000,50.0000,55.0000,50.0000,45.0000,60.0000,55.0000,50.0000,0.6175,0.0000,-1.1008,0.0000,0.0000,0.0000,0.0000,0.0000,0.0000,282.2957,247.0087,264.6522,317.5826,282.2957,299.9391,264.6522,247.0087,229.3652,5.9680,5.0737,3.7082,4.5482,4.7994,5.2041,5.5915,5.9050,6.5408,13.1116,11.3228,8.5942,10.2717,10.7745,11.5841,12.3590,12.9860,14.2574,0.515941,0.900000,0.757419,0.900000,0.900000,0.900000,0.900000,0.900000,0.900000,50.000000,50.030522,50.000000,50.042059,50.046281,50.178988,50.010117,50.004576,49.999368,20.7559,-5.4335,-23.7668,24.0296,-0.1256,-0.2024,-0.1937,-22.4159,-3.5147,2.403,10.123,12.029,5.546,6.566,14.216,13.497,10.687,9.269,17.664732
15.500000,136.7162,109.5095,125.3262,43.1543,34.2488,39.7992,56.0366,44.8784,52.2773,71.7522,142.7497,65.7893,284.5955,265.1297,458.0530,179.9542,134.4676,91.9128,40.0000,45.0000,50.0000,55.0000,50.0000,45.0000,60.0000,55.0000,50.0000,3.0481,0.0000,-0.3451,0.0000,0.0000,0.0000,0.0000,0.0000,3.4243,290.4116,254.1101,272.2609,326.7130,290.4116,308.5623,272.2609,254.1101,235.9594,12.2856,10.9015,9.8173,9.4230,8.8826,8.2360,8.1588,5.9086,11.7801,26.6095,23.8413,21.6732,20.8845,19.8036,18.5104,18.3560,13.8555,25.5986,0.515113,0.900000,0.757502,0.900000,0.900000,0.900000,0.900000,0.900000,0.899134,50.000000,50.022398,50.000000,50.024071,50.029960,50.146506,50.010309,50.000592,49.999362,21.2906,-5.4185,-23.3599,25.0246,0.2702,0.3233,-18.0965,-8.2398,-2.6311,11.210,12.361,5.929,14.236,8.781,13.565,13.050,10.119,7.323,16.828443
15.600000,141.9550,122.2936,131.8604,48.4106,35.3813,43.7472,60.8914,48.0518,52.1933,85.4981,170.0970,78.3929,339.1171,315.9221,545.8047,214.4290,160.2283,109.5211,40.0000,45.0000,50.0000,55.0000,50.0000,45.0000,60.0000,55.0000,50.0000,0.7581,0.0000,-1.3669,0.0000,0.0000,0.0000,0.0000,0.0000,0.1798,283.5942,248.1449,265.8696,319.0435,283.5942,301.3188,265.8696,248.1449,230.4203,4.7357,3.6314,1.9368,2.9821,3.2964,3.8008,4.2828,4.6708,5.4639,10.6473,8.4387,5.0464,7.1401,7.7686,8.7773,9.7413,10.5174,12.1035,0.514907,0.900000,0.757833,0.900000,0.900000,0.900000,0.900000,0.900000,0.899089,50.000000,50.025994,50.000000,50.031950,50.036494,50.158523,50.009345,50.003926,49.999361,20.9312,-5.5543,-23.4692,23.7939,-0.1572,-0.2522,-0.2410,-20.1264,-6.0334,14.818,15.279,6.833,11.521,10.009,10.927,8.233,8.257,13.850,17.365050
15.700000,131.3722,107.7728,119.5150,44.3859,32.6758,38.0320,54.8075,43.1165,48.1136,89.0601,177.1835,81.6589,353.2452,329.0838,568.5437,223.3624,166.9037,114.0839,40.0000,45.0000,50.0000,55.0000,50.0000,45.0000,60.0000,55.0000,50.0000,1.2859,0.0000,-0.6933,0.0000,0.0000,0.0000,0.0000,0.0000,-1.1420,288.4638,252.4058,270.4348,324.5217,288.4638,306.4928,270.4348,252.4058,234.3768,8.5231,7.2197,6.2593,6.6912,6.7493,6.9177,7.0296,7.2701,7.0644,18.2224,15.6157,13.6949,14.5586,14.6747,15.0114,15.2353,15.7162,15.3047,0.514557,0.900000,0.758001,0.900000,0.900000,0.900000,0.900000,0.900000,0.899333,50.000000,50.027156,50.000000,50.040509,50.044520,50.171599,50.011071,50.007957,49.999363,21.2947,-3.5328,-24.1731,24.4374,-0.0291,-0.0842,-0.0559,-21.3131,-3.6095,11.557,13.200,0.464,9.264,13.566,9.623,12.933,7.991,9.991,17.521600
15.800000,117.8552,99.2576,109.4802,40.4975,29.4400,35.8324,49.8816,38.7809,43.4597,79.6151,158.3929,72.9988,315.7829,294.1839,508.2486,199.6744,149.2032,101.9851,40.0000,45.0000,50.0000,55.0000,50.0000,45.0000,60.0000,55.0000,50.0000,5.5573,0.0000,0.6201,0.0000,0.0000,0.0000,0.0000,0.0000,3.9646,290.0406,253.7855,271.9130,326.2957,290.0406,308.1681,271.9130,253.7855,235.6580,14.9913,12.6898,12.2588,10.5586,9.2585,7.6356,6.9096,2.9208,11.0878,32.0216,27.4184,26.5551,23.1558,20.5556,17.3098,15.8580,7.8807,24.2145,0.513047,0.900000,0.757824,0.900000,0.900000,0.900000,0.900000,0.900000,0.898331,50.000000,50.023764,50.000000,50.033862,50.037408,50.157752,50.009371,50.002016,49.999366,23.9294,-2.7250,-25.0945,26.1602,0.6500,0.8115,-10.8155,-14.3271,-4.0390,9.056,11.770,10.324,15.273,13.809,10.982,10.194,11.791,5.461,17.332014
15.900000,120.5192,99.3342,110.1254,39.6069,29.4959,36.0042,49.6666,40.1596,44.3363,73.3266,145.8820,67.2329,290.8404,270.9474,468.1039,183.9029,137.4182,93.9296,40.0000,45.0000,50.0000,55.0000,50.0000,45.0000,60.0000,55.0000,50.0000,4.8342,0.0000,0.3736,0.0000,0.0000,0.0000,0.0000,0.0000,3.4157,297.2754,260.1159,278.6957,334.4348,297.2754,315.8551,278.6957,260.1159,241.5362,18.8523,16.7971,16.3083,14.9131,13.8294,12.4833,11.9042,8.4999,15.6252,39.7430,35.6327,34.6555,31.8646,29.6972,27.0049,25.8468,19.0382,33.2889,0.511734,0.900000,0.757717,0.900000,0.900000,0.900000,0.900000,0.900000,0.897468,50.000000,50.025034,50.000000,50.025229,50.028634,50.139790,50.013598,49.999434,49.999370,15.9948,-3.1474,-17.4925,23.8906,2.5356,0.6731,-22.2736,-3.2347,-3.2407,4.648,14.683,5.561,10.192,11.990,13.062,18.211,9.390,15.821,14.197338
16.000000,104.3417,91.2102,96.3755,36.2498,27.6695,31.6348,44.5219,36.2549,37.5928,77.0115,153.2129,70.6115,305.4559,284.5632,491.6274,193.1445,144.3238,98.6499,40.9057,45.0000,50.0000,55.0000,50.0000,45.0000,60.0000,55.0000,50.0000,6.8438,0.0000,1.2730,0.0000,0.0000,0.0000,0.0000,0.0000,3.6179,305.2522,267.0957,286.1739,343.4087,305.2522,324.3304,286.1739,267.0957,248.0174,24.7036,21.8739,21.9585,19.5152,17.8108,15.6707,14.5329,9.8262,18.3945,51.4459,45.7864,45.9554,41.0691,37.6602,33.3799,31.1042,21.6908,38.8274,0.509874,0.900000,0.757353,0.900000,0.900000,0.900000,0.900000,0.900000,0.896553,50.000000,50.030578,50.000000,50.026006,50.029989,50.137556,50.018012,49.998317,49.999373,13.9534,-0.2471,-14.3426,26.0066,1.7037,1.0700,-23.6849,-0.8929,-4.0606,6.516,4.122,11.545,7.052,12.158,6.604,11.388,10.018,6.409,13.781929
16.100000,112.4394,92.4228,102.1692,36.4543,28.5650,32.5617,46.0587,37.9755,42.6720,98.6707,196.3036,90.4708,391.3644,364.5958,629.8962,247.4658,184.9145,126.3948,40.0000,45.0000,50.0000,55.0000,50.0000,45.0000,60.0000,55.0000,50.0000,2.8656,0.0000,0.1391,0.0000,0.0000,0.0000,0.0000,0.0000,-3.5638,297.1362,259.9942,278.5652,334.2783,297.1362,315.7072,278.5652,259.9942,241.4232,13.9949,11.6836,11.5368,11.1050,10.7419,10.4030,9.9167,10.0159,7.9383,29.1657,24.5430,24.2493,23.3859,22.6597,21.9819,21.0094,21.2077,17.0525,0.509095,0.900000,0.757313,0.900000,0.900000,0.900000,0.900000,0.900000,0.897316,50.000000,50.031978,50.000000,50.048738,50.052801,50.180156,50.019948,50.008247,49.999377,22.5885,0.7784,-24.9962,25.2854,0.1816,0.1694,0.2431,-18.6017,-4.0919,12.720,13.623,5.237,12.993,16.368,8.765,9.432,7.038,11.538,17.419085
16.200000,105.7259,84.1602,98.5446,35.2812,26.9141,31.5794,46.3009,36.1144,38.9887,95.6643,190.3225,87.7143,379.4400,353.4870,610.7040,239.9258,179.2804,122.5437,40.0000,45.0000,50.0000,55.0000,50.0000,45.0000,60.0000,55.0000,50.0000,3.4294,0.0000,-0.1196,0.0000,0.0000,0.0000,0.0000,0.0000,-3.7043,300.7536,263.1594,281.9565,338.3478,300.7536,319.5507,281.9565,263.1594,244.3623,18.2527,15.3879,14.8801,14.5952,14.2435,13.9581,13.4997,13.6917,11.4781,37.6813,31.9519,30.9371,30.3664,29.6631,29.0922,28.1755,28.5593,24.1323,0.508163,0.900000,0.757342,0.900000,0.900000,0.900000,0.900000,0.900000,0.898108,50.000000,50.030379,50.000000,50.056195,50.060553,50.197006,50.020741,50.016198,49.999380,23.1471,1.4922,-24.6863,25.0827,0.1758,0.1427,0.2292,-23.9783,1.3793,12.340,14.703,6.928,16.741,10.787,12.734,2.145,9.757,7.138,18.173795
16.300000,85.8169,77.7739,83.2150,30.0523,22.5804,26.6850,38.8205,30.2033,32.0210,82.5217,164.1754,75.6638,327.3114,304.9239,526.8036,206.9641,154.6503,105.7083,40.0000,45.0000,50.0000,55.0000,50.0000,45.0000,60.0000,55.0000,50.0000,13.8016,0.0000,4.3538,0.0000,0.0000,0.0000,0.0000,0.0000,0.8597,309.9826,271.2348,290.6087,348.7304,309.9826,329.3565,290.6087,271.2348,251.8609,29.2783,23.2143,25.7872,19.6441,15.9223,11.2419,7.9861,0.0000,9.5170,151.4855,108.3882,129.0233,133.6029,109.2939,115.4168,137.3711,138.9746,140.1083,0.504413,0.900000,0.756097,0.900000,0.900000,0.900000,0.900000,0.900000,0.897891,50.000000,50.023488,50.000000,50.046023,50.044293,50.169459,50.009907,50.005506,49.999384,29.9328,10.8924,-28.4633,30.2484,1.8609,2.3402,1.6279,-23.5070,-3.1475,8.202,12.227,7.316,11.320,9.919,10.834,4.242,10.365,4.159,21.291172
16.400000,88.5764,76.2027,85.7180,29.8793,23.8009,27.7892,39.2295,30.8476,32.7639,84.7474,168.6035,77.7046,336.1395,313.1481,541.0123,212.5462,158.8215,108.5594,45.7831,45.0000,50.0000,55.0000,50.0000,45.0000,60.0000,55.0000,50.0000,8.4783,0.0000,2.1857,0.0000,0.0000,0.0000,0.0000,0.0000,4.1720,312.3014,273.2638,292.7826,351.3391,312.3014,331.8203,292.7826,273.2638,253.7449,27.5593,24.1957,25.0454,21.5316,19.2608,16.3818,14.6934,8.8521,18.4328,57.1570,50.4298,52.1290,45.1015,40.5599,34.8020,31.4252,19.7427,38.9040,0.502109,0.900000,0.755471,0.900000,0.900000,0.900000,0.900000,0.900000,0.896836,50.000000,50.031841,50.000000,50.041336,50.043488,50.165785,50.016345,50.000854,49.999388,14.5837,4.1515,-12.2889,27.8497,1.1354,1.4395,-19.6593,-4.0759,-4.8328,10.607,9.869,10.578,10.697,8.155,1.447,17.087,4.770,13.055,13.006271
16.500000,81.2012,65.4083,71.9954,25.7001,20.4696,24.6182,34.8216,26.8229,29.6598,86.2533,171.5993,79.0853,342.1122,318.7123,550.6253,216.3229,161.6435,110.4884,40.0000,45.0000,50.0000,55.0000,50.0000,45.0000,60.0000,55.0000,50.0000,14.6597,0.0000,5.9508,0.0000,0.0000,0.0000,0.0000,0.0000,0.6143,320.2783,280.2435,300.2609,360.3130,320.2783,340.2957,300.2609,280.2435,260.2261,32.5607,26.8506,31.0717,23.3759,18.9712,13.3344,9.3506,0.0000,10.4728,161.9215,118.5577,143.2139,144.5261,119.0131,123.9479,143.2116,141.5466,145.9266,0.498125,0.900000,0.753769,0.900000,0.900000,0.900000,0.900000,0.900000,0.896681,50.000000,50.022923,50.000000,50.043184,50.040115,50.159547,50.009225,49.998836,49.999391,30.1849,12.6129,-30.0859,31.8233,2.2023,2.8184,1.9919,-22.8247,-3.4973,15.117,7.823,11.209,15.621,17.040,12.385,9.375,4.273,8.254,21.626617
16.600000,76.8552,66.3591,68.7263,24.4468,19.4039,22.7218,31.7503,23.9167,27.9176,66.9509,133.1977,61.3871,265.5521,247.3888,427.4027,167.9127,125.4698,85.7625,70.0000,45.0000,74.8992,55.0000,50.0000,45.0000,60.0000,62.0216,68.9018,21.3331,0.0624,21.4312,0.0000,0.0000,0.0000,0.0000,11.1653,14.8245,319.3043,279.3913,299.3478,359.2174,319.3043,339.2609,299.3478,279.3913,259.4348,25.1147,5.7430,23.3991,3.1612,0.0000,6.8273,10.7257,16.5231,19.4154,53.0766,14.2619,49.5050,8.8923,2.5117,16.4866,24.3272,35.9357,41.7107,0.492328,0.899981,0.747639,0.900000,0.900000,0.900000,0.900000,0.896966,0.892934,50.000000,50.006539,50.000000,50.012720,50.013243,50.109499,50.000592,49.997965,49.999395,28.4244,9.1888,-27.0784,29.7016,5.1631,21.5863,-34.2651,-9.3557,-4.9874,11.000,4.813,8.167,10.889,8.760,7.290,6.775,9.364,6.229,21.087488
16.700000,71.6814,65.2697,67.9126,24.6357,19.4192,22.1444,31.7057,24.4848,28.4088,75.1540,149.5175,68.9084,298.0884,277.6997,479.7695,188.4859,140.8428,96.2705,64.8294,45.0000,50.0000,55.0000,50.0000,45.0000,60.0000,55.0000,54.3119,16.0272,-0.0737,14.7957,0.0000,0.0000,0.0000,0.0000,-3.0312,2.6763,319.4435,279.5130,299.4783,359.3739,319.4435,339.4087,299.4783,279.5130,259.5478,21.0367,6.6065,25.2718,14.2707,11.0784,6.3367,0.0000,1.6032,6.0151,106.6125,75.3473,106.1726,107.3328,99.8617,105.9129,136.0988,120.8592,108.4299,0.487973,0.900000,0.743407,0.900000,0.900000,0.900000,0.900000,0.897663,0.892257,50.000000,49.999417,50.000000,50.011529,50.005195,50.100257,49.996848,49.997594,49.999399,25.1803,18.9966,-19.2674,37.8984,1.5962,2.3709,-26.8317,1.1317,-3.0818,5.934,6.836,18.383,3.765,7.947,11.618,7.741,15.722,6.715,19.626139
16.800000,52.2713,43.7779,48.4779,16.7156,13.1485,15.9395,20.7888,17.9061,19.5333,79.8547,158.8695,73.2185,316.7331,295.0691,509.7780,200.2752,149.6522,102.2919,70.9196,45.0000,57.4647,55.0000,50.0000,45.0000,60.0000,58.9042,63.4944,22.1675,0.0000,18.0107,0.0000,0.0000,0.0000,0.0000,6.7188,11.8837,326.5391,285.7217,306.1304,367.3565,326.5391,346.9478,306.1304,285.7217,265.3130,33.6180,12.5332,36.1592,23.7644,20.7360,16.2701,8.1953,16.0003,22.2501,67.7081,25.5411,72.7995,43.6651,37.0696,33.0266,16.8711,32.4739,44.9682,0.481949,0.900000,0.738255,0.900000,0.900000,0.900000,0.900000,0.895837,0.889253,50.000000,49.996333,50.000000,50.021399,50.017317,50.111151,49.995237,49.997442,49.999402,34.5859,14.0927,-27.0507,26.9812,9.3073,11.3937,-25.9626,-8.7471,-6.4150,12.360,13.126,7.307,8.125,10.354,8.025,15.974,8.916,7.055,19.836958
16.900000,40.9082,34.8858,38.3194,13.9868,10.5319,12.6474,17.8926,14.2864,14.8370,91.6640,182.3640,84.0464,363.5734,338.7056,585.1668,229.8931,171.7836,117.4194,74.7330,45.0000,50.0000,55.0000,50.0000,45.0000,60.0000,60.2055,65.9641,25.9803,0.0000,22.7437,0.0000,0.0000,0.0000,0.0000,7.9632,14.3467,331.8725,290.3884,311.1304,373.3565,331.8725,352.6145,311.1304,290.3884,269.6464,33.0465,9.3946,38.5166,22.1510,17.5860,11.3091,0.0779,10.3724,19.0856,65.5404,18.7441,77.5044,39.3230,31.3031,24.5054,3.2668,21.7672,37.1073,0.474890,0.900000,0.731749,0.900000,0.900000,0.900000,0.900000,0.893673,0.885627,50.000000,49.995009,50.000000,50.025020,50.025329,50.134247,49.994554,49.997384,49.999406,39.6827,16.7386,-28.4329,44.5546,2.2825,3.1384,-24.3844,-11.2367,-8.8657,17.654,12.976,12.313,7.594,10.602,9.555,13.427,8.663,12.912,22.782465
17.000000,34.3260,28.4178,30.9589,11.2982,8.6423,10.0363,13.7870,11.1664,12.9598,112.8290,224.4713,103.4525,447.5214,416.9117,650.0000,282.9747,211.4479,144.5313,57.5680,45.0000,50.0000,55.0000,50.0000,45.0000,60.0000,55.0000,52.4864,8.2329,0.0000,6.2671,0.0000,0.0000,0.0000,0.0000,-18.0822,-5.8550,334.0986,292.3362,313.2174,375.8609,334.0986,354.9797,313.2174,292.3362,271.4551,44.5598,40.5623,45.2805,37.4641,33.1161,27.4435,23.6191,13.7449,26.2361,76.5828,68.3090,77.2584,49.7814,42.7776,38.4990,34.6914,15.0867,40.2154,0.472652,0.900000,0.729957,0.900000,0.900000,0.900000,0.900000,0.897832,0.886879,50.000000,50.030743,50.000000,50.061348,50.062415,50.175790,50.013714,49.997368,49.999409,15.1757,18.3061,-10.7691,32.0418,2.1740,2.8363,-6.3156,-7.2803,-9.5567,7.253,10.684,7.890,14.067,10.807,5.658,1.660,8.629,13.672,13.815454
17.100000,27.4798,23.5247,27.0838,10.0378,6.8929,8.4358,12.2608,9.4631,10.3242,120.8632,240.4552,110.8190,479.3881,446.5988,650.0000,300.0000,226.5045,154.8229,55.0239,45.0000,50.0000,55.0000,50.0000,45.0000,60.0000,55.0000,51.2420,13.5357,0.0000,7.6708,0.0000,0.0000,0.0000,0.0000,-9.4246,-0.8387,336.0000,294.0000,315.0000,378.0000,336.0000,357.0000,315.0000,294.0000,273.0000,45.2993,40.0734,45.6618,35.9056,30.4038,23.2337,18.4869,5.7191,22.6152,73.7981,64.4043,73.7646,46.9626,38.3158,32.6887,27.9179,6.7379,33.9586,0.468974,0.900000,0.727763,0.900000,0.900000,0.900000,0.900000,0.900000,0.887059,50.000000,50.044660,50.000000,50.084916,50.084564,50.192014,50.018002,49.997370,49.999413,21.8827,19.9823,-16.6196,33.7135,2.7509,3.5851,1.0038,-15.0342,-11.2999,3.994,3.235,11.032,15.545,12.512,5.256,10.227,8.469,7.565,16.864495
17.200000,27.5364,22.3757,25.2739,9.3109,7.1679,7.8548,11.4798,9.3102,10.1742,111.0270,220.8862,101.8002,440.3739,410.2531,650.0000,278.4553,208.0708,142.2229,76.2036,45.0000,50.2207,55.0000,50.0000,45.0000,60.0000,55.0000,61.4957,27.8703,0.0000,27.7202,0.0000,0.0000,0.0000,0.0000,0.0000,10.6994,340.9159,298.3014,319.6087,383.5304,340.9159,362.2232,319.6087,298.3014,276.9942,34.3558,4.0064,43.6441,27.8444,26.9742,21.8263,18.8626,11.4437,19.6638,63.9229,6.0332,70.9495,39.1855,36.1721,31.7110,28.3613,14.4767,31.8676,0.461401,0.900000,0.719833,0.900000,0.900000,0.900000,0.900000,0.900000,0.884354,50.000000,50.015716,50.000000,50.074476,50.078361,50.197397,50.020073,49.997379,49.999416,44.7117,22.8501,-36.2893,46.8703,0.4351,2.5740,-13.3550,-8.9538,-13.1429,10.479,3.490,11.404,9.468,10.182,13.543,13.442,8.714,10.413,24.083186
17.300000,23.4765,19.9070,21.6257,7.8191,6.0750,7.2121,9.9345,7.7624,9.0235,96.2063,191.4008,88.2112,381.5898,355.4897,614.1641,241.2852,180.2961,123.2380,70.6353,45.0000,50.0000,55.0000,50.0000,45.0000,60.0000,55.0000,54.9865,23.3581,0.0000,22.1358,0.0000,0.0000,0.0000,0.0000,0.0000,4.2275,343.8377,300.8580,322.3478,386.8174,343.8377,365.3275,322.3478,300.8580,279.3681,37.1242,20.3237,44.8965,27.2694,20.6466,12.2263,0.0000,4.7961,13.5084,121.5218,84.4186,115.3658,112.7357,104.5409,110.5593,144.5156,129.2703,117.9404,0.455053,0.900000,0.713502,0.900000,0.900000,0.900000,0.900000,0.900000,0.883285,50.000000,50.003121,50.000000,50.057389,50.050559,50.178848,50.005162,49.997392,49.999420,31.8642,28.7649,-24.8215,44.8814,3.3114,4.2101,-23.8869,-0.3929,-6.4010,6.671,6.421,6.940,7.456,5.426,12.276,6.566,13.708,14.008,23.522870
17.400000,19.3408,15.9217,16.6246,6.0124,4.3822,5.6199,7.5764,6.1988,6.7894,124.3740,247.4399,114.0380,493.3131,459.5714,650.0000,300.0000,233.0839,159.3201,47.5260,45.0000,50.0000,55.0000,50.0000,45.0000,60.0000,55.0000,50.0000,23.9340,0.0000,12.1197,0.0000,0.0000,0.0000,0.0000,0.0000,1.9563,346.8986,303.5362,325.2174,390.2609,346.8986,368.5797,325.2174,303.5362,281.8551,56.1895,48.3826,57.9020,43.1763,35.1237,24.6420,17.2233,0.0000,18.9450,191.7077,139.9475,171.3443,174.4309,136.3242,146.4411,193.3677,203.7312,188.5670,0.448550,0.900000,0.710035,0.900000,0.900000,0.900000,0.900000,0.900000,0.882791,50.000000,50.021222,50.000000,50.088292,50.080542,50.188407,50.012703,49.997406,49.999423,39.6334,27.9439,-35.8196,38.4227,4.0263,5.2408,3.7094,-18.8884,-8.3809,6.583,11.413,12.533,15.189,7.266,15.613,11.384,8.170,8.895,26.637902
17.500000,16.5034,14.5990,15.2853,5.6359,4.2760,5.1004,7.0320,5.8121,6.3658,116.8001,232.3717,107.0935,463.2721,431.5851,650.0000,292.9341,218.8899,149.6181,75.9578,45.0000,50.0000,55.0000,50.0000,45.0000,60.0000,55.0000,57.4138,27.6246,0.0000,24.2099,0.0000,0.0000,0.0000,0.0000,0.0000,6.6027,346.1565,302.8870,324.5217,389.4261,346.1565,367.7913,324.5217,302.8870,281.2522,31.2634,5.4571,38.1912,22.5051,19.8785,13.4412,9.1964,0.0000,8.4218,109.5482,66.8058,93.8980,96.0546,100.8412,110.3924,126.6190,145.5180,120.3249,0.441043,0.900000,0.703110,0.900000,0.900000,0.900000,0.900000,0.900000,0.881122,50.000000,50.005426,50.000000,50.087336,50.073950,50.185578,50.013882,49.997421,49.999426,42.1944,30.7761,-30.9720,44.9480,1.3133,3.2186,2.1224,-22.9018,-9.1468,12.147,18.569,12.988,14.986,8.288,11.729,13.966,12.294,0.714,25.838877
17.600000,8.7655,7.4864,8.0115,2.9691,2.1436,2.7460,3.6577,2.9904,3.1715,111.3260,221.4810,102.0744,441.5599,411.3579,650.0000,279.2051,208.6312,142.6059,76.8421,45.0000,50.0000,55.0000,50.0000,45.0000,60.0000,55.0000,56.7353,28.5091,0.0000,24.6548,0.0000,0.0000,0.0000,0.0000,0.0000,5.9188,344.7652,301.6696,323.2174,387.8609,344.7652,366.3130,323.2174,301.6696,280.1217,37.7426,13.8501,45.9140,28.6689,24.7425,16.8568,11.4977,0.0000,10.5359,103.6153,75.3019,92.1073,95.8571,103.6565,111.5567,119.0601,133.9391,114.3945,0.433296,0.900000,0.696058,0.900000,0.900000,0.900000,0.900000,0.900000,0.879626,50.000000,49.998563,50.000000,50.083537,50.066403,50.185346,50.012935,49.997436,49.999430,42.1218,34.5268,-30.8594,45.9500,1.9632,3.9428,2.6796,-21.7511,-9.5201,11.318,11.677,10.193,5.436,17.286,9.524,18.233,12.297,1.576,25.679771
17.700000,12.4631,10.0638,11.2237,4.1311,3.1476,3.8845,5.2454,4.1196,4.6358,106.8971,212.6699,98.0135,423.9933,394.9929,650.0000,268.0975,200.3312,136.9326,75.7474,45.0000,50.0000,55.0000,50.0000,45.0000,60.0000,55.0000,53.1934,27.4125,0.0000,23.1597,0.0000,0.0000,0.0000,0.0000,0.0000,2.3695,347.1768,303.7797,325.4783,390.5739,347.1768,368.8754,325.4783,303.7797,282.0812,39.4287,18.0218,47.2828,30.2235,25.6725,17.4194,11.4803,0.0000,8.3799,177.9465,124.2831,154.0440,165.4881,161.6466,180.3443,215.4709,247.8829,206.6836,0.425847,0.900000,0.689433,0.900000,0.900000,0.900000,0.900000,0.900000,0.879027,50.000000,49.995594,50.000000,50.080498,50.057928,50.185468,50.014139,49.997451,49.999433,39.7834,38.9003,-28.7103,45.1095,2.2755,4.1266,2.9695,-21.7598,-4.8940,9.488,9.762,9.736,6.988,7.555,7.530,1.210,6.652,7.948,27.004092
17.800000,1.9336,1.5674,1.7084,0.6312,0.4823,0.5695,0.7675,0.6224,0.7061,106.0256,210.9361,97.2145,420.5368,391.7728,650.0000,265.9119,198.6981,135.8163,78.1042,45.0000,50.3891,55.0000,50.0000,45.0000,60.0000,55.0000,54.5181,31.5545,0.0000,29.2258,0.0000,0.0000,0.0000,0.0000,0.0000,4.5879,352.0000,308.0000,330.0000,396.0000,352.0000,374.0000,330.0000,308.0000,286.0000,46.5135,23.9158,56.7986,33.8919,25.6276,14.5877,0.0000,2.3702,13.2528,129.1826,104.0213,122.4909,138.1780,126.2404,135.1169,196.9235,173.7015,150.4758,0.417272,0.900000,0.681073,0.900000,0.900000,0.900000,0.900000,0.900000,0.877867,50.000000,49.994322,50.000000,50.069968,50.049576,50.179777,50.002395,49.997466,49.999437,42.2997,41.4865,-32.4204,51.2608,4.1321,5.5199,-22.7061,1.3149,-7.9144,5.590,9.672,12.461,11.636,15.057,13.345,9.351,13.960,5.859,27.728631
17.900000,14.4286,10.8128,12.5418,4.6193,3.6015,4.3103,5.9506,4.7561,5.1121,102.0215,202.9700,93.5431,404.6549,376.9772,650.0000,255.8696,191.1941,130.6871,73.7336,45.0000,50.0000,55.0000,50.0000,45.0000,60.0000,55.0000,54.2047,27.0224,0.0000,25.5822,0.0000,0.0000,0.0000,0.0000,0.0000,4.1833,344.9971,301.8725,323.4348,388.1217,344.9971,366.5594,323.4348,301.8725,280.3101,39.3237,20.3776,49.1501,29.1846,22.0393,12.3731,0.0000,0.9929,10.8352,143.3500,103.2670,134.3082,144.8885,129.3295,139.5984,205.8730,180.2283,154.5775,0.409929,0.900000,0.673756,0.900000,0.900000,0.900000,0.900000,0.900000,0.876810,50.000000,49.993790,50.000000,50.061176,50.042860,50.179965,49.997297,49.997481,49.999440,36.1310,35.0106,-28.4573,47.7739,3.5727,4.8331,-23.8135,2.0036,-7.0328,9.605,11.753,10.607,5.102,7.960,11.625,12.245,2.791,6.855,25.556676
18.000000,2.6216,2.2120,2.4086,0.8858,0.6628,0.7801,1.1085,0.8868,0.9651,94.8551,188.7126,86.9723,376.2305,350.4970,605.5383,237.8964,177.7639,121.5072,76.1677,45.0000,50.0000,55.0000,50.0000,45.0000,60.0000,55.0000,51.5282,33.6483,0.0000,30.2130,0.0000,0.0000,0.0000,0.0000,0.0000,3.5949,349.5420,305.8493,327.6957,393.2348,349.5420,371.3884,327.6957,305.8493,284.0029,48.2346,30.5973,59.3553,36.4108,27.0543,15.0849,0.0000,0.0000,10.8946,165.0374,135.4903,155.8974,172.3726,158.8320,172.9548,233.5401,216.2554,189.3365,0.400786,0.900000,0.665114,0.900000,0.900000,0.900000,0.900000,0.900000,0.875901,50.000000,49.993580,50.000000,50.053142,50.030867,50.163526,49.995098,49.997496,49.999443,36.8620,45.6013,-27.6208,51.5787,4.6783,5.9847,-22.4576,2.5000,-5.9240,6.149,7.742,7.681,9.922,6.050,17.299,9.423,7.028,14.370,26.512431
18.100000,0.0000,0.0000,0.0000,0.0000,0.0000,0.0000,0.0000,0.0000,0.0000,90.0957,179.2437,82.6084,357.3527,332.9103,575.1546,225.9596,168.8444,115.4104,75.4891,45.0000,50.0000,55.0000,50.0000,45.0000,60.0000,55.0000,52.4559,33.9820,0.3933,30.2818,0.0000,0.0000,0.0000,0.0000,0.0000,5.0292,346.4348,303.1304,324.7826,389.7391,346.4348,368.0870,324.7826,303.1304,281.4783,50.8978,34.3192,61.5594,38.4767,28.5386,16.3591,0.0000,2.5959,14.7828,128.1403,115.8604,124.7230,133.5884,130.4539,138.6527,164.9901,152.7060,140.4227,0.391551,0.899878,0.656452,0.900000,0.900000,0.900000,0.900000,0.900000,0.874630,50.000000,49.993510,50.000000,50.044843,50.021292,50.146694,49.994161,49.997511,49.999446,35.4087,43.6378,-26.1449,51.6823,4.9690,6.0898,-21.8205,1.2020,-7.7487,10.206,6.407,2.946,13.183,7.094,7.842,11.932,8.417,17.932,25.457324
18.200000,0.0000,0.0000,0.0000,0.0000,0.0000,0.0000,0.0000,0.0000,0.0000,91.6640,182.3640,84.0464,363.5734,338.7056,585.1668,229.8931,171.7836,117.4194,76.3138,45.0000,50.0000,55.0000,50.0000,45.0000,60.0000,55.0000,50.6295,34.8578,0.5618,30.9847,0.0000,0.0000,0.0000,0.0000,0.0000,3.2169,347.3159,303.9014,325.6087,390.7304,347.3159,369.0232,325.6087,303.9014,282.1942,50.0548,33.1074,61.3528,37.9430,28.0987,15.6883,0.0000,0.0000,10.8223,173.3938,144.9129,163.2373,181.5605,167.8542,183.3951,243.7965,230.3455,201.8714,0.382079,0.899703,0.647589,0.900000,0.900000,0.900000,0.900000,0.900000,0.873816,50.000000,49.993502,50.000000,50.043970,50.018413,50.140853,49.993774,49.997526,49.999450,36.3985,47.8687,-26.9540,52.1972,4.9221,6.2052,-22.1558,2.5000,-5.2446,14.918,10.712,4.965,10.262,6.158,13.791,10.215,10.817,13.156,26.660834
18.300000,2.0743,1.7033,1.8956,0.7281,0.5199,0.6114,0.8567,0.6598,0.7497,87.7768,174.6305,80.4822,348.1553,324.3421,560.3516,220.1440,164.4988,112.4400,75.1166,45.0000,50.0000,55.0000,50.0000,45.0000,60.0000,55.0000,50.1055,35.3563,3.1752,31.1224,0.0000,0.0000,0.0000,0.0000,0.0000,3.5381,350.8870,307.0261,328.9565,394.7478,350.8870,372.8174,328.9565,307.0261,285.0957,51.0603,36.4112,62.5034,39.2118,28.8695,16.1568,0.0000,0.0000,11.3951,175.4696,148.8794,166.4295,180.9181,169.9727,185.2754,233.2117,222.4167,197.9058,0.372471,0.898717,0.638687,0.900000,0.900000,0.900000,0.900000,0.900000,0.872922,50.000000,49.993520,50.000000,50.039564,50.011987,50.129052,49.993628,49.997540,49.999453,33.6267,47.8394,-24.6730,52.2070,5.1711,6.3564,-21.9216,2.5000,-5.4272,13.782,12.328,11.640,8.310,8.470,7.638,11.915,5.491,7.222,25.739805
18.400000,0.0000,0.0000,0.0000,0.0000,0.0000,0.0000,0.0000,0.0000,0.0000,83.2592,165.6427,76.3400,330.2367,307.6491,531.5118,208.8138,156.0325,106.6531,95.1105,65.7625,75.0000,55.0000,50.0000,45.0000,60.0000,55.0000,59.0100,40.0762,20.3610,43.2415,0.0000,0.0000,0.0000,0.0000,0.0000,4.7968,345.4145,302.2377,323.8261,388.5913,345.4145,367.0029,323.8261,302.2377,280.6493,40.1413,20.4259,43.2856,0.0000,8.1127,2.7032,0.0000,0.0000,4.8390,177.3739,143.0424,177.1477,211.2463,161.3980,186.6467,251.5605,246.0248,211.7036,0.361581,0.892394,0.626318,0.900000,0.900000,0.900000,0.900000,0.900000,0.871710,50.000000,49.993549,50.000000,50.007814,49.991237,50.106165,49.993585,49.997555,49.999456,29.5731,52.9356,-34.3050,64.8958,23.4436,2.7048,-28.6484,2.5000,-7.2283,9.307,17.563,10.554,6.877,10.716,8.586,10.563,11.079,6.256,30.711930
18.500000,2.9978,2.5354,3.1203,1.0304,0.7857,0.9495,1.3050,1.0173,1.1548,87.5217,174.1228,80.2483,347.1432,323.3992,558.7226,219.5040,164.0206,112.1132,74.8352,45.0000,50.0000,55.0000,50.0000,45.0000,60.0000,55.0000,50.0000,34.0413,1.7370,29.8851,0.0000,0.0000,0.0000,0.0000,0.0000,1.7212,343.0029,300.1275,321.5652,385.8783,343.0029,364.4406,321.5652,300.1275,278.6899,48.8876,33.5788,59.5920,37.1451,27.4193,15.3295,0.0000,0.0000,9.7410,195.6670,157.9888,182.2179,201.2398,183.7156,202.6313,270.2661,262.0348,227.3543,0.352331,0.891855,0.617769,0.900000,0.900000,0.900000,0.900000,0.900000,0.871274,50.000000,49.993583,50.000000,50.024786,50.001724,50.113609,49.993588,49.997569,49.999459,33.9374,47.7479,-24.7938,51.1660,4.8629,6.0449,-22.3352,2.5000,-3.6341,8.970,9.939,15.314,11.087,10.401,7.046,6.562,7.641,9.275,26.026443
18.600000,1.9843,1.7830,2.0090,0.7133,0.5152,0.6057,0.9021,0.7230,0.7728,87.0128,173.1105,79.7817,345.1249,321.5190,555.4743,218.2278,163.0670,111.4614,75.9026,45.0000,50.0000,55.0000,50.0000,45.0000,60.0000,55.0000,50.0000,33.4805,0.6015,29.5540,0.0000,0.0000,0.0000,0.0000,0.0000,-0.7716,335.5826,293.6348,314.6087,377.5304,335.5826,356.5565,314.6087,293.6348,272.6609,47.9361,31.8112,58.5145,36.2293,26.8162,14.9762,0.0000,0.0000,7.2589,232.5504,179.7949,211.2761,239.4597,212.3091,237.3933,334.4780,332.1076,281.3380,0.343233,0.891668,0.609316,0.900000,0.900000,0.900000,0.900000,0.900000,0.871440,50.000000,49.993620,50.000000,50.033946,50.007527,50.118444,49.993611,49.997583,49.999463,35.1951,50.0153,-25.5697,50.9196,4.7065,5.9200,-22.5119,2.5000,-1.1443,11.681,5.771,1.214,7.222,9.639,9.898,13.687,6.444,4.317,27.455245
18.700000,0.0000,0.0000,0.0000,0.0000,0.0000,0.0000,0.0000,0.0000,0.0000,103.4398,205.7916,94.8435,410.2803,382.2178,650.0000,259.4266,193.8520,132.5039,79.2552,45.0000,50.0000,55.0000,50.0000,45.0000,60.0000,55.0000,50.0000,32.5661,-6.8616,29.7218,0.0000,0.0000,0.0000,0.0000,0.0000,-1.7792,340.8232,298.2203,319.5217,383.4261,340.8232,362.1246,319.5217,298.2203,276.9188,45.7742,22.4153,56.1751,33.0925,25.0054,13.8498,0.0000,0.0000,5.6237,250.6509,181.6776,222.6466,263.6212,224.0830,252.7432,398.0609,388.6034,319.6292,0.334383,0.893471,0.600814,0.900000,0.900000,0.900000,0.900000,0.900000,0.871820,50.000000,49.993657,50.000000,50.052231,50.026952,50.149414,49.993642,49.997598,49.999466,43.7910,51.4773,-32.9417,51.4022,4.0436,5.5778,-23.0751,2.5000,0.1795,8.793,11.365,9.189,10.550,8.044,13.400,11.176,11.886,6.541,31.277595
18.800000,0.0000,0.0000,0.0000,0.0000,0.0000,0.0000,0.0000,0.0000,0.0000,75.8470,150.8963,69.5438,300.8371,280.2604,484.1936,190.2240,142.1416,97.1582,94.6451,67.9375,75.0000,55.0000,50.0000,45.0000,60.0000,55.0000,59.4405,39.6293,22.3262,41.0409,0.0000,0.0000,0.0000,0.0000,0.0000,5.2239,337.5304,295.3391,316.4348,379.7217,337.5304,358.6261,316.4348,295.3391,274.2435,39.6957,22.3931,41.0856,0.0000,2.5690,0.8565,0.0000,0.0000,5.2682,161.9708,135.9248,155.3730,174.8147,144.4960,171.1695,217.6454,214.0442,188.0126,0.323615,0.886538,0.589075,0.900000,0.900000,0.900000,0.900000,0.900000,0.870500,50.000000,49.993694,50.000000,50.012907,50.004811,50.102133,49.993677,49.997612,49.999469,25.9548,51.6228,-28.0591,61.5894,0.1489,26.9228,-29.5717,2.5000,-7.8622,7.820,12.981,16.684,11.811,13.585,9.099,6.167,5.708,10.988,32.008265
18.900000,0.0000,0.0000,0.0000,0.0000,0.0000,0.0000,0.0000,0.0000,0.0000,90.3558,179.7613,82.8469,358.3845,333.8716,576.8153,226.6120,169.3319,115.7436,77.5759,45.0000,50.0000,55.0000,50.0000,45.0000,60.0000,55.0000,50.0000,34.4247,0.1077,30.5826,0.0000,0.0000,0.0000,0.0000,0.0000,-1.5556,339.9420,297.4493,318.6957,382.4348,339.9420,361.1884,318.6957,297.4493,276.2029,49.1920,31.6155,60.1734,37.0267,27.4757,15.3291,0.0000,0.0000,6.6219,249.1946,191.0858,224.5916,258.1049,226.8115,254.5322,366.5891,365.4226,307.3118,0.314260,0.886504,0.580327,0.900000,0.900000,0.900000,0.900000,0.900000,0.870833,50.000000,49.993731,50.000000,50.031823,50.011494,50.118162,49.993713,49.997626,49.999472,37.5606,52.6695,-27.3423,51.8646,4.7755,6.0733,-22.3355,2.5000,-0.4267,10.514,14.503,12.669,10.917,5.538,16.840,11.586,12.825,12.614,28.994629
19.000000,0.0000,0.0000,0.0000,0.0000,0.0000,0.0000,0.0000,0.0000,0.0000,102.5872,204.0955,94.0619,406.8989,379.0677,650.0000,257.2884,192.2543,131.4118,79.0995,45.0000,50.0000,55.0000,50.0000,45.0000,60.0000,55.0000,50.0000,30.2445,-9.5303,24.7283,0.0000,0.0000,0.0000,0.0000,0.0000,-3.2624,327.1884,286.2899,306.7391,368.0870,327.1884,347.6377,306.7391,286.2899,265.8406,42.8759,18.7151,50.0225,31.6400,26.6568,17.8286,11.0216,0.0000,3.8375,263.6225,185.5538,220.6779,255.8020,235.2164,268.0955,354.3972,419.7664,341.6953,0.306041,0.889009,0.573253,0.900000,0.900000,0.900000,0.900000,0.900000,0.871531,50.000000,49.993768,50.000000,50.060555,50.033127,50.156758,50.009191,49.997640,49.999475,44.3711,50.4311,-30.6366,46.5554,2.4916,4.4141,3.4035,-21.9892,1.8212,14.977,7.779,4.888,9.190,13.944,8.531,10.373,11.702,13.690,33.512668
19.100000,3.8434,3.1653,3.6218,1.2567,0.9771,1.1686,1.6615,1.3288,1.4234,79.6151,158.3929,72.9988,315.7829,294.1839,508.2486,199.6744,149.2032,101.9851,76.2793,45.0000,50.0000,55.0000,50.0000,45.0000,60.0000,55.0000,50.0000,32.5280,2.3541,28.6000,0.0000,0.0000,0.0000,0.0000,0.0000,-4.8567,325.3333,284.6667,305.0000,366.0000,325.3333,345.6667,305.0000,284.6667,264.3333,46.9948,33.2562,57.4340,35.9830,26.5022,14.8272,0.0000,0.0000,3.1657,302.8987,224.7888,269.1896,307.5953,266.8962,302.9234,435.1572,447.5687,373.3161,0.297202,0.888278,0.565073,0.900000,0.900000,0.900000,0.900000,0.900000,0.872570,50.000000,49.993805,50.000000,50.045863,50.015261,50.128115,50.000426,49.997654,49.999478,32.9769,53.3576,-23.0929,50.0255,4.7404,5.8375,-22.5864,2.5000,2.9565,9.535,12.934,4.350,11.127,9.614,6.603,8.057,6.863,6.414,29.427915
19.200000,0.9531,0.8034,0.8848,0.3054,0.2340,0.2705,0.3795,0.3165,0.3483,79.6151,158.3929,72.9988,315.7829,294.1839,508.2486,199.6744,149.2032,101.9851,75.9386,45.0000,50.0000,55.0000,50.0000,45.0000,60.0000,55.0000,50.0000,32.8536,2.1129,28.8697,0.0000,0.0000,0.0000,0.0000,0.0000,-3.2516,321.3449,281.1768,301.2609,361.5130,321.3449,341.4290,301.2609,281.1768,261.0928,47.2067,32.8441,57.6424,36.0085,26.5588,14.8545,0.0000,0.0000,4.6979,267.9682,203.7957,239.8790,274.5049,240.4889,271.4847,386.1818,393.4705,330.2440,0.288275,0.887622,0.556815,0.900000,0.900000,0.900000,0.900000,0.900000,0.873265,50.000000,49.993841,50.000000,50.038938,50.008338,50.114723,49.996626,49.997668,49.999481,33.4293,51.8897,-23.6859,50.2518,4.7248,5.8521,-22.5727,2.5000,1.3902,6.718,7.653,8.824,3.992,13.658,10.396,8.872,5.528,6.381,28.192216
19.300000,0.0000,0.0000,0.0000,0.0000,0.0000,0.0000,0.0000,0.0000,0.0000,78.8993,156.9688,72.3425,312.9437,291.5389,503.6790,197.8792,147.8618,101.0681,76.9478,45.0000,50.0000,55.0000,50.0000,45.0000,60.0000,55.0000,50.0000,33.4374,2.6856,29.3608,0.0000,0.0000,0.0000,0.0000,0.0000,-4.5968,321.9478,281.7043,301.8261,362.1913,321.9478,342.0696,301.8261,281.7043,261.5826,48.2096,33.9589,58.8678,36.8599,27.1580,15.1938,0.0000,0.0000,3.5559,292.8654,221.2267,260.5725,299.9158,261.2443,296.0941,424.2146,436.1351,364.4990,0.279188,0.886788,0.548416,0.900000,0.900000,0.900000,0.900000,0.900000,0.874249,50.000000,49.993878,50.000000,50.036228,50.004472,50.106362,49.994991,49.997682,49.999484,33.9106,54.4335,-23.7275,50.6843,4.8510,5.9821,-22.4031,2.5000,2.6361,7.443,9.230,7.388,8.908,2.733,7.973,10.693,7.296,10.571,29.500066
19.400000,0.7637,0.6069,0.6883,0.2511,0.1853,0.2311,0.3089,0.2540,0.2764,69.7612,138.7887,63.9638,276.6987,257.7730,445.3431,174.9609,130.7365,89.3625,91.2074,65.4038,75.0000,55.0000,50.0000,45.0000,60.0000,55.0000,56.1603,36.1446,19.4206,37.9463,0.0000,0.0000,0.0000,0.0000,0.0000,1.8863,311.1884,272.2899,291.7391,350.0870,311.1884,330.6377,291.7391,272.2899,252.8406,36.2270,19.5003,37.9966,0.0000,1.0797,0.3599,0.0000,0.0000,1.9419,210.8773,162.1566,197.5282,231.5219,179.5786,214.4132,300.1864,306.0220,258.0808,0.269367,0.880757,0.537562,0.900000,0.900000,0.900000,0.900000,0.900000,0.873772,50.000000,49.993914,50.000000,50.005218,49.994812,50.076753,49.994299,49.997695,49.999488,25.0896,51.4132,-27.7639,56.9638,1.5103,25.8097,-29.8201,2.5000,-2.8763,5.753,7.473,7.620,13.735,8.737,8.675,4.175,6.557,10.877,35.527176
19.500000,1.7430,1.3881,1.5225,0.5595,0.4261,0.5272,0.7242,0.5746,0.6141,68.4546,136.1892,62.7658,271.5161,252.9449,437.0018,171.6839,128.2878,87.6887,90.7099,65.2137,92.5266,55.0000,50.0000,45.0000,60.0000,55.0000,54.9889,35.6372,19.1659,37.4782,0.0000,0.0000,0.0000,0.0000,0.0000,0.7007,307.8493,269.3681,288.6087,346.3304,307.8493,327.0899,288.6087,269.3681,250.1275,35.6315,19.1543,37.4717,0.0000,1.4286,0.4740,0.0000,0.0000,0.6930,236.0139,177.0892,218.5664,256.9893,199.1883,237.4030,338.4339,348.5922,291.4231,0.259683,0.874805,0.526842,0.900000,0.900000,0.900000,0.900000,0.900000,0.873595,50.000000,49.993950,50.000000,49.991764,49.990643,50.060555,49.994018,49.997709,49.999491,24.7116,52.4182,-27.4606,56.2383,1.1964,26.0666,-29.7630,2.5000,-1.0711,13.667,9.041,7.017,1.207,9.269,11.141,10.926,13.831,14.318,37.497954
19.600000,0.0000,0.0000,0.0000,0.0000,0.0000,0.0000,0.0000,0.0000,0.0000,64.6328,128.5858,59.2616,256.3575,238.8231,412.6042,162.0988,121.1255,82.7931,91.0653,66.1154,92.6497,55.0000,50.0000,45.0000,60.0000,55.0000,51.8002,35.9502,19.9653,37.5744,0.0000,0.0000,0.0000,0.0000,0.0000,-2.5176,304.1855,266.1623,285.1739,342.2087,304.1855,323.1971,285.1739,266.1623,247.1507,37.8670,21.2636,38.2302,0.0000,5.4215,1.8079,0.0000,0.0000,0.0000,286.6157,211.6328,256.9633,302.2940,243.3812,287.3610,412.8467,433.4771,361.6019,0.249913,0.868604,0.516094,0.900000,0.900000,0.900000,0.900000,0.900000,0.874134,50.000000,49.993985,50.000000,49.985961,49.988867,50.046285,49.993917,49.997723,49.999494,24.2850,57.4224,-26.0709,56.7271,-2.4710,29.0671,-29.0960,2.5000,2.4811,11.940,7.099,6.639,13.639,10.868,10.539,14.450,14.549,8.914,41.101416
19.700000,0.6361,0.5490,0.5879,0.2263,0.1610,0.2051,0.2808,0.2204,0.2436,85.2474,169.5982,78.1630,338.1226,314.9956,544.2041,213.8002,159.7585,109.1999,74.7417,45.0000,67.6497,55.0000,50.0000,45.0000,60.0000,55.0000,50.0000,28.1724,-5.3536,25.3904,0.0000,0.0000,0.0000,0.0000,0.0000,-2.4623,297.5536,260.3594,278.9565,334.7478,297.5536,316.1507,278.9565,260.3594,241.7623,39.6770,20.8270,48.4458,28.8503,21.7011,12.0415,0.0000,0.0000,4.0452,230.1867,166.5901,203.9021,240.2707,204.0715,230.8222,359.5404,355.4770,292.5200,0.242258,0.870012,0.508831,0.900000,0.900000,0.900000,0.900000,0.900000,0.874660,50.000000,49.994021,50.000000,50.018635,50.008524,50.092300,49.993893,49.997736,49.999497,36.6013,45.1288,-27.2238,47.4929,3.5746,4.8298,-23.9792,2.5000,1.3332,8.136,8.493,9.832,13.290,9.806,9.911,8.005,12.712,11.694,27.724895
19.800000,0.2516,0.2133,0.2342,0.0878,0.0658,0.0776,0.1093,0.0863,0.0970,93.5167,186.0498,85.7451,370.9216,345.5512,596.9937,234.5395,175.2555,119.7926,76.9273,45.0000,50.0000,55.0000,50.0000,45.0000,60.0000,55.0000,50.0000,26.4422,-11.0283,21.2916,0.0000,0.0000,0.0000,0.0000,0.0000,-4.5390,290.0870,253.8261,271.9565,326.3478,290.0870,308.2174,271.9565,253.8261,235.6957,35.6108,12.3639,41.1781,25.2288,21.3218,14.0513,8.2341,0.0000,0.0000,270.9161,183.3817,223.0907,262.4121,235.1606,270.6519,373.0926,446.8115,357.9429,0.235073,0.872910,0.502741,0.900000,0.900000,0.900000,0.900000,0.900000,0.875632,50.000000,49.994056,50.000000,50.050055,50.029372,50.136827,50.007881,49.997749,49.999500,41.8912,46.3865,-28.6359,43.6205,1.9535,3.6352,2.9086,-23.3830,4.3964,11.854,7.873,3.833,12.494,6.139,14.506,9.330,5.023,9.048,33.527277
19.900000,0.0000,0.0000,0.0000,0.0000,0.0000,0.0000,0.0000,0.0000,0.0000,102.8709,204.6598,94.3219,408.0239,380.1158,650.0000,257.9998,192.7859,131.7752,79.3873,45.0000,50.0000,55.0000,50.0000,45.0000,60.0000,55.0000,50.0000,21.9543,-18.8368,18.8289,0.0000,0.0000,0.0000,0.0000,0.0000,-10.5881,287.2580,251.3507,269.3043,323.1652,287.2580,305.2116,269.3043,251.3507,233.3971,34.8153,5.8563,37.7357,21.9329,18.9382,12.3883,7.2803,0.0000,0.0000,316.6409,202.6870,253.0942,303.4987,264.9800,307.6352,445.2283,537.7059,430.5962,0.229107,0.877862,0.497355,0.900000,0.900000,0.900000,0.900000,0.900000,0.877897,50.000000,49.994091,50.000000,50.074912,50.049142,50.176605,50.019066,49.997763,49.999502,47.6636,48.0015,-32.8674,42.3158,1.4974,3.2749,2.5540,-23.8598,7.4231,13.105,9.545,8.752,8.833,15.280,12.179,12.085,10.159,11.442,38.384152
20.000000,1.5537,1.3459,1.4149,0.5012,0.3668,0.4629,0.6297,0.5227,0.5483,103.4398,205.7916,94.8435,410.2803,382.2178,650.0000,259.4266,193.8520,132.5039,79.1242,45.0000,50.0000,55.0000,50.0000,45.0000,60.0000,55.0000,50.0000,20.3561,-20.2685,17.7611,0.0000,0.0000,0.0000,0.0000,0.0000,-11.7229,285.2638,249.6058,267.4348,320.9217,285.2638,303.0928,267.4348,249.6058,231.7768,33.8749,4.4826,36.1415,20.7138,17.9614,11.7188,6.8895,0.0000,0.0000,323.9536,204.4961,257.8738,308.9015,268.3495,312.1811,454.9035,549.7689,440.2899,0.223575,0.883190,0.492275,0.900000,0.900000,0.900000,0.900000,0.900000,0.880405,50.000000,49.994126,50.000000,50.087171,50.058508,50.197059,50.024366,49.997776,49.999505,47.6915,47.1703,-32.9652,41.5944,1.3762,3.1213,2.4147,-24.0552,7.9927,11.432,7.305,10.314,23.419,5.937,5.561,12.763,10.148,15.372,38.810103
20.100000,2.3488,2.0803,2.1747,0.7903,0.5988,0.7324,1.0043,0.7863,0.8896,85.7493,170.5968,78.6233,340.1135,316.8503,547.4085,215.0590,160.6991,109.8429,74.2632,45.0000,50.0000,55.0000,50.0000,45.0000,60.0000,55.0000,50.0000,23.6452,-10.8622,19.0281,0.0000,0.0000,0.0000,0.0000,0.0000,-4.8071,272.1391,238.1217,255.1304,306.1565,272.1391,289.1478,255.1304,238.1217,221.1130,32.4147,11.2999,37.1558,22.7950,19.2546,12.6915,7.4367,0.0000,0.0000,256.0357,171.4508,210.7051,246.3956,220.0435,253.6035,350.0580,418.7768,335.9211,0.217150,0.886045,0.486832,0.900000,0.900000,0.900000,0.900000,0.900000,0.881434,50.000000,49.994161,50.000000,50.074781,50.045967,50.178550,50.018394,49.997789,49.999508,38.0895,42.1985,-26.0199,41.6944,1.7702,3.2816,2.6274,-23.7816,4.5370,13.157,15.206,16.816,5.379,10.747,9.614,5.646,5.281,12.086,31.296651
20.200000,4.5667,4.0437,4.2491,1.5237,1.2182,1.4185,1.9703,1.6098,1.7386,79.3760,157.9172,72.7796,314.8346,293.3005,506.7224,199.0748,148.7552,101.6788,74.8096,45.0000,50.0000,55.0000,50.0000,45.0000,60.0000,55.0000,50.0000,20.9913,-10.4569,17.6053,0.0000,0.0000,0.0000,0.0000,0.0000,-11.5498,271.1652,237.2696,254.2174,305.0609,271.1652,288.1130,254.2174,237.2696,220.3217,35.3406,16.0546,38.9498,24.8124,20.6450,13.6751,7.9949,0.0000,0.0000,323.7350,216.0561,265.7679,308.4958,271.8655,315.0149,435.6735,518.0954,422.2746,0.211446,0.888793,0.481796,0.900000,0.900000,0.900000,0.900000,0.900000,0.883905,50.000000,49.994196,50.000000,50.065820,50.034195,50.157181,50.016528,49.997802,49.999511,35.9445,45.9813,-23.6513,40.8714,2.0837,3.4849,2.8401,-23.5026,7.9105,8.304,8.590,7.946,7.029,9.569,13.882,14.436,4.675,8.083,34.482745
20.300000,4.6729,3.7774,4.2353,1.5678,1.1043,1.3512,1.9243,1.5243,1.6806,83.5060,166.1337,76.5664,331.2157,308.5611,533.0875,209.4328,156.4950,106.9692,74.9972,45.0000,50.0000,55.0000,50.0000,45.0000,60.0000,55.0000,50.0000,18.0165,-14.9595,15.7082,0.0000,0.0000,0.0000,0.0000,0.0000,-13.3276,262.7710,229.9246,246.3478,295.6174,262.7710,279.1942,246.3478,229.9246,213.5014,32.8390,10.6837,34.9567,21.4563,18.1194,11.9435,6.9979,0.0000,0.0000,326.2871,210.6855,263.5063,309.4232,269.2263,313.2793,445.4553,533.0946,432.5453,0.206550,0.892726,0.477303,0.900000,0.900000,0.900000,0.900000,0.900000,0.886756,50.000000,49.994230,50.000000,50.066328,50.035104,50.157080,50.017465,49.997815,49.999514,38.2624,44.2279,-25.6684,39.6043,1.6685,3.0880,2.4728,-24.0010,8.8015,14.130,7.937,8.203,2.302,5.785,17.789,9.318,4.853,12.181,35.622540
20.400000,0.0000,0.0000,0.0000,0.0000,0.0000,0.0000,0.0000,0.0000,0.0000,71.5291,142.3059,65.5848,283.7108,264.3055,456.6290,179.3947,134.0496,91.6271,74.4154,45.0000,50.0000,55.0000,50.0000,45.0000,60.0000,55.0000,50.0000,23.8871,-5.7210,22.0627,0.0000,0.0000,0.0000,0.0000,0.0000,-9.5978,264.5797,231.5072,248.0435,297.6522,264.5797,281.1159,248.0435,231.5072,214.9710,37.2600,20.6847,44.3812,26.7728,20.0316,11.1378,0.0000,0.0000,0.0000,303.8249,211.8801,261.7424,311.5974,259.0260,297.9309,469.3396,483.3295,395.7668,0.200059,0.894229,0.470992,0.900000,0.900000,0.900000,0.900000,0.900000,0.888810,50.000000,49.994264,50.000000,50.047955,50.020565,50.129469,50.003772,49.997828,49.999517,33.5230,47.2200,-23.9637,44.8356,3.3706,4.4469,-24.4311,2.5000,6.9388,5.321,11.419,13.802,8.253,6.035,2.859,9.960,9.020,12.760,30.031176
20.500000,0.0000,0.0000,0.0000,0.0000,0.0000,0.0000,0.0000,0.0000,0.0000,78.8993,156.9688,72.3425,312.9437,291.5389,503.6790,197.8792,147.8618,101.0681,73.7896,45.0000,50.0000,55.0000,50.0000,45.0000,60.0000,55.0000,50.0000,19.8975,-12.9442,16.5628,0.0000,0.0000,0.0000,0.0000,0.0000,-9.0546,249.3217,218.1565,233.7391,280.4870,249.3217,264.9043,233.7391,218.1565,202.5739,31.4489,10.3146,34.5119,21.1346,17.8648,11.7721,6.8984,0.0000,0.0000,271.8704,179.8198,220.5839,261.3437,229.7472,266.0303,375.9694,450.8431,363.9172,0.194652,0.897632,0.466254,0.900000,0.900000,0.900000,0.900000,0.900000,0.890747,50.000000,49.994298,50.000000,50.052695,50.026915,50.137175,50.008702,49.997841,49.999520,37.1317,41.7374,-25.1010,39.9701,1.6349,3.0464,2.4368,-24.0508,6.6693,5.479,9.493,6.993,8.218,7.032,5.637,16.178,7.221,17.116,32.120631
20.600000,2.1228,1.7727,1.8666,0.7012,0.5310,0.6200,0.8960,0.7082,0.7461,75.8470,150.8963,69.5438,300.8371,280.2604,484.1936,190.2240,142.1416,97.1582,73.7688,45.0000,50.0000,55.0000,50.0000,45.0000,60.0000,55.0000,50.0000,17.8590,-9.0090,15.3865,0.0000,0.0000,0.0000,0.0000,0.0000,-12.7393,247.7913,216.8174,232.3043,278.7652,247.7913,263.2783,232.3043,216.8174,201.3304,32.2537,11.9686,34.5168,21.5011,18.0536,11.9246,6.9813,0.0000,0.0000,307.4010,201.6946,248.9363,293.1430,255.7435,297.1023,420.5451,502.7776,408.8601,0.189799,0.900000,0.461853,0.900000,0.900000,0.900000,0.900000,0.900000,0.893472,50.000000,49.994332,50.000000,50.053867,50.026808,50.135579,50.011341,49.997854,49.999523,35.8511,42.9546,-23.8619,39.2011,1.7237,3.0645,2.4717,-24.0094,8.5138,17.574,14.136,13.187,3.290,10.256,10.211,6.804,9.262,14.216,33.794485
20.700000,2.1353,1.7544,1.9336,0.7060,0.5052,0.6380,0.8997,0.7075,0.7813,72.4241,144.0865,66.4054,287.2608,267.6127,462.3427,181.6395,135.7269,92.7736,73.7962,45.0000,50.0000,55.0000,50.0000,45.0000,60.0000,55.0000,50.0000,19.7557,0.0000,17.3997,0.0000,0.0000,0.0000,0.0000,0.0000,-13.7887,246.2609,215.4783,230.8696,277.0435,246.2609,261.6522,230.8696,215.4783,200.0870,32.4557,12.3179,34.2862,21.4540,17.9833,11.8856,6.9568,0.0000,0.0000,323.4892,212.3194,261.5974,307.7117,268.4901,312.4958,440.8040,525.9562,430.3867,0.184430,0.900000,0.456876,0.900000,0.900000,0.900000,0.900000,0.900000,0.896423,50.000000,49.994365,50.000000,50.051597,50.022903,50.128026,50.011857,49.997866,49.999526,34.3448,44.5444,-22.1840,40.1159,1.7354,3.0488,2.4644,-24.0216,9.0406,7.316,7.510,10.726,8.462,9.885,11.485,11.306,12.477,9.247,34.458603
20.800000,2.1316,1.7738,1.9149,0.7014,0.5485,0.6376,0.8494,0.6961,0.7594,78.6616,156.4960,72.1246,312.0011,290.6608,502.1619,197.2831,147.4164,100.7637,74.5739,45.0000,50.0000,55.0000,50.0000,45.0000,60.0000,55.0000,50.0000,20.4564,0.0000,18.6593,0.0000,0.0000,0.0000,0.0000,0.0000,-13.9378,245.7507,215.0319,230.3913,276.4696,245.7507,261.1101,230.3913,215.0319,199.6725,30.0135,5.8794,30.6197,18.0407,15.4929,10.1561,5.9652,0.0000,0.0000,324.3807,205.8827,258.0031,306.9938,266.0435,310.7607,448.2629,538.0806,438.6162,0.178872,0.900000,0.451539,0.900000,0.900000,0.900000,0.900000,0.900000,0.899405,50.000000,49.994398,50.000000,50.055721,50.027355,50.136548,50.013919,49.997879,49.999528,37.0822,44.1391,-24.1998,40.6192,1.2739,2.6684,2.0955,-24.5174,9.1172,11.808,10.515,3.822,11.197,11.475,15.896,7.057,7.952,5.952,35.675069
20.900000,17.5273,14.4173,15.8256,6.0899,4.6166,5.1305,7.5459,5.9588,6.5581,80.3352,159.8256,73.6591,318.6392,296.8448,512.8458,201.4805,150.5528,102.9075,44.5739,45.0000,50.0000,55.0000,50.0000,45.0000,60.0000,55.0000,50.0000,16.6566,0.0000,5.8643,0.0000,0.0000,0.0000,0.0000,0.0000,-2.7825,234.9449,205.5768,220.2609,264.3130,234.9449,249.6290,220.2609,205.5768,190.8928,29.9262,23.7521,29.5387,23.6067,20.7750,17.3350,13.3281,12.3088,0.0000,347.4533,237.0161,295.3732,328.9319,275.4038,322.4770,396.2476,406.3643,465.7903,0.174345,0.900000,0.449862,0.900000,0.900000,0.900000,0.900000,0.900000,0.900000,50.000000,50.004243,50.000000,50.067696,50.041094,50.155994,50.051162,50.045700,49.999531,32.9385,21.2058,-30.8254,30.8981,1.4159,1.7200,2.0035,0.5096,-17.4544,16.173,8.082,7.012,13.483,11.279,6.829,5.027,3.642,10.574,43.329378
21.000000,2.2846,1.8975,2.0665,0.7518,0.5851,0.6879,0.9776,0.7686,0.8504,74.4652,148.1472,68.2769,295.3564,275.1546,475.3725,186.7585,139.5520,95.3882,72.3797,45.0000,50.0000,55.0000,50.0000,45.0000,60.0000,55.0000,50.0000,24.8800,0.0000,17.6458,0.0000,0.0000,0.0000,0.0000,0.0000,0.0000,228.4986,199.9362,214.2174,257.0609,228.4986,242.7797,214.2174,199.9362,185.6551,26.1018,2.4462,26.3420,14.9468,13.0364,8.5012,5.0041,0.0000,0.0000,328.3873,202.4453,256.9379,308.0430,263.6257,309.1551,456.6950,545.3844,460.5834,0.167585,0.900000,0.444814,0.900000,0.900000,0.900000,0.900000,0.900000,0.900000,50.000000,49.998683,50.000000,50.061301,50.033979,50.146643,50.028908,50.018462,49.999534,37.9576,36.6807,-23.2708,39.5205,0.9552,2.2676,1.7485,-24.9979,2.5000,10.288,6.923,15.262,11.041,9.220,11.064,8.240,2.507,3.509,34.842201
21.100000,4.4487,3.6668,4.0447,1.4818,1.1528,1.3551,1.8856,1.5422,1.6598,83.0129,165.1526,76.1142,329.2597,306.7389,529.9393,208.1960,155.5708,106.3375,46.5640,45.0000,50.0000,55.0000,50.0000,45.0000,60.0000,55.0000,50.0000,21.5656,0.0000,8.0626,0.0000,0.0000,0.0000,0.0000,0.0000,0.0000,233.0899,203.9536,218.5217,262.2261,233.0899,247.6580,218.5217,203.9536,189.3855,36.5233,29.9143,38.1237,30.2173,26.5798,22.0710,16.8971,15.3858,0.0000,340.9754,233.2980,292.1766,331.4985,277.7438,323.4366,395.8644,406.6733,468.6118,0.161724,0.900000,0.442508,0.900000,0.900000,0.900000,0.900000,0.900000,0.900000,50.000000,50.005638,50.000000,50.075868,50.049191,50.168036,50.058353,50.055176,49.999537,37.3693,27.3265,-33.1360,32.9845,1.8187,2.2544,2.5870,0.7557,-17.3071,13.018,7.346,12.730,2.137,17.359,10.330,9.874,6.491,10.999,44.454337
21.200000,3.7437,3.1363,3.3539,1.2354,0.9179,1.1827,1.5890,1.2519,1.3676,69.5423,138.3532,63.7631,275.8304,256.9641,443.9456,174.4118,130.3262,89.0820,70.1081,45.0000,50.0000,55.0000,50.0000,45.0000,60.0000,55.0000,50.0000,22.6089,0.0000,16.2170,0.0000,0.0000,0.0000,0.0000,0.0000,0.0000,216.3942,189.3449,202.8696,243.4435,216.3942,229.9188,202.8696,189.3449,175.8203,23.3256,1.4260,23.5239,13.1807,11.5551,7.5214,4.4304,0.0000,0.0000,327.0657,201.4294,257.7390,308.5769,262.4771,308.5812,458.6912,547.2332,464.6293,0.155581,0.900000,0.437869,0.900000,0.900000,0.900000,0.900000,0.900000,0.900000,50.000000,49.999273,50.000000,50.061955,50.034416,50.146122,50.030524,50.022323,49.999539,34.8082,33.0213,-21.6574,38.2801,0.8128,2.0168,1.5455,-25.2848,2.5000,3.761,14.753,7.037,9.173,9.095,15.051,5.162,11.068,9.613,34.298830
21.300000,2.5312,2.0068,2.3362,0.8483,0.6336,0.7390,1.0670,0.8468,0.9087,73.7806,146.7853,67.6492,292.6412,272.6251,471.0024,185.0416,138.2691,94.5112,44.7417,45.0000,50.0000,55.0000,50.0000,45.0000,60.0000,55.0000,50.0000,19.7400,0.0000,6.8811,0.0000,0.0000,0.0000,0.0000,0.0000,0.0000,209.4841,183.2986,196.3913,235.6696,209.4841,222.5768,196.3913,183.2986,170.2058,33.0778,26.6704,33.5896,26.7233,23.5100,19.5671,15.0112,13.7658,0.0000,335.6127,228.6142,285.9352,328.6985,274.1556,320.3175,396.7879,408.2216,475.2142,0.150216,0.900000,0.435901,0.900000,0.900000,0.900000,0.900000,0.900000,0.900000,50.000000,50.003444,50.000000,50.069648,50.043206,50.154411,50.055407,50.054878,49.999542,35.4446,23.7798,-31.9001,31.8737,1.6066,1.9714,2.2780,0.6227,-18.1171,12.134,10.614,5.465,12.093,12.006,7.176,13.137,12.413,9.354,45.275338
21.400000,0.0000,0.0000,0.0000,0.0000,0.0000,0.0000,0.0000,0.0000,0.0000,76.3114,151.8201,69.9696,302.6790,281.9763,487.1581,191.3886,143.0118,97.7530,46.1983,45.0000,50.0000,55.0000,50.0000,45.0000,60.0000,55.0000,50.0000,21.1972,0.0000,7.7637,0.0000,0.0000,0.0000,0.0000,0.0000,0.0000,215.2812,188.3710,201.8261,242.1913,215.2812,228.7362,201.8261,188.3710,174.9159,35.7842,29.1690,37.0417,29.3918,25.8543,21.4830,16.4570,15.0175,0.0000,335.7901,229.1762,287.0511,330.0413,275.8666,321.4944,395.8620,407.2355,472.8371,0.144456,0.900000,0.433680,0.900000,0.900000,0.900000,0.900000,0.900000,0.900000,50.000000,50.005578,50.000000,50.076039,50.049196,50.162672,50.067067,50.069426,49.999545,37.0053,26.5898,-32.8182,32.7068,1.7687,2.1856,2.5130,0.7197,-17.4912,9.099,9.168,10.051,3.992,10.453,8.615,12.606,10.964,11.783,45.141952
21.500000,2.9383,2.2992,2.6437,0.9569,0.6833,0.8956,1.1917,0.9382,1.0360,70.4207,140.1008,64.5685,279.3145,260.2099,449.5532,176.6149,131.9724,90.2073,44.9258,45.0000,50.0000,55.0000,50.0000,45.0000,60.0000,55.0000,50.0000,19.9221,0.0000,7.0073,0.0000,0.0000,0.0000,0.0000,0.0000,0.0000,208.0000,182.0000,195.0000,234.0000,208.0000,221.0000,195.0000,182.0000,169.0000,33.4257,27.0049,34.0642,27.0862,23.8289,19.8268,15.2063,13.9321,0.0000,336.3674,229.2299,286.7162,328.5736,274.5243,320.7337,395.4781,406.7415,472.2433,0.139043,0.900000,0.431676,0.900000,0.900000,0.900000,0.900000,0.900000,0.900000,50.000000,50.004765,50.000000,50.073317,50.045905,50.156339,50.070316,50.073960,49.999547,35.6343,24.1368,-32.0333,31.9927,1.6287,2.0011,2.3102,0.6371,-18.0339,10.964,15.247,19.068,15.152,11.044,15.010,11.449,8.567,10.331,44.753970
21.600000,0.0000,0.0000,0.0000,0.0000,0.0000,0.0000,0.0000,0.0000,0.0000,70.8627,140.9801,64.9737,281.0675,261.8430,452.3747,177.7234,132.8007,90.7734,44.9199,45.0000,50.0000,55.0000,50.0000,45.0000,60.0000,55.0000,50.0000,19.9154,0.0000,6.9762,0.0000,0.0000,0.0000,0.0000,0.0000,0.0000,202.4812,177.1710,189.8261,227.7913,202.4812,215.1362,189.8261,177.1710,164.5159,33.3903,26.9366,33.9334,26.9969,23.7500,19.7647,15.1614,13.9004,0.0000,333.3930,226.9434,283.9428,328.3338,273.7622,319.7761,396.4438,408.1200,476.2575,0.133631,0.900000,0.429680,0.900000,0.900000,0.900000,0.900000,0.900000,0.900000,50.000000,50.004748,50.000000,50.073644,50.046201,50.155429,50.072477,50.076134,49.999550,35.6445,24.1128,-31.9865,31.9563,1.6234,1.9926,2.3017,0.6305,-18.0498,11.142,7.804,12.926,6.366,17.170,14.942,10.582,11.803,11.409,45.505463
21.700000,0.0000,0.0000,0.0000,0.0000,0.0000,0.0000,0.0000,0.0000,0.0000,59.1710,117.7197,54.2537,234.6942,218.6415,377.7373,148.4008,110.8899,75.7967,70.0695,45.0000,50.0000,55.0000,50.0000,45.0000,60.0000,55.0000,50.0000,22.6069,0.0000,14.7861,0.0000,0.0000,0.0000,0.0000,0.0000,0.0000,205.4957,179.8087,192.6522,231.1826,205.4957,218.3391,192.6522,179.8087,166.9652,26.8232,8.5089,27.4368,16.8680,14.2348,9.3842,5.4974,0.0000,0.0000,326.8250,208.5090,258.7035,308.8948,264.2374,309.3865,451.8347,536.0812,458.8315,0.127488,0.900000,0.425451,0.900000,0.900000,0.900000,0.900000,0.900000,0.900000,50.000000,49.998828,50.000000,50.053564,50.024424,50.122104,50.034708,50.030415,49.999553,32.9598,34.7498,-19.3215,37.6774,1.3166,2.4253,1.9434,-24.7513,2.5000,14.587,10.358,14.047,11.999,12.638,8.363,15.521,9.384,4.472,33.214357
21.800000,0.0000,0.0000,0.0000,0.0000,0.0000,0.0000,0.0000,0.0000,0.0000,66.7379,132.7739,61.1918,264.7073,246.6017,426.0430,167.3785,125.0707,85.4897,45.3035,45.0000,50.0000,55.0000,50.0000,45.0000,60.0000,55.0000,50.0000,20.3042,0.0000,7.1797,0.0000,0.0000,0.0000,0.0000,0.0000,0.0000,200.5333,175.4667,188.0000,225.6000,200.5333,213.0667,188.0000,175.4667,162.9333,34.0925,27.5739,34.8099,27.6717,24.3428,20.2501,15.5285,14.2207,0.0000,334.0952,227.5804,284.8186,328.2656,274.3551,320.2615,394.7807,406.2751,472.5564,0.121970,0.900000,0.423397,0.900000,0.900000,0.900000,0.900000,0.900000,0.900000,50.000000,50.000421,50.000000,50.059742,50.032622,50.130548,50.053249,50.055837,49.999555,36.0631,24.8501,-32.2079,32.1589,1.6645,2.0464,2.3608,0.6539,-17.8896,8.488,11.172,13.446,11.282,4.245,7.032,13.063,14.694,10.257,44.886286
21.900000,0.2737,0.2362,0.2528,0.0956,0.0692,0.0838,0.1122,0.0929,0.1037,63.3912,126.1157,58.1232,251.4330,234.2354,404.6782,158.9849,118.7987,81.2026,44.7343,45.0000,50.0000,55.0000,50.0000,45.0000,60.0000,55.0000,50.0000,19.7337,0.0000,6.8262,0.0000,0.0000,0.0000,0.0000,0.0000,0.0000,194.4580,170.1507,182.3043,218.7652,194.4580,206.6116,182.3043,170.1507,157.9971,33.0254,26.5761,33.4202,26.6014,23.4024,19.4824,14.9497,13.7217,0.0000,333.2997,226.7926,283.6820,327.4421,273.4837,319.5777,394.7277,406.3101,473.3092,0.116608,0.900000,0.421445,0.900000,0.900000,0.900000,0.900000,0.900000,0.900000,50.000000,50.000146,50.000000,50.059984,50.033387,50.129344,50.060677,50.065930,49.999558,35.4586,23.7467,-31.8351,31.8225,1.5995,1.9600,2.2663,0.6140,-18.1392,12.276,5.928,8.089,2.969,13.615,8.935,11.219,5.605,5.256,44.905262
22.000000,8.2702,6.9167,7.6043,2.7748,2.0611,2.6058,3.3765,2.8669,3.0905,58.1946,115.7772,53.3584,230.8214,215.0336,371.5042,145.9519,109.0600,74.5459,41.8725,45.0000,50.0000,55.0000,50.0000,45.0000,60.0000,55.0000,50.0000,16.8692,0.0000,5.1365,0.0000,0.0000,0.0000,0.0000,0.0000,0.0000,188.9391,165.3217,177.1304,212.5565,188.9391,200.7478,177.1304,165.3217,153.5130,27.7301,21.7097,26.7089,21.4155,18.8478,15.7592,12.1390,11.2833,0.0000,336.0025,228.0325,284.3222,325.1013,270.9221,318.3775,395.6303,407.1234,474.1235,0.112024,0.900000,0.419975,0.900000,0.900000,0.900000,0.900000,0.900000,0.900000,50.000000,49.999208,50.000000,50.053579,50.027339,50.118838,50.061924,50.068512,49.999561,32.3811,18.2359,-30.0679,30.2150,1.2839,1.5443,1.8101,0.4278,-19.3583,7.335,10.385,9.011,8.588,6.255,15.804,5.174,13.328,17.956,44.541714
22.100000,0.0000,0.0000,0.0000,0.0000,0.0000,0.0000,0.0000,0.0000,0.0000,65.8905,131.0879,60.4147,261.3459,243.4703,420.6330,165.2531,123.4825,84.4041,44.3524,45.0000,50.0000,55.0000,50.0000,45.0000,60.0000,55.0000,50.0000,19.3462,0.0000,6.6057,0.0000,0.0000,0.0000,0.0000,0.0000,0.0000,194.2261,169.9478,182.0870,218.5043,194.2261,206.3652,182.0870,169.9478,157.8087,32.3165,25.9300,32.5287,25.9161,22.8017,18.9920,14.5798,13.3994,0.0000,314.2042,213.8594,267.4411,308.8365,257.7169,300.8872,372.2369,383.1726,446.4018,0.106767,0.900000,0.418086,0.900000,0.900000,0.900000,0.900000,0.900000,0.900000,50.000000,50.000768,50.000000,50.058670,50.033605,50.128507,50.064126,50.068830,49.999563,35.0426,23.0076,-31.6022,31.6091,1.5572,1.9048,2.2061,0.5902,-18.3003,4.674,15.182,7.440,10.376,11.512,11.167,6.787,10.058,9.556,43.103769
22.200000,2.4399,1.9632,2.1936,0.7674,0.5723,0.6798,0.9714,0.7643,0.8280,58.0007,115.3913,53.1806,230.0520,214.3168,370.2658,145.4654,108.6965,74.2975,67.0356,45.0000,50.0000,55.0000,50.0000,45.0000,60.0000,55.0000,50.0000,19.5360,0.0000,13.7822,0.0000,0.0000,0.0000,0.0000,0.0000,0.0000,190.8406,166.9855,178.9130,214.6957,190.8406,202.7681,178.9130,166.9855,155.0580,20.6942,2.3120,20.9122,11.9445,10.3863,6.7782,3.9878,0.0000,0.0000,312.7171,195.3743,248.6909,298.3879,252.2835,297.0457,443.7885,528.3773,452.7057,0.101458,0.900000,0.414144,0.900000,0.900000,0.900000,0.900000,0.900000,0.900000,50.000000,49.997106,50.000000,50.045322,50.019721,50.110060,50.030116,50.026285,49.999566,29.9769,28.6329,-18.6912,36.3749,0.7791,1.8041,1.3952,-25.5061,2.5000,8.865,5.945,8.293,17.833,12.588,7.818,6.928,8.490,3.665,32.594731
22.300000,0.0000,0.0000,0.0000,0.0000,0.0000,0.0000,0.0000,0.0000,0.0000,47.9829,95.4612,43.9954,190.3179,177.3005,306.3143,120.3410,89.9227,61.4650,72.2077,45.0000,50.0000,55.0000,50.0000,45.0000,60.0000,55.0000,50.0000,5.3658,0.0000,12.2379,0.0000,0.0000,0.0000,0.0000,0.0000,0.0000,185.7391,162.5217,174.1304,208.9565,185.7391,197.3478,174.1304,162.5217,150.9130,30.0908,11.0302,26.1010,16.6890,13.8677,9.1910,5.3723,0.0000,0.0000,330.0919,211.0304,260.4112,309.7821,263.8709,309.1936,450.6364,532.4010,460.5519,0.100000,0.900000,0.410643,0.900000,0.900000,0.900000,0.900000,0.900000,0.900000,50.000000,49.995529,50.000000,50.031545,50.004940,50.082480,50.010623,50.007761,49.999568,25.8171,28.8322,-16.1544,35.8250,1.4106,2.3384,1.9093,-24.8138,2.5000,3.672,10.841,11.840,13.520,17.165,10.132,10.210,9.736,10.610,32.469177
22.400000,0.0000,0.0000,0.0000,0.0000,0.0000,0.0000,0.0000,0.0000,0.0000,40.7017,80.9753,37.3192,161.4380,150.3959,259.8324,102.0797,76.2773,52.1379,76.0200,45.0000,50.0000,55.0000,50.0000,45.0000,60.0000,55.0000,50.0000,0.0000,0.0000,13.1059,0.0000,0.0000,0.0000,0.0000,0.0000,0.0000,190.7478,166.9043,178.8261,214.5913,190.7478,202.6696,178.8261,166.9043,154.9826,37.0133,19.3453,33.1971,20.8377,15.3420,8.5872,0.0000,0.0000,0.0000,337.0128,219.3459,271.1900,323.0325,265.3421,308.5872,483.2536,514.3729,447.1553,0.100000,0.900000,0.406894,0.900000,0.900000,0.900000,0.900000,0.900000,0.900000,50.000000,49.994860,50.000000,50.012882,49.988862,50.051019,49.998143,49.999708,49.999571,23.2251,31.5167,-14.8599,37.7326,2.7478,3.3774,-25.7064,2.5000,2.5000,11.138,0.699,12.245,14.495,9.241,4.866,10.840,15.099,11.064,29.562112
22.500000,3.5109,2.7201,3.0605,1.1725,0.8795,1.0590,1.4454,1.1583,1.2496,47.8124,95.1218,43.8390,189.6415,176.6703,305.2255,119.9132,89.6031,61.2465,70.5213,45.0000,50.0000,55.0000,50.0000,45.0000,60.0000,55.0000,50.0000,0.0000,0.0000,11.3144,0.0000,0.0000,0.0000,0.0000,0.0000,0.0000,177.9014,155.6638,166.7826,200.1391,177.9014,189.0203,166.7826,155.6638,144.5449,26.2721,6.4101,20.9541,12.8623,10.8606,7.1583,4.1938,0.0000,0.0000,303.9063,189.1593,238.8553,283.5922,240.1783,282.2463,416.0109,492.6537,424.8203,0.100000,0.900000,0.403658,0.900000,0.900000,0.900000,0.900000,0.900000,0.900000,50.000000,49.994587,50.000000,50.014051,49.992572,50.054692,49.995793,49.996220,49.999574,22.6916,23.3967,-15.4292,34.7031,1.0009,1.8512,1.4823,-25.4031,2.5000,8.069,9.792,10.737,5.364,15.474,10.561,11.580,13.711,8.076,30.653149
22.600000,0.2049,0.1735,0.1910,0.0665,0.0492,0.0587,0.0824,0.0658,0.0738,41.4716,82.5070,38.0251,164.4916,153.2406,264.7471,104.0106,77.7201,53.1241,71.9005,45.0000,50.0000,55.0000,50.0000,45.0000,60.0000,55.0000,50.0000,0.0000,0.0000,10.8141,0.0000,0.0000,0.0000,0.0000,0.0000,0.0000,174.3304,152.5391,163.4348,196.1217,174.3304,185.2261,163.4348,152.5391,141.6435,30.2733,12.2019,25.1180,16.4054,13.5186,8.9842,5.2447,0.0000,0.0000,330.4801,212.2022,261.3384,310.1532,263.5717,309.0461,449.9021,530.2468,461.5544,0.100000,0.900000,0.400565,0.900000,0.900000,0.900000,0.900000,0.900000,0.900000,50.000000,49.994487,50.000000,50.011239,49.988804,50.044883,49.993925,49.994721,49.999576,22.2587,26.0869,-14.1378,34.7633,1.4434,2.2672,1.8697,-24.8776,2.5000,8.763,7.764,7.119,6.192,10.457,11.680,10.737,7.616,12.304,32.094262
22.700000,0.0000,0.0000,0.0000,0.0000,0.0000,0.0000,0.0000,0.0000,0.0000,55.1424,109.7049,50.5599,218.7153,203.7555,352.0195,138.2971,103.3401,70.6362,48.1445,45.0000,50.0000,55.0000,50.0000,45.0000,60.0000,55.0000,50.0000,0.0000,0.0000,4.4241,0.0000,0.0000,0.0000,0.0000,0.0000,0.0000,175.6754,153.7159,164.6957,197.6348,175.6754,186.6551,164.6957,153.7159,142.7362,36.1918,26.0892,29.8507,24.5535,21.6532,18.3816,14.3424,13.8658,0.0000,327.3927,220.2274,272.5243,317.2421,264.3297,309.5900,384.9605,397.0740,463.2267,0.100000,0.900000,0.399299,0.900000,0.900000,0.900000,0.900000,0.900000,0.900000,50.000000,49.997187,50.000000,50.029704,50.008991,50.074821,50.029953,50.036762,49.999579,29.1236,17.1681,-29.0928,29.8606,1.4502,1.6358,2.0196,0.2383,-18.0671,15.339,9.746,12.457,9.037,12.990,16.807,18.084,6.993,12.111,44.600893
22.800000,0.0000,0.0000,0.0000,0.0000,0.0000,0.0000,0.0000,0.0000,0.0000,40.8549,81.2801,37.4597,162.0456,150.9620,260.8104,102.4640,76.5644,52.3342,72.4322,45.0000,50.0000,55.0000,50.0000,45.0000,60.0000,55.0000,50.0000,0.0000,0.0000,12.4675,0.0000,0.0000,0.0000,0.0000,0.0000,0.0000,176.5101,154.4464,165.4783,198.5739,176.5101,187.5420,165.4783,154.4464,143.4145,31.6120,13.8980,27.9288,17.0467,12.7000,7.0762,0.0000,0.0000,0.0000,296.1387,190.2503,238.6747,287.1176,233.1399,271.6040,437.8652,462.0855,399.7992,0.100000,0.900000,0.395733,0.900000,0.900000,0.900000,0.900000,0.900000,0.900000,50.000000,49.995642,50.000000,50.011889,49.993860,50.051551,50.006460,50.012184,49.999581,22.3882,27.0221,-15.5643,36.6748,2.1734,2.8119,-26.4619,2.5000,2.5000,15.221,10.819,8.406,7.119,8.727,10.439,12.548,11.014,8.908,27.442637
22.900000,1.9975,1.6715,1.7463,0.6595,0.5025,0.6063,0.8023,0.6799,0.7340,53.6572,106.7501,49.1981,212.8243,198.2675,342.5380,134.5721,100.5566,68.7336,71.0415,45.0000,50.0000,55.0000,50.0000,45.0000,60.0000,55.0000,50.0000,0.0000,0.0000,8.3853,0.0000,0.0000,0.0000,0.0000,0.0000,0.0000,176.0928,154.0812,165.0870,198.1043,176.0928,187.0986,165.0870,154.0812,143.0754,23.5429,0.0000,12.4246,8.0742,8.2038,7.3120,6.1792,7.1880,0.0000,321.5508,197.7911,232.4363,264.2410,255.3772,303.7883,366.8316,387.1649,469.2210,0.100000,0.900000,0.393334,0.900000,0.900000,0.900000,0.900000,0.900000,0.900000,50.000000,49.994986,50.000000,50.031746,50.000654,50.067925,50.035081,50.043236,49.999584,24.7922,22.2922,-12.9050,31.3679,-0.0648,0.4459,0.5664,-0.5044,-21.4060,18.188,8.060,8.070,15.651,14.837,9.341,8.485,13.478,10.473,38.023046
23.000000,0.0000,0.0000,0.0000,0.0000,0.0000,0.0000,0.0000,0.0000,0.0000,53.1072,105.6558,48.6938,210.6427,196.2351,339.0268,133.1927,99.5259,68.0291,71.4964,45.0000,50.0000,55.0000,50.0000,45.0000,60.0000,55.0000,50.0000,0.0000,0.0000,8.9093,0.0000,0.0000,0.0000,0.0000,0.0000,0.0000,172.9391,151.3217,162.1304,194.5565,172.9391,183.7478,162.1304,151.3217,140.5130,24.1064,0.2073,13.3042,8.5895,8.6763,7.6830,6.4601,7.4310,0.0000,285.7138,174.7818,203.9295,233.0454,226.9092,269.4388,323.4183,341.6427,413.3239,0.100000,0.900000,0.390786,0.900000,0.900000,0.900000,0.900000,0.900000,0.900000,50.000000,49.994719,50.000000,50.039075,50.003974,50.075935,50.043615,50.050981,49.999586,25.1978,22.8014,-13.5030,31.8120,-0.0434,0.4966,0.6114,-0.4854,-21.2845,14.833,16.347,7.859,10.317,15.293,15.235,14.551,7.250,5.281,34.333208
23.100000,0.6089,0.4912,0.5515,0.1972,0.1582,0.1813,0.2525,0.1991,0.2294,50.4134,100.2967,46.2239,199.9583,186.2815,321.8304,126.4367,94.4776,64.5784,71.2707,45.0000,50.0000,55.0000,50.0000,45.0000,60.0000,55.0000,50.0000,0.0000,0.0000,12.4230,0.0000,0.0000,0.0000,0.0000,0.0000,0.0000,173.9130,152.1739,163.0435,195.6522,173.9130,184.7826,163.0435,152.1739,141.3043,25.5055,3.1919,19.7701,11.5119,9.9304,6.4977,3.8182,0.0000,0.0000,315.4159,196.0617,247.6570,298.3548,251.1780,295.9767,444.0099,527.8887,455.6724,0.100000,0.900000,0.387232,0.900000,0.900000,0.900000,0.900000,0.900000,0.900000,50.000000,49.994621,50.000000,50.030739,50.002590,50.073101,50.017964,50.017991,49.999588,24.2922,23.3881,-17.0006,35.3406,0.7907,1.7164,1.3397,-25.5909,2.5000,10.882,10.239,2.771,14.635,7.321,9.609,8.879,5.819,9.948,32.670124
23.200000,0.1258,0.1069,0.1205,0.0433,0.0317,0.0397,0.0537,0.0429,0.0457,45.4669,90.4555,41.6884,180.3383,168.0035,290.2523,114.0307,85.2075,58.2420,70.2817,45.0000,50.0000,55.0000,50.0000,45.0000,60.0000,55.0000,50.0000,0.0000,0.0000,11.3553,0.0000,0.0000,0.0000,0.0000,0.0000,0.0000,166.8638,146.0058,156.4348,187.7217,166.8638,177.2928,156.4348,146.0058,135.5768,25.4322,5.2205,20.0027,12.0848,10.2699,6.7539,3.9605,0.0000,0.0000,288.1902,180.3116,225.8405,271.1844,229.1659,269.4278,400.7645,475.7384,410.4325,0.100000,0.900000,0.383984,0.900000,0.900000,0.900000,0.900000,0.900000,0.900000,50.000000,49.994596,50.000000,50.021779,49.998381,50.063733,50.003100,50.003635,49.999591,22.7467,22.8569,-15.5687,34.6366,0.9074,1.7580,1.3967,-25.5198,2.5000,5.296,8.646,15.498,12.023,9.377,7.263,12.090,16.435,8.087,30.025419
23.300000,0.0000,0.0000,0.0000,0.0000,0.0000,0.0000,0.0000,0.0000,0.0000,47.4725,94.4456,43.5273,188.2933,175.4144,303.0557,119.0608,88.9661,60.8111,72.0573,45.0000,50.0000,55.0000,50.0000,45.0000,60.0000,55.0000,50.0000,0.0000,0.0000,11.8004,0.0000,0.0000,0.0000,0.0000,0.0000,0.0000,175.8609,153.8783,164.8696,197.8435,175.8609,186.8522,164.8696,153.8783,142.8870,28.1650,7.2152,22.2969,13.7764,11.6046,7.6563,4.4843,0.0000,0.0000,259.1013,161.1742,199.7977,238.4189,204.0530,238.5934,348.3263,413.4690,352.8161,0.100000,0.900000,0.380609,0.900000,0.900000,0.900000,0.900000,0.900000,0.900000,50.000000,49.994604,50.000000,50.016819,49.996902,50.060706,49.995874,49.997402,49.999593,24.0035,25.1112,-15.9410,35.1604,1.0859,1.9742,1.5860,-25.2579,2.5000,15.435,17.675,8.253,11.731,11.416,7.115,6.158,4.887,11.528,27.710812
23.400000,5.9109,4.9153,5.5370,1.9792,1.5435,1.7429,2.3803,1.9045,2.1010,45.9629,91.4423,42.1432,182.3056,169.8362,293.4186,115.2747,86.1370,58.8773,67.7034,45.0000,50.0000,55.0000,50.0000,45.0000,60.0000,55.0000,50.0000,0.0000,0.0000,10.2410,0.0000,0.0000,0.0000,0.0000,0.0000,0.0000,169.2754,148.1159,158.6957,190.4348,169.2754,179.8551,158.6957,148.1159,137.5362,21.8937,3.3794,16.9291,9.9964,8.5723,5.6194,3.2992,0.0000,0.0000,298.2915,183.7036,236.4973,280.1936,235.5266,277.8534,414.1808,490.8184,424.2539,0.100000,0.900000,0.377680,0.900000,0.900000,0.900000,0.900000,0.900000,0.900000,50.000000,49.994625,50.000000,50.014470,49.995615,50.058117,49.993869,49.994710,49.999596,20.6089,19.7986,-14.3953,33.5868,0.7121,1.4764,1.1601,-25.8504,2.5000,7.808,4.821,10.124,8.358,13.974,10.991,9.384,9.367,15.427,30.267790
23.500000,1.5733,1.3853,1.4752,0.5502,0.4101,0.5114,0.6967,0.5441,0.6086,51.6589,102.7745,47.3658,204.8982,190.8836,329.7811,129.5603,96.8117,66.1738,70.6736,45.0000,50.0000,55.0000,50.0000,45.0000,60.0000,55.0000,50.0000,0.0000,0.0000,8.7987,0.0000,0.0000,0.0000,0.0000,0.0000,0.0000,172.8928,151.2812,162.0870,194.5043,172.8928,183.6986,162.0870,151.2812,140.4754,23.7047,1.0564,13.9285,9.2009,9.1704,8.0568,6.7030,7.5170,0.0000,235.5717,141.2580,165.5737,187.4750,184.8612,218.8960,258.3083,273.0721,326.7895,0.100000,0.900000,0.375163,0.900000,0.900000,0.900000,0.900000,0.900000,0.900000,50.000000,49.994652,50.000000,50.024762,50.000537,50.068478,50.017737,50.020965,49.999598,24.1610,22.1892,-13.3354,31.7631,0.0153,0.5568,0.6769,-0.4070,-21.2415,15.038,9.001,6.552,10.353,10.227,6.779,14.443,8.622,15.902,28.369049
23.600000,0.0000,0.0000,0.0000,0.0000,0.0000,0.0000,0.0000,0.0000,0.0000,49.0148,97.5140,44.9415,194.4107,181.1133,312.9015,122.9289,91.8565,62.7868,70.8193,45.0000,50.0000,55.0000,50.0000,45.0000,60.0000,55.0000,50.0000,0.0000,0.0000,11.9707,0.0000,0.0000,0.0000,0.0000,0.0000,0.0000,169.2754,148.1159,158.6957,190.4348,169.2754,179.8551,158.6957,148.1159,137.5362,24.7186,2.7979,18.8256,10.9124,9.4336,6.1698,3.6271,0.0000,0.0000,236.8435,144.2179,181.4712,218.7222,186.2043,218.2933,324.7079,387.6288,328.7853,0.100000,0.900000,0.371739,0.900000,0.900000,0.900000,0.900000,0.900000,0.900000,50.000000,49.994682,50.000000,50.019205,50.000507,50.067702,50.002102,50.004868,49.999600,23.8700,22.7690,-16.4992,34.9420,0.7394,1.6319,1.2714,-25.6864,2.5000,4.789,17.181,8.767,12.104,6.209,4.833,6.883,6.763,7.514,26.762663
23.700000,0.4715,0.3824,0.4178,0.1563,0.1145,0.1391,0.1873,0.1525,0.1681,47.1342,93.7726,43.2172,186.9515,174.1644,300.8962,118.2124,88.3321,60.3778,69.2536,45.0000,50.0000,55.0000,50.0000,45.0000,60.0000,55.0000,50.0000,0.0000,0.0000,11.4188,0.0000,0.0000,0.0000,0.0000,0.0000,0.0000,169.0435,147.9130,158.4783,190.1739,169.0435,179.6087,158.4783,147.9130,137.3478,23.9427,4.3778,19.3921,11.5667,9.8822,6.4887,3.8082,0.0000,0.0000,208.5547,129.6917,162.2277,194.0836,166.6382,194.5893,285.2100,340.1781,286.4766,0.100000,0.900000,0.368472,0.900000,0.900000,0.900000,0.900000,0.900000,0.900000,50.000000,49.994712,50.000000,50.013657,49.998628,50.063697,49.993863,49.997877,49.999603,21.9092,21.5981,-15.7166,34.6221,0.8422,1.6967,1.3403,-25.5959,2.5000,8.609,7.698,11.884,12.112,17.095,11.159,10.105,14.412,8.665,24.599048
23.800000,0.0000,0.0000,0.0000,0.0000,0.0000,0.0000,0.0000,0.0000,0.0000,42.4082,84.3703,38.8839,168.2064,156.7014,270.7261,106.3595,79.4753,54.3238,68.5992,45.0000,50.0000,55.0000,50.0000,45.0000,60.0000,55.0000,50.0000,0.0000,0.0000,10.5547,0.0000,0.0000,0.0000,0.0000,0.0000,0.0000,168.8580,147.7507,158.3043,189.9652,168.8580,179.4116,158.3043,147.7507,137.1971,25.6946,9.1898,22.2383,14.1770,11.7963,7.8159,4.5697,0.0000,0.0000,205.6780,133.4877,163.2222,192.9549,167.1696,194.2631,277.3285,328.5417,277.8696,0.100000,0.900000,0.365453,0.900000,0.900000,0.900000,0.900000,0.900000,0.900000,50.000000,49.994743,50.000000,50.006942,49.993259,50.052498,49.988849,49.994854,49.999605,20.0520,22.1469,-14.3016,34.3080,1.1903,1.9902,1.6231,-25.2151,2.5000,13.804,9.913,7.415,7.529,6.321,8.521,15.870,4.940,12.866,23.719214
23.900000,2.0389,1.7262,1.9121,0.6780,0.5277,0.6361,0.8320,0.6898,0.7359,40.7017,80.9753,37.3192,161.4380,150.3959,259.8324,102.0797,76.2773,52.1379,66.0794,45.0000,50.0000,55.0000,50.0000,45.0000,60.0000,55.0000,50.0000,0.0000,0.0000,9.6812,0.0000,0.0000,0.0000,0.0000,0.0000,0.0000,167.8377,146.8580,157.3478,188.8174,167.8377,178.3275,157.3478,146.8580,136.3681,23.1621,9.4397,21.2458,13.6889,11.3435,7.5266,4.3980,0.0000,0.0000,161.7503,107.5762,131.7981,152.8711,134.5426,155.3338,215.5457,254.9828,211.8454,0.100000,0.900000,0.362684,0.900000,0.900000,0.900000,0.900000,0.900000,0.900000,50.000000,49.994774,50.000000,50.000001,49.989243,50.043848,49.984741,49.993562,49.999607,17.2627,19.6207,-13.1055,33.6191,1.1727,1.9084,1.5643,-25.3010,2.5000,13.743,5.093,12.966,5.806,13.072,5.575,10.087,6.691,12.395,20.655023
